nohup: ignoring input
  super().__init__(loader)
Beginning new training run.
Loading dataset from training_data/waveform_dataset.hdf5.
Omitting data keys ['polarizations'].

Building SVD for initialization of embedding network.
Setting train transforms.
Omitting 
	AddWhiteNoiseComplex
	RepackageStrainsAndASDS
	SelectStandardizeRepackageParameters
	UnpackDict
	CropMaskStrainRandom
Loading dataset from training_data/asd_dataset/asds_O1.hdf5.
Calculating new parameter standardizations.
Generating waveforms for embedding network SVD initialization.
...done. This took 3 s.
Generating SVD basis for ifo:
...H1 done.
...L1 done.
...this took 55 s.
Testing SVD basis matrices.
...H1:
n = 50
  Mean mismatch = 0.04019619739895873
  Standard deviation = 0.05940351798104826
  Max mismatch = 0.43304445345780707
  Median mismatch = 0.016795062106889858
  Percentiles:
    99    -> 0.2925711112061218
    99.9  -> 0.41899711923263994
    99.99 -> 0.43163972003528794
Saving dataset to training/svd_H1.hdf5
...L1:
n = 50
  Mean mismatch = 0.04752036584728973
  Standard deviation = 0.0714395469686877
  Max mismatch = 0.5133157855382113
  Median mismatch = 0.016978166021826835
  Percentiles:
    99    -> 0.3215471676263833
    99.9  -> 0.49413892374703045
    99.99 -> 0.51139809935909
Saving dataset to training/svd_L1.hdf5
Done
Truncating SVD matrices below index 80.
...V matrix shapes:
      (4017, 50)
      (4017, 50)


Setting train transforms.
Loading dataset from training_data/asd_dataset/asds_O1.hdf5.
Calculating new parameter standardizations.

Initializing new posterior model.
Complete settings:
dataset_settings:
  domain:
    type: UniformFrequencyDomain
    f_min: 20.0
    f_max: 1024.0
    delta_f: 0.25
  waveform_generator:
    approximant: IMRPhenomD
    f_ref: 20.0
    fdsm_function: two_images_BBH
    spin_conversion_phase: 0.0
    dev_mode: false
    dev_plot_dir: /home/kailibryan.doney/dingo_lensing_tutorial/materials/ex2_dingo_lensing/dev_plots
  intrinsic_prior:
    mass_1: bilby.core.prior.Constraint(minimum=10.0, maximum=80.0, name='mass_1')
    mass_2: bilby.core.prior.Constraint(minimum=10.0, maximum=80.0, name='mass_2')
    chirp_mass: bilby.gw.prior.UniformInComponentsChirpMass(minimum=15.0, maximum=100.0,
      name='chirp_mass')
    mass_ratio: bilby.gw.prior.UniformInComponentsMassRatio(minimum=0.125, maximum=1.0,
      name='mass_ratio')
    phase: default
    chi_1: bilby.gw.prior.AlignedSpin(name='chi_1', a_prior=Uniform(minimum=0, maximum=0.9))
    chi_2: bilby.gw.prior.AlignedSpin(name='chi_2', a_prior=Uniform(minimum=0, maximum=0.9))
    theta_jn: default
    luminosity_distance: 100.0
    geocent_time: 0.0
    lensing_delta_t: bilby.gw.prior.Uniform(minimum=0.0, maximum=0.1)
    mu_rel: bilby.gw.prior.Uniform(minimum=0.0, maximum=1.0)
  dev_mode: false
  num_samples: 10000
train_settings:
  data:
    waveform_dataset_path: training_data/waveform_dataset.hdf5
    train_fraction: 0.95
    detectors:
    - H1
    - L1
    extrinsic_prior:
      dec: default
      ra: default
      geocent_time: bilby.core.prior.Uniform(minimum=-0.10, maximum=0.10, name='geocent_time')
      psi: default
      luminosity_distance: bilby.core.prior.Uniform(minimum=100.0, maximum=1000.0,
        name='luminosity_distance')
    ref_time: 1126259462.391
    inference_parameters:
    - chirp_mass
    - mass_ratio
    - chi_1
    - chi_2
    - theta_jn
    - dec
    - ra
    - geocent_time
    - luminosity_distance
    - psi
    - phase
    - lensing_delta_t
    - mu_rel
    context_parameters: []
    standardization:
      mean:
        chirp_mass: 37.0994758605957
        mass_ratio: 0.5988144278526306
        chi_1: -0.00537874223664403
        chi_2: -0.001145283575169742
        theta_jn: 1.5707839727401733
        dec: 0.0
        ra: 3.141592653589793
        geocent_time: 0.0
        luminosity_distance: 550.0
        psi: 1.5707963267948966
        phase: 3.1563262939453125
        lensing_delta_t: 0.04953513666987419
        mu_rel: 0.4996676743030548
      std:
        chirp_mass: 12.831480026245117
        mass_ratio: 0.23760560154914856
        chi_1: 0.3001194894313812
        chi_2: 0.29855865240097046
        theta_jn: 0.6780277490615845
        dec: 0.683667390089903
        ra: 1.8137993642342178
        geocent_time: 0.05773502691896258
        luminosity_distance: 259.8076211353316
        psi: 0.9068996821171089
        phase: 1.8221349716186523
        lensing_delta_t: 0.02869364619255066
        mu_rel: 0.28736937046051025
  model:
    posterior_model_type: normalizing_flow
    posterior_kwargs:
      num_flow_steps: 5
      base_transform_kwargs:
        hidden_dim: 64
        num_transform_blocks: 5
        activation: elu
        dropout_probability: 0.0
        batch_norm: true
        num_bins: 8
        base_transform_type: rq-coupling
      input_dim: 13
      context_dim: 128
    embedding_kwargs:
      output_dim: 128
      hidden_dims:
      - 1024
      - 512
      - 256
      - 128
      activation: elu
      dropout: 0.0
      batch_norm: true
      svd:
        num_training_samples: 1000
        num_validation_samples: 100
        size: 50
      input_dims:
      - 2
      - 3
      - 4017
      added_context: false
  training:
    stage_0:
      epochs: 20
      asd_dataset_path: training_data/asd_dataset/asds_O1.hdf5
      freeze_rb_layer: true
      optimizer:
        type: adam
        lr: 0.0001
      scheduler:
        type: cosine
        T_max: 20
      batch_size: 64

Putting posterior model to device cpu.

Beginning training stage 0. Settings:
epochs: 20
asd_dataset_path: training_data/asd_dataset/asds_O1.hdf5
freeze_rb_layer: true
optimizer:
  type: adam
  lr: 0.0001
scheduler:
  type: cosine
  T_max: 20
batch_size: 64

Setting train transforms.
Loading dataset from training_data/asd_dataset/asds_O1.hdf5.
Using previously-calculated parameter standardizations.
Initializing new optimizer and scheduler.
Fixed parameters: 2410400
Learnable parameters: 4222715


Start training epoch 1 with lr [0.0001]
Train Epoch: 1 [0/9500 (0%)]		Loss: 18.650 (18.650)		Time Dataloader: 2.016 (2.016)		Time Network: 26.815 (26.815)
Train Epoch: 1 [64/9500 (1%)]		Loss: 19.358 (19.004)		Time Dataloader: 0.002 (1.009)		Time Network: 25.467 (26.141)
Train Epoch: 1 [128/9500 (1%)]		Loss: 19.222 (19.077)		Time Dataloader: 0.005 (0.674)		Time Network: 31.144 (27.808)
Train Epoch: 1 [192/9500 (2%)]		Loss: 18.726 (18.989)		Time Dataloader: 0.001 (0.506)		Time Network: 25.682 (27.277)
Train Epoch: 1 [256/9500 (3%)]		Loss: 19.220 (19.035)		Time Dataloader: 0.003 (0.405)		Time Network: 26.222 (27.066)
Train Epoch: 1 [320/9500 (3%)]		Loss: 18.988 (19.027)		Time Dataloader: 0.001 (0.338)		Time Network: 25.180 (26.751)
Train Epoch: 1 [384/9500 (4%)]		Loss: 18.964 (19.018)		Time Dataloader: 0.015 (0.292)		Time Network: 24.878 (26.484)
Train Epoch: 1 [448/9500 (5%)]		Loss: 19.295 (19.053)		Time Dataloader: 0.002 (0.256)		Time Network: 25.139 (26.316)
Train Epoch: 1 [512/9500 (5%)]		Loss: 18.992 (19.046)		Time Dataloader: 0.001 (0.227)		Time Network: 24.832 (26.151)
Train Epoch: 1 [576/9500 (6%)]		Loss: 19.287 (19.070)		Time Dataloader: 0.002 (0.205)		Time Network: 26.134 (26.149)
Train Epoch: 1 [640/9500 (7%)]		Loss: 19.036 (19.067)		Time Dataloader: 0.001 (0.186)		Time Network: 26.353 (26.168)
Train Epoch: 1 [704/9500 (7%)]		Loss: 19.075 (19.068)		Time Dataloader: 0.001 (0.171)		Time Network: 23.920 (25.980)
Train Epoch: 1 [768/9500 (8%)]		Loss: 18.999 (19.062)		Time Dataloader: 0.002 (0.158)		Time Network: 25.032 (25.907)
Train Epoch: 1 [832/9500 (9%)]		Loss: 18.541 (19.025)		Time Dataloader: 0.002 (0.147)		Time Network: 25.518 (25.879)
Train Epoch: 1 [896/9500 (9%)]		Loss: 19.439 (19.053)		Time Dataloader: 0.002 (0.137)		Time Network: 27.674 (25.999)
Train Epoch: 1 [960/9500 (10%)]		Loss: 19.351 (19.071)		Time Dataloader: 0.008 (0.129)		Time Network: 27.364 (26.084)
Train Epoch: 1 [1024/9500 (11%)]		Loss: 19.172 (19.077)		Time Dataloader: 0.002 (0.122)		Time Network: 25.002 (26.021)
Train Epoch: 1 [1088/9500 (11%)]		Loss: 18.764 (19.060)		Time Dataloader: 0.002 (0.115)		Time Network: 25.562 (25.995)
Train Epoch: 1 [1152/9500 (12%)]		Loss: 18.902 (19.052)		Time Dataloader: 0.002 (0.109)		Time Network: 23.718 (25.875)
Train Epoch: 1 [1216/9500 (13%)]		Loss: 19.107 (19.054)		Time Dataloader: 0.003 (0.104)		Time Network: 27.474 (25.955)
Train Epoch: 1 [1280/9500 (13%)]		Loss: 18.843 (19.044)		Time Dataloader: 0.002 (0.099)		Time Network: 25.969 (25.956)
Train Epoch: 1 [1344/9500 (14%)]		Loss: 18.891 (19.037)		Time Dataloader: 0.010 (0.095)		Time Network: 25.982 (25.957)
Train Epoch: 1 [1408/9500 (15%)]		Loss: 19.439 (19.055)		Time Dataloader: 0.009 (0.091)		Time Network: 23.292 (25.841)
Train Epoch: 1 [1472/9500 (15%)]		Loss: 18.916 (19.049)		Time Dataloader: 0.005 (0.088)		Time Network: 25.153 (25.813)
Train Epoch: 1 [1536/9500 (16%)]		Loss: 18.935 (19.044)		Time Dataloader: 0.003 (0.084)		Time Network: 24.175 (25.747)
Train Epoch: 1 [1600/9500 (17%)]		Loss: 18.914 (19.039)		Time Dataloader: 0.002 (0.081)		Time Network: 25.488 (25.737)
Train Epoch: 1 [1664/9500 (18%)]		Loss: 18.631 (19.024)		Time Dataloader: 0.008 (0.078)		Time Network: 23.475 (25.653)
Train Epoch: 1 [1728/9500 (18%)]		Loss: 19.170 (19.030)		Time Dataloader: 0.010 (0.076)		Time Network: 24.034 (25.596)
Train Epoch: 1 [1792/9500 (19%)]		Loss: 19.464 (19.045)		Time Dataloader: 0.009 (0.074)		Time Network: 23.946 (25.539)
Train Epoch: 1 [1856/9500 (20%)]		Loss: 18.919 (19.040)		Time Dataloader: 0.003 (0.071)		Time Network: 24.390 (25.500)
Train Epoch: 1 [1920/9500 (20%)]		Loss: 19.576 (19.058)		Time Dataloader: 0.003 (0.069)		Time Network: 24.645 (25.473)
Train Epoch: 1 [1984/9500 (21%)]		Loss: 18.558 (19.042)		Time Dataloader: 0.004 (0.067)		Time Network: 24.995 (25.458)
Train Epoch: 1 [2048/9500 (22%)]		Loss: 18.921 (19.038)		Time Dataloader: 0.002 (0.065)		Time Network: 25.916 (25.472)
Train Epoch: 1 [2112/9500 (22%)]		Loss: 19.007 (19.037)		Time Dataloader: 0.003 (0.063)		Time Network: 25.244 (25.465)
Train Epoch: 1 [2176/9500 (23%)]		Loss: 18.832 (19.032)		Time Dataloader: 0.002 (0.061)		Time Network: 25.273 (25.460)
Train Epoch: 1 [2240/9500 (24%)]		Loss: 18.774 (19.024)		Time Dataloader: 0.003 (0.060)		Time Network: 25.453 (25.459)
Train Epoch: 1 [2304/9500 (24%)]		Loss: 19.081 (19.026)		Time Dataloader: 0.002 (0.058)		Time Network: 26.738 (25.494)
Train Epoch: 1 [2368/9500 (25%)]		Loss: 19.088 (19.028)		Time Dataloader: 0.011 (0.057)		Time Network: 30.660 (25.630)
Train Epoch: 1 [2432/9500 (26%)]		Loss: 19.098 (19.029)		Time Dataloader: 0.003 (0.056)		Time Network: 27.153 (25.669)
Train Epoch: 1 [2496/9500 (26%)]		Loss: 18.914 (19.026)		Time Dataloader: 0.003 (0.054)		Time Network: 25.910 (25.675)
Train Epoch: 1 [2560/9500 (27%)]		Loss: 18.915 (19.024)		Time Dataloader: 0.003 (0.053)		Time Network: 25.173 (25.663)
Train Epoch: 1 [2624/9500 (28%)]		Loss: 18.502 (19.011)		Time Dataloader: 0.003 (0.052)		Time Network: 26.124 (25.674)
Train Epoch: 1 [2688/9500 (28%)]		Loss: 19.077 (19.013)		Time Dataloader: 0.003 (0.051)		Time Network: 26.889 (25.702)
Train Epoch: 1 [2752/9500 (29%)]		Loss: 19.100 (19.015)		Time Dataloader: 0.003 (0.050)		Time Network: 24.145 (25.667)
Train Epoch: 1 [2816/9500 (30%)]		Loss: 18.357 (19.000)		Time Dataloader: 0.003 (0.049)		Time Network: 25.401 (25.661)
Train Epoch: 1 [2880/9500 (30%)]		Loss: 18.836 (18.997)		Time Dataloader: 0.003 (0.048)		Time Network: 24.753 (25.641)
Train Epoch: 1 [2944/9500 (31%)]		Loss: 19.041 (18.998)		Time Dataloader: 0.003 (0.047)		Time Network: 25.022 (25.628)
Train Epoch: 1 [3008/9500 (32%)]		Loss: 18.851 (18.995)		Time Dataloader: 0.003 (0.046)		Time Network: 25.254 (25.620)
Train Epoch: 1 [3072/9500 (32%)]		Loss: 19.098 (18.997)		Time Dataloader: 0.002 (0.045)		Time Network: 24.249 (25.592)
Train Epoch: 1 [3136/9500 (33%)]		Loss: 18.643 (18.990)		Time Dataloader: 0.003 (0.044)		Time Network: 26.184 (25.604)
Train Epoch: 1 [3200/9500 (34%)]		Loss: 18.461 (18.979)		Time Dataloader: 0.003 (0.043)		Time Network: 25.313 (25.598)
Train Epoch: 1 [3264/9500 (34%)]		Loss: 19.066 (18.981)		Time Dataloader: 0.003 (0.042)		Time Network: 24.346 (25.574)
Train Epoch: 1 [3328/9500 (35%)]		Loss: 19.002 (18.981)		Time Dataloader: 0.002 (0.042)		Time Network: 24.419 (25.552)
Train Epoch: 1 [3392/9500 (36%)]		Loss: 18.846 (18.979)		Time Dataloader: 0.003 (0.041)		Time Network: 24.141 (25.526)
Train Epoch: 1 [3456/9500 (36%)]		Loss: 18.319 (18.967)		Time Dataloader: 0.003 (0.040)		Time Network: 24.372 (25.505)
Train Epoch: 1 [3520/9500 (37%)]		Loss: 18.514 (18.959)		Time Dataloader: 0.003 (0.040)		Time Network: 24.977 (25.496)
Train Epoch: 1 [3584/9500 (38%)]		Loss: 18.989 (18.959)		Time Dataloader: 0.003 (0.039)		Time Network: 26.230 (25.509)
Train Epoch: 1 [3648/9500 (38%)]		Loss: 18.453 (18.951)		Time Dataloader: 0.003 (0.038)		Time Network: 24.548 (25.492)
Train Epoch: 1 [3712/9500 (39%)]		Loss: 18.951 (18.951)		Time Dataloader: 0.009 (0.038)		Time Network: 25.054 (25.485)
Train Epoch: 1 [3776/9500 (40%)]		Loss: 18.831 (18.949)		Time Dataloader: 0.003 (0.037)		Time Network: 25.159 (25.479)
Train Epoch: 1 [3840/9500 (40%)]		Loss: 18.999 (18.949)		Time Dataloader: 0.003 (0.037)		Time Network: 25.959 (25.487)
Train Epoch: 1 [3904/9500 (41%)]		Loss: 18.532 (18.943)		Time Dataloader: 0.004 (0.036)		Time Network: 27.925 (25.526)
Train Epoch: 1 [3968/9500 (42%)]		Loss: 18.528 (18.936)		Time Dataloader: 0.019 (0.036)		Time Network: 26.465 (25.541)
Train Epoch: 1 [4032/9500 (42%)]		Loss: 18.568 (18.930)		Time Dataloader: 0.002 (0.035)		Time Network: 27.977 (25.579)
Train Epoch: 1 [4096/9500 (43%)]		Loss: 18.772 (18.928)		Time Dataloader: 0.003 (0.035)		Time Network: 26.420 (25.592)
Train Epoch: 1 [4160/9500 (44%)]		Loss: 18.961 (18.928)		Time Dataloader: 0.003 (0.034)		Time Network: 26.805 (25.611)
Train Epoch: 1 [4224/9500 (44%)]		Loss: 18.340 (18.920)		Time Dataloader: 0.002 (0.034)		Time Network: 24.635 (25.596)
Train Epoch: 1 [4288/9500 (45%)]		Loss: 18.528 (18.914)		Time Dataloader: 0.002 (0.033)		Time Network: 27.652 (25.626)
Train Epoch: 1 [4352/9500 (46%)]		Loss: 18.887 (18.913)		Time Dataloader: 0.002 (0.033)		Time Network: 25.760 (25.628)
Train Epoch: 1 [4416/9500 (46%)]		Loss: 18.430 (18.907)		Time Dataloader: 0.002 (0.033)		Time Network: 24.951 (25.619)
Train Epoch: 1 [4480/9500 (47%)]		Loss: 18.808 (18.905)		Time Dataloader: 0.009 (0.032)		Time Network: 26.324 (25.628)
Train Epoch: 1 [4544/9500 (48%)]		Loss: 18.631 (18.901)		Time Dataloader: 0.003 (0.032)		Time Network: 27.066 (25.648)
Train Epoch: 1 [4608/9500 (49%)]		Loss: 18.676 (18.898)		Time Dataloader: 0.002 (0.031)		Time Network: 28.211 (25.684)
Train Epoch: 1 [4672/9500 (49%)]		Loss: 18.443 (18.892)		Time Dataloader: 0.011 (0.031)		Time Network: 25.781 (25.685)
Train Epoch: 1 [4736/9500 (50%)]		Loss: 18.643 (18.889)		Time Dataloader: 0.023 (0.031)		Time Network: 26.277 (25.693)
Train Epoch: 1 [4800/9500 (51%)]		Loss: 18.748 (18.887)		Time Dataloader: 0.002 (0.031)		Time Network: 24.597 (25.678)
Train Epoch: 1 [4864/9500 (51%)]		Loss: 18.770 (18.885)		Time Dataloader: 0.002 (0.030)		Time Network: 24.887 (25.668)
Train Epoch: 1 [4928/9500 (52%)]		Loss: 18.362 (18.879)		Time Dataloader: 0.010 (0.030)		Time Network: 23.965 (25.646)
Train Epoch: 1 [4992/9500 (53%)]		Loss: 18.407 (18.873)		Time Dataloader: 0.008 (0.030)		Time Network: 24.052 (25.626)
Train Epoch: 1 [5056/9500 (53%)]		Loss: 18.662 (18.870)		Time Dataloader: 0.003 (0.029)		Time Network: 24.620 (25.613)
Train Epoch: 1 [5120/9500 (54%)]		Loss: 18.863 (18.870)		Time Dataloader: 0.011 (0.029)		Time Network: 25.327 (25.610)
Train Epoch: 1 [5184/9500 (55%)]		Loss: 18.551 (18.866)		Time Dataloader: 0.003 (0.029)		Time Network: 25.480 (25.608)
Train Epoch: 1 [5248/9500 (55%)]		Loss: 18.165 (18.858)		Time Dataloader: 0.003 (0.029)		Time Network: 24.461 (25.595)
Train Epoch: 1 [5312/9500 (56%)]		Loss: 18.203 (18.850)		Time Dataloader: 0.003 (0.028)		Time Network: 24.404 (25.580)
Train Epoch: 1 [5376/9500 (57%)]		Loss: 18.246 (18.843)		Time Dataloader: 0.009 (0.028)		Time Network: 25.660 (25.581)
Train Epoch: 1 [5440/9500 (57%)]		Loss: 18.564 (18.840)		Time Dataloader: 0.009 (0.028)		Time Network: 24.928 (25.574)
Train Epoch: 1 [5504/9500 (58%)]		Loss: 18.607 (18.837)		Time Dataloader: 0.004 (0.028)		Time Network: 24.328 (25.559)
Train Epoch: 1 [5568/9500 (59%)]		Loss: 18.648 (18.835)		Time Dataloader: 0.003 (0.027)		Time Network: 25.248 (25.556)
Train Epoch: 1 [5632/9500 (59%)]		Loss: 18.699 (18.833)		Time Dataloader: 0.003 (0.027)		Time Network: 23.970 (25.538)
Train Epoch: 1 [5696/9500 (60%)]		Loss: 18.833 (18.833)		Time Dataloader: 0.003 (0.027)		Time Network: 25.017 (25.532)
Train Epoch: 1 [5760/9500 (61%)]		Loss: 18.634 (18.831)		Time Dataloader: 0.002 (0.026)		Time Network: 24.016 (25.516)
Train Epoch: 1 [5824/9500 (61%)]		Loss: 18.230 (18.824)		Time Dataloader: 0.002 (0.026)		Time Network: 24.061 (25.500)
Train Epoch: 1 [5888/9500 (62%)]		Loss: 19.293 (18.829)		Time Dataloader: 0.010 (0.026)		Time Network: 25.163 (25.496)
Train Epoch: 1 [5952/9500 (63%)]		Loss: 18.826 (18.829)		Time Dataloader: 0.003 (0.026)		Time Network: 24.806 (25.489)
Train Epoch: 1 [6016/9500 (63%)]		Loss: 18.353 (18.824)		Time Dataloader: 0.002 (0.025)		Time Network: 25.138 (25.485)
Train Epoch: 1 [6080/9500 (64%)]		Loss: 18.508 (18.821)		Time Dataloader: 0.003 (0.025)		Time Network: 24.864 (25.479)
Train Epoch: 1 [6144/9500 (65%)]		Loss: 18.225 (18.815)		Time Dataloader: 0.003 (0.025)		Time Network: 26.409 (25.488)
Train Epoch: 1 [6208/9500 (65%)]		Loss: 18.597 (18.813)		Time Dataloader: 0.011 (0.025)		Time Network: 25.341 (25.487)
Train Epoch: 1 [6272/9500 (66%)]		Loss: 18.477 (18.809)		Time Dataloader: 0.011 (0.025)		Time Network: 25.509 (25.487)
Train Epoch: 1 [6336/9500 (67%)]		Loss: 18.375 (18.805)		Time Dataloader: 0.003 (0.025)		Time Network: 25.909 (25.491)
Train Epoch: 1 [6400/9500 (67%)]		Loss: 18.558 (18.803)		Time Dataloader: 0.011 (0.024)		Time Network: 24.616 (25.483)
Train Epoch: 1 [6464/9500 (68%)]		Loss: 18.394 (18.799)		Time Dataloader: 0.003 (0.024)		Time Network: 24.596 (25.474)
Train Epoch: 1 [6528/9500 (69%)]		Loss: 18.589 (18.797)		Time Dataloader: 0.003 (0.024)		Time Network: 24.242 (25.462)
Train Epoch: 1 [6592/9500 (69%)]		Loss: 18.453 (18.793)		Time Dataloader: 0.002 (0.024)		Time Network: 24.738 (25.455)
Train Epoch: 1 [6656/9500 (70%)]		Loss: 18.651 (18.792)		Time Dataloader: 0.003 (0.024)		Time Network: 24.034 (25.441)
Train Epoch: 1 [6720/9500 (71%)]		Loss: 17.966 (18.784)		Time Dataloader: 0.003 (0.023)		Time Network: 23.924 (25.427)
Train Epoch: 1 [6784/9500 (71%)]		Loss: 18.664 (18.783)		Time Dataloader: 0.002 (0.023)		Time Network: 24.640 (25.420)
Train Epoch: 1 [6848/9500 (72%)]		Loss: 18.498 (18.780)		Time Dataloader: 0.010 (0.023)		Time Network: 25.175 (25.417)
Train Epoch: 1 [6912/9500 (73%)]		Loss: 18.281 (18.776)		Time Dataloader: 0.003 (0.023)		Time Network: 27.634 (25.438)
Train Epoch: 1 [6976/9500 (73%)]		Loss: 18.342 (18.772)		Time Dataloader: 0.003 (0.023)		Time Network: 25.127 (25.435)
Train Epoch: 1 [7040/9500 (74%)]		Loss: 18.404 (18.768)		Time Dataloader: 0.003 (0.023)		Time Network: 24.866 (25.430)
Train Epoch: 1 [7104/9500 (75%)]		Loss: 19.059 (18.771)		Time Dataloader: 0.009 (0.022)		Time Network: 23.838 (25.416)
Train Epoch: 1 [7168/9500 (75%)]		Loss: 18.278 (18.767)		Time Dataloader: 0.002 (0.022)		Time Network: 23.688 (25.400)
Train Epoch: 1 [7232/9500 (76%)]		Loss: 18.451 (18.764)		Time Dataloader: 0.002 (0.022)		Time Network: 25.004 (25.397)
Train Epoch: 1 [7296/9500 (77%)]		Loss: 18.282 (18.760)		Time Dataloader: 0.002 (0.022)		Time Network: 24.855 (25.392)
Train Epoch: 1 [7360/9500 (77%)]		Loss: 18.477 (18.757)		Time Dataloader: 0.003 (0.022)		Time Network: 24.170 (25.382)
Train Epoch: 1 [7424/9500 (78%)]		Loss: 18.202 (18.753)		Time Dataloader: 0.013 (0.022)		Time Network: 23.941 (25.369)
Train Epoch: 1 [7488/9500 (79%)]		Loss: 18.181 (18.748)		Time Dataloader: 0.003 (0.021)		Time Network: 23.465 (25.353)
Train Epoch: 1 [7552/9500 (79%)]		Loss: 18.568 (18.746)		Time Dataloader: 0.003 (0.021)		Time Network: 23.996 (25.342)
Train Epoch: 1 [7616/9500 (80%)]		Loss: 18.859 (18.747)		Time Dataloader: 0.003 (0.021)		Time Network: 24.014 (25.331)
Train Epoch: 1 [7680/9500 (81%)]		Loss: 18.541 (18.745)		Time Dataloader: 0.002 (0.021)		Time Network: 25.146 (25.329)
Train Epoch: 1 [7744/9500 (82%)]		Loss: 18.492 (18.743)		Time Dataloader: 0.003 (0.021)		Time Network: 26.868 (25.342)
Train Epoch: 1 [7808/9500 (82%)]		Loss: 18.544 (18.742)		Time Dataloader: 0.003 (0.021)		Time Network: 24.916 (25.338)
Train Epoch: 1 [7872/9500 (83%)]		Loss: 18.279 (18.738)		Time Dataloader: 0.005 (0.021)		Time Network: 25.259 (25.338)
Train Epoch: 1 [7936/9500 (84%)]		Loss: 18.255 (18.734)		Time Dataloader: 0.003 (0.020)		Time Network: 23.516 (25.323)
Train Epoch: 1 [8000/9500 (84%)]		Loss: 18.277 (18.731)		Time Dataloader: 0.003 (0.020)		Time Network: 20.460 (25.285)
Train Epoch: 1 [8064/9500 (85%)]		Loss: 18.425 (18.728)		Time Dataloader: 0.003 (0.020)		Time Network: 2.618 (25.106)
Train Epoch: 1 [8128/9500 (86%)]		Loss: 18.215 (18.724)		Time Dataloader: 0.003 (0.020)		Time Network: 0.213 (24.912)
Train Epoch: 1 [8192/9500 (86%)]		Loss: 18.425 (18.722)		Time Dataloader: 0.002 (0.020)		Time Network: 20.097 (24.874)
Train Epoch: 1 [8256/9500 (87%)]		Loss: 18.347 (18.719)		Time Dataloader: 0.003 (0.020)		Time Network: 19.748 (24.835)
Train Epoch: 1 [8320/9500 (88%)]		Loss: 18.374 (18.716)		Time Dataloader: 0.003 (0.020)		Time Network: 20.567 (24.802)
Train Epoch: 1 [8384/9500 (88%)]		Loss: 18.318 (18.713)		Time Dataloader: 0.010 (0.020)		Time Network: 20.091 (24.767)
Train Epoch: 1 [8448/9500 (89%)]		Loss: 18.185 (18.709)		Time Dataloader: 0.003 (0.019)		Time Network: 19.723 (24.729)
Train Epoch: 1 [8512/9500 (90%)]		Loss: 18.420 (18.707)		Time Dataloader: 0.002 (0.019)		Time Network: 20.263 (24.695)
Train Epoch: 1 [8576/9500 (90%)]		Loss: 18.218 (18.704)		Time Dataloader: 0.005 (0.019)		Time Network: 19.884 (24.660)
Train Epoch: 1 [8640/9500 (91%)]		Loss: 18.090 (18.699)		Time Dataloader: 0.003 (0.019)		Time Network: 20.310 (24.628)
Train Epoch: 1 [8704/9500 (92%)]		Loss: 17.807 (18.693)		Time Dataloader: 0.002 (0.019)		Time Network: 21.701 (24.606)
Train Epoch: 1 [8768/9500 (92%)]		Loss: 18.315 (18.690)		Time Dataloader: 0.002 (0.019)		Time Network: 20.091 (24.574)
Train Epoch: 1 [8832/9500 (93%)]		Loss: 18.207 (18.686)		Time Dataloader: 0.004 (0.019)		Time Network: 20.297 (24.543)
Train Epoch: 1 [8896/9500 (94%)]		Loss: 18.453 (18.685)		Time Dataloader: 0.003 (0.019)		Time Network: 20.009 (24.510)
Train Epoch: 1 [8960/9500 (94%)]		Loss: 18.163 (18.681)		Time Dataloader: 0.003 (0.018)		Time Network: 19.700 (24.476)
Train Epoch: 1 [9024/9500 (95%)]		Loss: 18.304 (18.678)		Time Dataloader: 0.003 (0.018)		Time Network: 19.713 (24.443)
Train Epoch: 1 [9088/9500 (96%)]		Loss: 18.430 (18.677)		Time Dataloader: 0.003 (0.018)		Time Network: 19.607 (24.409)
Train Epoch: 1 [9152/9500 (96%)]		Loss: 18.336 (18.674)		Time Dataloader: 0.002 (0.018)		Time Network: 19.521 (24.375)
Train Epoch: 1 [9216/9500 (97%)]		Loss: 18.604 (18.674)		Time Dataloader: 0.003 (0.018)		Time Network: 19.578 (24.342)
Train Epoch: 1 [9280/9500 (98%)]		Loss: 17.909 (18.668)		Time Dataloader: 0.008 (0.018)		Time Network: 21.131 (24.320)
Train Epoch: 1 [9344/9500 (98%)]		Loss: 18.263 (18.666)		Time Dataloader: 0.007 (0.018)		Time Network: 19.763 (24.289)
Train Epoch: 1 [9408/9500 (99%)]		Loss: 18.885 (18.667)		Time Dataloader: 0.003 (0.018)		Time Network: 19.139 (24.254)
Train Epoch: 1 [9472/9500 (100%)]		Loss: 18.254 (18.666)		Time Dataloader: 0.004 (0.018)		Time Network: 17.184 (24.207)
Done. This took 60: 9 min.
Start testing epoch 1
Test Epoch: 1 [0/500 (0%)]		Loss: 18.619 (18.619)		Time Dataloader: 0.366 (0.366)		Time Network: 3.044 (3.044)
Test Epoch: 1 [64/500 (13%)]		Loss: 18.435 (18.527)		Time Dataloader: 0.004 (0.185)		Time Network: 2.958 (3.001)
Test Epoch: 1 [128/500 (26%)]		Loss: 18.628 (18.560)		Time Dataloader: 0.001 (0.124)		Time Network: 3.015 (3.006)
Test Epoch: 1 [192/500 (38%)]		Loss: 18.333 (18.504)		Time Dataloader: 0.010 (0.095)		Time Network: 3.103 (3.030)
Test Epoch: 1 [256/500 (51%)]		Loss: 18.502 (18.503)		Time Dataloader: 0.001 (0.077)		Time Network: 2.908 (3.006)
Test Epoch: 1 [320/500 (64%)]		Loss: 18.109 (18.438)		Time Dataloader: 0.001 (0.064)		Time Network: 3.015 (3.007)
Test Epoch: 1 [384/500 (77%)]		Loss: 18.507 (18.447)		Time Dataloader: 0.003 (0.055)		Time Network: 2.959 (3.000)
Test Epoch: 1 [448/500 (90%)]		Loss: 18.185 (18.420)		Time Dataloader: 0.002 (0.049)		Time Network: 3.024 (3.003)
Done. This took  0:24 min.
Saving model to training/model_latest.pt. Done.
Finished training epoch 1.


Start training epoch 2 with lr [9.938441702975689e-05]
Train Epoch: 2 [0/9500 (0%)]		Loss: 17.906 (17.906)		Time Dataloader: 0.070 (0.070)		Time Network: 19.490 (19.490)
Train Epoch: 2 [64/9500 (1%)]		Loss: 18.470 (18.188)		Time Dataloader: 0.001 (0.036)		Time Network: 22.355 (20.922)
Train Epoch: 2 [128/9500 (1%)]		Loss: 17.993 (18.123)		Time Dataloader: 0.002 (0.024)		Time Network: 21.540 (21.128)
Train Epoch: 2 [192/9500 (2%)]		Loss: 18.570 (18.235)		Time Dataloader: 0.001 (0.019)		Time Network: 2.211 (16.399)
Train Epoch: 2 [256/9500 (3%)]		Loss: 18.174 (18.223)		Time Dataloader: 0.001 (0.015)		Time Network: 20.650 (17.249)
Train Epoch: 2 [320/9500 (3%)]		Loss: 18.261 (18.229)		Time Dataloader: 0.001 (0.013)		Time Network: 19.884 (17.688)
Train Epoch: 2 [384/9500 (4%)]		Loss: 18.696 (18.296)		Time Dataloader: 0.016 (0.013)		Time Network: 19.641 (17.967)
Train Epoch: 2 [448/9500 (5%)]		Loss: 18.121 (18.274)		Time Dataloader: 0.002 (0.012)		Time Network: 20.321 (18.261)
Train Epoch: 2 [512/9500 (5%)]		Loss: 18.167 (18.262)		Time Dataloader: 0.001 (0.011)		Time Network: 20.198 (18.477)
Train Epoch: 2 [576/9500 (6%)]		Loss: 18.116 (18.247)		Time Dataloader: 0.002 (0.010)		Time Network: 21.039 (18.733)
Train Epoch: 2 [640/9500 (7%)]		Loss: 18.374 (18.259)		Time Dataloader: 0.001 (0.009)		Time Network: 20.633 (18.906)
Train Epoch: 2 [704/9500 (7%)]		Loss: 18.250 (18.258)		Time Dataloader: 0.002 (0.008)		Time Network: 20.493 (19.038)
Train Epoch: 2 [768/9500 (8%)]		Loss: 18.774 (18.298)		Time Dataloader: 0.009 (0.008)		Time Network: 20.297 (19.135)
Train Epoch: 2 [832/9500 (9%)]		Loss: 18.281 (18.297)		Time Dataloader: 0.010 (0.009)		Time Network: 20.300 (19.218)
Train Epoch: 2 [896/9500 (9%)]		Loss: 18.123 (18.285)		Time Dataloader: 0.002 (0.008)		Time Network: 19.507 (19.237)
Train Epoch: 2 [960/9500 (10%)]		Loss: 18.438 (18.295)		Time Dataloader: 0.002 (0.008)		Time Network: 19.701 (19.266)
Train Epoch: 2 [1024/9500 (11%)]		Loss: 17.729 (18.261)		Time Dataloader: 0.003 (0.008)		Time Network: 20.608 (19.345)
Train Epoch: 2 [1088/9500 (11%)]		Loss: 18.406 (18.269)		Time Dataloader: 0.012 (0.008)		Time Network: 21.993 (19.492)
Train Epoch: 2 [1152/9500 (12%)]		Loss: 18.284 (18.270)		Time Dataloader: 0.010 (0.008)		Time Network: 20.182 (19.529)
Train Epoch: 2 [1216/9500 (13%)]		Loss: 18.192 (18.266)		Time Dataloader: 0.002 (0.008)		Time Network: 20.089 (19.557)
Train Epoch: 2 [1280/9500 (13%)]		Loss: 18.518 (18.278)		Time Dataloader: 0.002 (0.007)		Time Network: 19.823 (19.569)
Train Epoch: 2 [1344/9500 (14%)]		Loss: 18.122 (18.271)		Time Dataloader: 0.002 (0.007)		Time Network: 19.484 (19.565)
Train Epoch: 2 [1408/9500 (15%)]		Loss: 18.103 (18.264)		Time Dataloader: 0.002 (0.007)		Time Network: 18.669 (19.526)
Train Epoch: 2 [1472/9500 (15%)]		Loss: 18.405 (18.270)		Time Dataloader: 0.003 (0.007)		Time Network: 19.652 (19.532)
Train Epoch: 2 [1536/9500 (16%)]		Loss: 18.334 (18.272)		Time Dataloader: 0.002 (0.007)		Time Network: 20.035 (19.552)
Train Epoch: 2 [1600/9500 (17%)]		Loss: 18.370 (18.276)		Time Dataloader: 0.010 (0.007)		Time Network: 19.721 (19.558)
Train Epoch: 2 [1664/9500 (18%)]		Loss: 18.532 (18.285)		Time Dataloader: 0.009 (0.007)		Time Network: 1.555 (18.892)
Train Epoch: 2 [1728/9500 (18%)]		Loss: 18.298 (18.286)		Time Dataloader: 0.002 (0.007)		Time Network: 19.487 (18.913)
Train Epoch: 2 [1792/9500 (19%)]		Loss: 17.862 (18.271)		Time Dataloader: 0.003 (0.006)		Time Network: 19.329 (18.927)
Train Epoch: 2 [1856/9500 (20%)]		Loss: 18.201 (18.269)		Time Dataloader: 0.002 (0.006)		Time Network: 19.122 (18.934)
Train Epoch: 2 [1920/9500 (20%)]		Loss: 18.176 (18.266)		Time Dataloader: 0.009 (0.006)		Time Network: 19.590 (18.955)
Train Epoch: 2 [1984/9500 (21%)]		Loss: 18.462 (18.272)		Time Dataloader: 0.002 (0.006)		Time Network: 1.244 (18.401)
Train Epoch: 2 [2048/9500 (22%)]		Loss: 18.086 (18.266)		Time Dataloader: 0.003 (0.006)		Time Network: 18.573 (18.407)
Train Epoch: 2 [2112/9500 (22%)]		Loss: 18.225 (18.265)		Time Dataloader: 0.003 (0.006)		Time Network: 20.284 (18.462)
Train Epoch: 2 [2176/9500 (23%)]		Loss: 18.153 (18.262)		Time Dataloader: 0.002 (0.006)		Time Network: 19.564 (18.493)
Train Epoch: 2 [2240/9500 (24%)]		Loss: 18.200 (18.260)		Time Dataloader: 0.010 (0.006)		Time Network: 4.052 (18.092)
Train Epoch: 2 [2304/9500 (24%)]		Loss: 18.173 (18.258)		Time Dataloader: 0.002 (0.006)		Time Network: 19.278 (18.124)
Train Epoch: 2 [2368/9500 (25%)]		Loss: 18.443 (18.263)		Time Dataloader: 0.009 (0.006)		Time Network: 18.643 (18.138)
Train Epoch: 2 [2432/9500 (26%)]		Loss: 18.141 (18.260)		Time Dataloader: 0.002 (0.006)		Time Network: 18.646 (18.151)
Train Epoch: 2 [2496/9500 (26%)]		Loss: 18.291 (18.260)		Time Dataloader: 0.003 (0.006)		Time Network: 18.697 (18.164)
Train Epoch: 2 [2560/9500 (27%)]		Loss: 18.091 (18.256)		Time Dataloader: 0.010 (0.006)		Time Network: 19.295 (18.192)
Train Epoch: 2 [2624/9500 (28%)]		Loss: 18.205 (18.255)		Time Dataloader: 0.003 (0.006)		Time Network: 19.444 (18.222)
Train Epoch: 2 [2688/9500 (28%)]		Loss: 18.711 (18.266)		Time Dataloader: 0.002 (0.006)		Time Network: 19.278 (18.246)
Train Epoch: 2 [2752/9500 (29%)]		Loss: 18.482 (18.271)		Time Dataloader: 0.003 (0.006)		Time Network: 19.126 (18.266)
Train Epoch: 2 [2816/9500 (30%)]		Loss: 18.170 (18.268)		Time Dataloader: 0.009 (0.006)		Time Network: 2.765 (17.922)
Train Epoch: 2 [2880/9500 (30%)]		Loss: 17.964 (18.262)		Time Dataloader: 0.002 (0.006)		Time Network: 19.297 (17.952)
Train Epoch: 2 [2944/9500 (31%)]		Loss: 18.412 (18.265)		Time Dataloader: 0.007 (0.006)		Time Network: 19.042 (17.975)
Train Epoch: 2 [3008/9500 (32%)]		Loss: 17.904 (18.257)		Time Dataloader: 0.002 (0.006)		Time Network: 19.223 (18.001)
Train Epoch: 2 [3072/9500 (32%)]		Loss: 18.144 (18.255)		Time Dataloader: 0.002 (0.006)		Time Network: 19.682 (18.035)
Train Epoch: 2 [3136/9500 (33%)]		Loss: 18.411 (18.258)		Time Dataloader: 0.002 (0.006)		Time Network: 19.404 (18.063)
Train Epoch: 2 [3200/9500 (34%)]		Loss: 18.374 (18.261)		Time Dataloader: 0.009 (0.006)		Time Network: 19.493 (18.091)
Train Epoch: 2 [3264/9500 (34%)]		Loss: 18.183 (18.259)		Time Dataloader: 0.010 (0.006)		Time Network: 21.971 (18.165)
Train Epoch: 2 [3328/9500 (35%)]		Loss: 18.248 (18.259)		Time Dataloader: 0.002 (0.006)		Time Network: 20.267 (18.205)
Train Epoch: 2 [3392/9500 (36%)]		Loss: 18.316 (18.260)		Time Dataloader: 0.003 (0.006)		Time Network: 3.325 (17.929)
Train Epoch: 2 [3456/9500 (36%)]		Loss: 18.223 (18.259)		Time Dataloader: 0.003 (0.006)		Time Network: 20.898 (17.983)
Train Epoch: 2 [3520/9500 (37%)]		Loss: 18.460 (18.263)		Time Dataloader: 0.002 (0.005)		Time Network: 20.321 (18.025)
Train Epoch: 2 [3584/9500 (38%)]		Loss: 18.372 (18.265)		Time Dataloader: 0.003 (0.005)		Time Network: 20.145 (18.062)
Train Epoch: 2 [3648/9500 (38%)]		Loss: 17.932 (18.259)		Time Dataloader: 0.003 (0.005)		Time Network: 19.855 (18.093)
Train Epoch: 2 [3712/9500 (39%)]		Loss: 18.627 (18.265)		Time Dataloader: 0.002 (0.005)		Time Network: 20.028 (18.126)
Train Epoch: 2 [3776/9500 (40%)]		Loss: 18.395 (18.267)		Time Dataloader: 0.003 (0.005)		Time Network: 20.158 (18.160)
Train Epoch: 2 [3840/9500 (40%)]		Loss: 18.320 (18.268)		Time Dataloader: 0.005 (0.005)		Time Network: 20.368 (18.196)
Train Epoch: 2 [3904/9500 (41%)]		Loss: 17.800 (18.261)		Time Dataloader: 0.002 (0.005)		Time Network: 19.767 (18.221)
Train Epoch: 2 [3968/9500 (42%)]		Loss: 18.201 (18.260)		Time Dataloader: 0.002 (0.005)		Time Network: 19.640 (18.244)
Train Epoch: 2 [4032/9500 (42%)]		Loss: 18.136 (18.258)		Time Dataloader: 0.007 (0.005)		Time Network: 12.842 (18.160)
Train Epoch: 2 [4096/9500 (43%)]		Loss: 18.592 (18.263)		Time Dataloader: 0.003 (0.005)		Time Network: 19.225 (18.176)
Train Epoch: 2 [4160/9500 (44%)]		Loss: 18.361 (18.264)		Time Dataloader: 0.003 (0.005)		Time Network: 19.261 (18.192)
Train Epoch: 2 [4224/9500 (44%)]		Loss: 18.079 (18.262)		Time Dataloader: 0.010 (0.005)		Time Network: 18.883 (18.203)
Train Epoch: 2 [4288/9500 (45%)]		Loss: 18.254 (18.262)		Time Dataloader: 0.003 (0.005)		Time Network: 19.847 (18.227)
Train Epoch: 2 [4352/9500 (46%)]		Loss: 18.033 (18.258)		Time Dataloader: 0.002 (0.005)		Time Network: 19.071 (18.239)
Train Epoch: 2 [4416/9500 (46%)]		Loss: 18.309 (18.259)		Time Dataloader: 0.003 (0.005)		Time Network: 18.524 (18.243)
Train Epoch: 2 [4480/9500 (47%)]		Loss: 18.556 (18.263)		Time Dataloader: 0.002 (0.005)		Time Network: 19.372 (18.259)
Train Epoch: 2 [4544/9500 (48%)]		Loss: 18.539 (18.267)		Time Dataloader: 0.002 (0.005)		Time Network: 18.805 (18.267)
Train Epoch: 2 [4608/9500 (49%)]		Loss: 18.159 (18.266)		Time Dataloader: 0.002 (0.005)		Time Network: 7.664 (18.121)
Train Epoch: 2 [4672/9500 (49%)]		Loss: 18.311 (18.266)		Time Dataloader: 0.007 (0.005)		Time Network: 19.451 (18.139)
Train Epoch: 2 [4736/9500 (50%)]		Loss: 18.013 (18.263)		Time Dataloader: 0.002 (0.005)		Time Network: 18.768 (18.148)
Train Epoch: 2 [4800/9500 (51%)]		Loss: 18.002 (18.259)		Time Dataloader: 0.002 (0.005)		Time Network: 18.393 (18.151)
Train Epoch: 2 [4864/9500 (51%)]		Loss: 18.467 (18.262)		Time Dataloader: 0.002 (0.005)		Time Network: 1.415 (17.934)
Train Epoch: 2 [4928/9500 (52%)]		Loss: 17.921 (18.258)		Time Dataloader: 0.009 (0.005)		Time Network: 16.417 (17.914)
Train Epoch: 2 [4992/9500 (53%)]		Loss: 18.560 (18.261)		Time Dataloader: 0.009 (0.005)		Time Network: 19.460 (17.934)
Train Epoch: 2 [5056/9500 (53%)]		Loss: 18.176 (18.260)		Time Dataloader: 0.003 (0.005)		Time Network: 18.938 (17.946)
Train Epoch: 2 [5120/9500 (54%)]		Loss: 18.421 (18.262)		Time Dataloader: 0.002 (0.005)		Time Network: 19.163 (17.961)
Train Epoch: 2 [5184/9500 (55%)]		Loss: 18.297 (18.263)		Time Dataloader: 0.002 (0.005)		Time Network: 2.480 (17.773)
Train Epoch: 2 [5248/9500 (55%)]		Loss: 18.157 (18.262)		Time Dataloader: 0.003 (0.005)		Time Network: 19.343 (17.792)
Train Epoch: 2 [5312/9500 (56%)]		Loss: 18.331 (18.262)		Time Dataloader: 0.002 (0.005)		Time Network: 19.090 (17.807)
Train Epoch: 2 [5376/9500 (57%)]		Loss: 18.290 (18.263)		Time Dataloader: 0.002 (0.005)		Time Network: 20.685 (17.841)
Train Epoch: 2 [5440/9500 (57%)]		Loss: 18.382 (18.264)		Time Dataloader: 0.004 (0.005)		Time Network: 20.191 (17.868)
Train Epoch: 2 [5504/9500 (58%)]		Loss: 17.982 (18.261)		Time Dataloader: 0.002 (0.005)		Time Network: 19.853 (17.891)
Train Epoch: 2 [5568/9500 (59%)]		Loss: 17.928 (18.257)		Time Dataloader: 0.002 (0.005)		Time Network: 18.942 (17.903)
Train Epoch: 2 [5632/9500 (59%)]		Loss: 18.660 (18.262)		Time Dataloader: 0.003 (0.005)		Time Network: 20.546 (17.933)
Train Epoch: 2 [5696/9500 (60%)]		Loss: 18.702 (18.266)		Time Dataloader: 0.002 (0.005)		Time Network: 19.487 (17.950)
Train Epoch: 2 [5760/9500 (61%)]		Loss: 18.141 (18.265)		Time Dataloader: 0.002 (0.005)		Time Network: 19.124 (17.963)
Train Epoch: 2 [5824/9500 (61%)]		Loss: 18.113 (18.263)		Time Dataloader: 0.009 (0.005)		Time Network: 19.719 (17.982)
Train Epoch: 2 [5888/9500 (62%)]		Loss: 18.515 (18.266)		Time Dataloader: 0.005 (0.005)		Time Network: 19.111 (17.994)
Train Epoch: 2 [5952/9500 (63%)]		Loss: 18.064 (18.264)		Time Dataloader: 0.002 (0.005)		Time Network: 18.689 (18.001)
Train Epoch: 2 [6016/9500 (63%)]		Loss: 18.152 (18.263)		Time Dataloader: 0.002 (0.005)		Time Network: 19.191 (18.014)
Train Epoch: 2 [6080/9500 (64%)]		Loss: 18.062 (18.261)		Time Dataloader: 0.009 (0.005)		Time Network: 0.983 (17.837)
Train Epoch: 2 [6144/9500 (65%)]		Loss: 18.147 (18.260)		Time Dataloader: 0.002 (0.005)		Time Network: 7.210 (17.727)
Train Epoch: 2 [6208/9500 (65%)]		Loss: 18.323 (18.260)		Time Dataloader: 0.003 (0.005)		Time Network: 14.747 (17.697)
Train Epoch: 2 [6272/9500 (66%)]		Loss: 18.205 (18.260)		Time Dataloader: 0.002 (0.005)		Time Network: 0.256 (17.520)
Train Epoch: 2 [6336/9500 (67%)]		Loss: 18.322 (18.260)		Time Dataloader: 0.003 (0.005)		Time Network: 20.012 (17.545)
Train Epoch: 2 [6400/9500 (67%)]		Loss: 18.675 (18.264)		Time Dataloader: 0.002 (0.005)		Time Network: 20.139 (17.571)
Train Epoch: 2 [6464/9500 (68%)]		Loss: 18.147 (18.263)		Time Dataloader: 0.003 (0.005)		Time Network: 20.979 (17.604)
Train Epoch: 2 [6528/9500 (69%)]		Loss: 18.817 (18.269)		Time Dataloader: 0.002 (0.005)		Time Network: 6.163 (17.493)
Train Epoch: 2 [6592/9500 (69%)]		Loss: 18.215 (18.268)		Time Dataloader: 0.002 (0.005)		Time Network: 20.857 (17.526)
Train Epoch: 2 [6656/9500 (70%)]		Loss: 18.254 (18.268)		Time Dataloader: 0.005 (0.005)		Time Network: 21.730 (17.566)
Train Epoch: 2 [6720/9500 (71%)]		Loss: 18.226 (18.268)		Time Dataloader: 0.003 (0.004)		Time Network: 20.731 (17.596)
Train Epoch: 2 [6784/9500 (71%)]		Loss: 18.035 (18.265)		Time Dataloader: 0.011 (0.005)		Time Network: 21.899 (17.636)
Train Epoch: 2 [6848/9500 (72%)]		Loss: 18.583 (18.268)		Time Dataloader: 0.003 (0.005)		Time Network: 0.946 (17.481)
Train Epoch: 2 [6912/9500 (73%)]		Loss: 18.255 (18.268)		Time Dataloader: 0.006 (0.005)		Time Network: 19.734 (17.502)
Train Epoch: 2 [6976/9500 (73%)]		Loss: 18.129 (18.267)		Time Dataloader: 0.002 (0.005)		Time Network: 1.267 (17.354)
Train Epoch: 2 [7040/9500 (74%)]		Loss: 18.029 (18.265)		Time Dataloader: 0.003 (0.005)		Time Network: 19.292 (17.372)
Train Epoch: 2 [7104/9500 (75%)]		Loss: 18.014 (18.263)		Time Dataloader: 0.002 (0.004)		Time Network: 19.916 (17.394)
Train Epoch: 2 [7168/9500 (75%)]		Loss: 18.425 (18.264)		Time Dataloader: 0.003 (0.004)		Time Network: 19.599 (17.414)
Train Epoch: 2 [7232/9500 (76%)]		Loss: 18.273 (18.264)		Time Dataloader: 0.009 (0.005)		Time Network: 0.818 (17.268)
Train Epoch: 2 [7296/9500 (77%)]		Loss: 18.379 (18.265)		Time Dataloader: 0.002 (0.004)		Time Network: 19.545 (17.288)
Train Epoch: 2 [7360/9500 (77%)]		Loss: 18.298 (18.265)		Time Dataloader: 0.004 (0.004)		Time Network: 19.815 (17.310)
Train Epoch: 2 [7424/9500 (78%)]		Loss: 18.423 (18.267)		Time Dataloader: 0.003 (0.004)		Time Network: 19.233 (17.326)
Train Epoch: 2 [7488/9500 (79%)]		Loss: 18.392 (18.268)		Time Dataloader: 0.002 (0.004)		Time Network: 19.934 (17.349)
Train Epoch: 2 [7552/9500 (79%)]		Loss: 18.450 (18.269)		Time Dataloader: 0.009 (0.004)		Time Network: 19.302 (17.365)
Train Epoch: 2 [7616/9500 (80%)]		Loss: 17.982 (18.267)		Time Dataloader: 0.002 (0.004)		Time Network: 19.585 (17.383)
Train Epoch: 2 [7680/9500 (81%)]		Loss: 18.228 (18.267)		Time Dataloader: 0.010 (0.005)		Time Network: 20.564 (17.410)
Train Epoch: 2 [7744/9500 (82%)]		Loss: 18.449 (18.268)		Time Dataloader: 0.003 (0.005)		Time Network: 21.332 (17.442)
Train Epoch: 2 [7808/9500 (82%)]		Loss: 18.593 (18.271)		Time Dataloader: 0.002 (0.004)		Time Network: 20.050 (17.463)
Train Epoch: 2 [7872/9500 (83%)]		Loss: 18.514 (18.273)		Time Dataloader: 0.010 (0.005)		Time Network: 21.950 (17.499)
Train Epoch: 2 [7936/9500 (84%)]		Loss: 18.214 (18.272)		Time Dataloader: 0.003 (0.005)		Time Network: 21.384 (17.530)
Train Epoch: 2 [8000/9500 (84%)]		Loss: 18.018 (18.270)		Time Dataloader: 0.002 (0.005)		Time Network: 20.366 (17.553)
Train Epoch: 2 [8064/9500 (85%)]		Loss: 18.260 (18.270)		Time Dataloader: 0.005 (0.005)		Time Network: 20.474 (17.576)
Train Epoch: 2 [8128/9500 (86%)]		Loss: 18.389 (18.271)		Time Dataloader: 0.002 (0.004)		Time Network: 20.127 (17.596)
Train Epoch: 2 [8192/9500 (86%)]		Loss: 18.552 (18.273)		Time Dataloader: 0.003 (0.004)		Time Network: 19.782 (17.613)
Train Epoch: 2 [8256/9500 (87%)]		Loss: 18.325 (18.274)		Time Dataloader: 0.003 (0.004)		Time Network: 19.999 (17.631)
Train Epoch: 2 [8320/9500 (88%)]		Loss: 17.936 (18.271)		Time Dataloader: 0.003 (0.004)		Time Network: 8.076 (17.558)
Train Epoch: 2 [8384/9500 (88%)]		Loss: 18.513 (18.273)		Time Dataloader: 0.003 (0.004)		Time Network: 20.065 (17.577)
Train Epoch: 2 [8448/9500 (89%)]		Loss: 18.296 (18.273)		Time Dataloader: 0.004 (0.004)		Time Network: 20.484 (17.599)
Train Epoch: 2 [8512/9500 (90%)]		Loss: 18.597 (18.275)		Time Dataloader: 0.002 (0.004)		Time Network: 19.387 (17.612)
Train Epoch: 2 [8576/9500 (90%)]		Loss: 18.265 (18.275)		Time Dataloader: 0.010 (0.004)		Time Network: 21.090 (17.638)
Train Epoch: 2 [8640/9500 (91%)]		Loss: 17.987 (18.273)		Time Dataloader: 0.003 (0.004)		Time Network: 19.842 (17.654)
Train Epoch: 2 [8704/9500 (92%)]		Loss: 18.366 (18.274)		Time Dataloader: 0.003 (0.004)		Time Network: 19.496 (17.668)
Train Epoch: 2 [8768/9500 (92%)]		Loss: 18.280 (18.274)		Time Dataloader: 0.002 (0.004)		Time Network: 20.765 (17.690)
Train Epoch: 2 [8832/9500 (93%)]		Loss: 18.440 (18.275)		Time Dataloader: 0.003 (0.004)		Time Network: 19.812 (17.705)
Train Epoch: 2 [8896/9500 (94%)]		Loss: 17.844 (18.272)		Time Dataloader: 0.003 (0.004)		Time Network: 20.122 (17.723)
Train Epoch: 2 [8960/9500 (94%)]		Loss: 18.001 (18.270)		Time Dataloader: 0.003 (0.004)		Time Network: 20.126 (17.740)
Train Epoch: 2 [9024/9500 (95%)]		Loss: 18.425 (18.271)		Time Dataloader: 0.002 (0.004)		Time Network: 19.811 (17.754)
Train Epoch: 2 [9088/9500 (96%)]		Loss: 18.328 (18.272)		Time Dataloader: 0.002 (0.004)		Time Network: 19.609 (17.767)
Train Epoch: 2 [9152/9500 (96%)]		Loss: 18.579 (18.274)		Time Dataloader: 0.002 (0.004)		Time Network: 18.668 (17.774)
Train Epoch: 2 [9216/9500 (97%)]		Loss: 18.402 (18.275)		Time Dataloader: 0.003 (0.004)		Time Network: 20.588 (17.793)
Train Epoch: 2 [9280/9500 (98%)]		Loss: 18.216 (18.274)		Time Dataloader: 0.004 (0.004)		Time Network: 20.311 (17.810)
Train Epoch: 2 [9344/9500 (98%)]		Loss: 18.285 (18.274)		Time Dataloader: 0.002 (0.004)		Time Network: 19.813 (17.824)
Train Epoch: 2 [9408/9500 (99%)]		Loss: 18.388 (18.275)		Time Dataloader: 0.002 (0.004)		Time Network: 19.706 (17.837)
Train Epoch: 2 [9472/9500 (100%)]		Loss: 18.750 (18.277)		Time Dataloader: 0.002 (0.004)		Time Network: 18.406 (17.840)
Done. This took 44:19 min.
Start testing epoch 2
Test Epoch: 2 [0/500 (0%)]		Loss: 18.158 (18.158)		Time Dataloader: 0.067 (0.067)		Time Network: 3.214 (3.214)
Test Epoch: 2 [64/500 (13%)]		Loss: 18.351 (18.255)		Time Dataloader: 0.003 (0.035)		Time Network: 3.316 (3.265)
Test Epoch: 2 [128/500 (26%)]		Loss: 18.438 (18.316)		Time Dataloader: 0.007 (0.025)		Time Network: 3.111 (3.214)
Test Epoch: 2 [192/500 (38%)]		Loss: 18.325 (18.318)		Time Dataloader: 0.001 (0.019)		Time Network: 3.220 (3.216)
Test Epoch: 2 [256/500 (51%)]		Loss: 18.455 (18.346)		Time Dataloader: 0.001 (0.016)		Time Network: 3.250 (3.222)
Test Epoch: 2 [320/500 (64%)]		Loss: 18.120 (18.308)		Time Dataloader: 0.003 (0.014)		Time Network: 3.247 (3.227)
Test Epoch: 2 [384/500 (77%)]		Loss: 18.141 (18.284)		Time Dataloader: 0.001 (0.012)		Time Network: 3.342 (3.243)
Test Epoch: 2 [448/500 (90%)]		Loss: 18.155 (18.271)		Time Dataloader: 0.002 (0.011)		Time Network: 3.319 (3.253)
Done. This took  0:26 min.
Saving model to training/model_latest.pt. Done.
Finished training epoch 2.


Start training epoch 3 with lr [9.755282581475769e-05]
Train Epoch: 3 [0/9500 (0%)]		Loss: 18.394 (18.394)		Time Dataloader: 0.110 (0.110)		Time Network: 17.834 (17.834)
Train Epoch: 3 [64/9500 (1%)]		Loss: 17.820 (18.107)		Time Dataloader: 0.002 (0.056)		Time Network: 20.269 (19.052)
Train Epoch: 3 [128/9500 (1%)]		Loss: 18.991 (18.402)		Time Dataloader: 0.001 (0.038)		Time Network: 22.986 (20.363)
Train Epoch: 3 [192/9500 (2%)]		Loss: 18.599 (18.451)		Time Dataloader: 0.001 (0.029)		Time Network: 19.825 (20.229)
Train Epoch: 3 [256/9500 (3%)]		Loss: 18.227 (18.406)		Time Dataloader: 0.001 (0.023)		Time Network: 21.031 (20.389)
Train Epoch: 3 [320/9500 (3%)]		Loss: 18.432 (18.411)		Time Dataloader: 0.001 (0.020)		Time Network: 20.687 (20.439)
Train Epoch: 3 [384/9500 (4%)]		Loss: 18.096 (18.366)		Time Dataloader: 0.004 (0.017)		Time Network: 19.903 (20.362)
Train Epoch: 3 [448/9500 (5%)]		Loss: 17.889 (18.306)		Time Dataloader: 0.001 (0.015)		Time Network: 1.916 (18.056)
Train Epoch: 3 [512/9500 (5%)]		Loss: 18.284 (18.304)		Time Dataloader: 0.001 (0.014)		Time Network: 20.096 (18.283)
Train Epoch: 3 [576/9500 (6%)]		Loss: 17.947 (18.268)		Time Dataloader: 0.001 (0.013)		Time Network: 20.415 (18.496)
Train Epoch: 3 [640/9500 (7%)]		Loss: 18.194 (18.261)		Time Dataloader: 0.001 (0.012)		Time Network: 20.695 (18.696)
Train Epoch: 3 [704/9500 (7%)]		Loss: 18.201 (18.256)		Time Dataloader: 0.001 (0.011)		Time Network: 17.200 (18.571)
Train Epoch: 3 [768/9500 (8%)]		Loss: 18.210 (18.253)		Time Dataloader: 0.010 (0.011)		Time Network: 9.572 (17.879)
Train Epoch: 3 [832/9500 (9%)]		Loss: 18.309 (18.257)		Time Dataloader: 0.002 (0.010)		Time Network: 20.421 (18.061)
Train Epoch: 3 [896/9500 (9%)]		Loss: 18.482 (18.272)		Time Dataloader: 0.003 (0.010)		Time Network: 20.639 (18.233)
Train Epoch: 3 [960/9500 (10%)]		Loss: 17.890 (18.248)		Time Dataloader: 0.002 (0.009)		Time Network: 19.940 (18.339)
Train Epoch: 3 [1024/9500 (11%)]		Loss: 18.068 (18.237)		Time Dataloader: 0.002 (0.009)		Time Network: 19.519 (18.409)
Train Epoch: 3 [1088/9500 (11%)]		Loss: 18.031 (18.226)		Time Dataloader: 0.002 (0.008)		Time Network: 19.909 (18.492)
Train Epoch: 3 [1152/9500 (12%)]		Loss: 18.037 (18.216)		Time Dataloader: 0.003 (0.008)		Time Network: 20.534 (18.600)
Train Epoch: 3 [1216/9500 (13%)]		Loss: 18.084 (18.209)		Time Dataloader: 0.002 (0.008)		Time Network: 20.336 (18.686)
Train Epoch: 3 [1280/9500 (13%)]		Loss: 18.267 (18.212)		Time Dataloader: 0.002 (0.008)		Time Network: 19.721 (18.736)
Train Epoch: 3 [1344/9500 (14%)]		Loss: 18.219 (18.212)		Time Dataloader: 0.003 (0.007)		Time Network: 19.623 (18.776)
Train Epoch: 3 [1408/9500 (15%)]		Loss: 18.653 (18.231)		Time Dataloader: 0.002 (0.007)		Time Network: 19.567 (18.810)
Train Epoch: 3 [1472/9500 (15%)]		Loss: 17.811 (18.214)		Time Dataloader: 0.003 (0.007)		Time Network: 19.650 (18.845)
Train Epoch: 3 [1536/9500 (16%)]		Loss: 18.521 (18.226)		Time Dataloader: 0.004 (0.007)		Time Network: 19.746 (18.881)
Train Epoch: 3 [1600/9500 (17%)]		Loss: 18.430 (18.234)		Time Dataloader: 0.003 (0.007)		Time Network: 11.355 (18.592)
Train Epoch: 3 [1664/9500 (18%)]		Loss: 17.991 (18.225)		Time Dataloader: 0.002 (0.006)		Time Network: 19.532 (18.627)
Train Epoch: 3 [1728/9500 (18%)]		Loss: 18.177 (18.223)		Time Dataloader: 0.009 (0.007)		Time Network: 19.348 (18.653)
Train Epoch: 3 [1792/9500 (19%)]		Loss: 17.975 (18.215)		Time Dataloader: 0.002 (0.006)		Time Network: 19.552 (18.684)
Train Epoch: 3 [1856/9500 (20%)]		Loss: 17.957 (18.206)		Time Dataloader: 0.004 (0.006)		Time Network: 3.821 (18.188)
Train Epoch: 3 [1920/9500 (20%)]		Loss: 18.244 (18.207)		Time Dataloader: 0.003 (0.006)		Time Network: 19.421 (18.228)
Train Epoch: 3 [1984/9500 (21%)]		Loss: 18.145 (18.205)		Time Dataloader: 0.002 (0.006)		Time Network: 19.153 (18.257)
Train Epoch: 3 [2048/9500 (22%)]		Loss: 18.082 (18.202)		Time Dataloader: 0.003 (0.006)		Time Network: 19.208 (18.286)
Train Epoch: 3 [2112/9500 (22%)]		Loss: 18.335 (18.206)		Time Dataloader: 0.002 (0.006)		Time Network: 18.997 (18.307)
Train Epoch: 3 [2176/9500 (23%)]		Loss: 18.481 (18.213)		Time Dataloader: 0.003 (0.006)		Time Network: 9.377 (18.051)
Train Epoch: 3 [2240/9500 (24%)]		Loss: 17.889 (18.204)		Time Dataloader: 0.008 (0.006)		Time Network: 0.137 (17.554)
Train Epoch: 3 [2304/9500 (24%)]		Loss: 18.166 (18.203)		Time Dataloader: 0.002 (0.006)		Time Network: 21.035 (17.648)
Train Epoch: 3 [2368/9500 (25%)]		Loss: 18.035 (18.199)		Time Dataloader: 0.009 (0.006)		Time Network: 19.527 (17.697)
Train Epoch: 3 [2432/9500 (26%)]		Loss: 18.094 (18.196)		Time Dataloader: 0.002 (0.006)		Time Network: 18.250 (17.712)
Train Epoch: 3 [2496/9500 (26%)]		Loss: 18.159 (18.195)		Time Dataloader: 0.002 (0.006)		Time Network: 19.067 (17.745)
Train Epoch: 3 [2560/9500 (27%)]		Loss: 18.598 (18.205)		Time Dataloader: 0.002 (0.006)		Time Network: 1.829 (17.357)
Train Epoch: 3 [2624/9500 (28%)]		Loss: 18.224 (18.206)		Time Dataloader: 0.002 (0.006)		Time Network: 18.497 (17.384)
Train Epoch: 3 [2688/9500 (28%)]		Loss: 18.281 (18.207)		Time Dataloader: 0.002 (0.005)		Time Network: 18.195 (17.403)
Train Epoch: 3 [2752/9500 (29%)]		Loss: 18.113 (18.205)		Time Dataloader: 0.002 (0.005)		Time Network: 18.936 (17.438)
Train Epoch: 3 [2816/9500 (30%)]		Loss: 18.269 (18.207)		Time Dataloader: 0.003 (0.005)		Time Network: 18.711 (17.466)
Train Epoch: 3 [2880/9500 (30%)]		Loss: 18.049 (18.203)		Time Dataloader: 0.002 (0.005)		Time Network: 15.894 (17.432)
Train Epoch: 3 [2944/9500 (31%)]		Loss: 17.996 (18.199)		Time Dataloader: 0.002 (0.005)		Time Network: 18.726 (17.460)
Train Epoch: 3 [3008/9500 (32%)]		Loss: 18.531 (18.206)		Time Dataloader: 0.002 (0.005)		Time Network: 18.734 (17.486)
Train Epoch: 3 [3072/9500 (32%)]		Loss: 18.086 (18.203)		Time Dataloader: 0.002 (0.005)		Time Network: 18.822 (17.513)
Train Epoch: 3 [3136/9500 (33%)]		Loss: 18.767 (18.215)		Time Dataloader: 0.003 (0.005)		Time Network: 18.672 (17.537)
Train Epoch: 3 [3200/9500 (34%)]		Loss: 18.215 (18.215)		Time Dataloader: 0.002 (0.005)		Time Network: 18.784 (17.561)
Train Epoch: 3 [3264/9500 (34%)]		Loss: 18.498 (18.220)		Time Dataloader: 0.002 (0.005)		Time Network: 19.473 (17.598)
Train Epoch: 3 [3328/9500 (35%)]		Loss: 18.126 (18.218)		Time Dataloader: 0.003 (0.005)		Time Network: 19.253 (17.629)
Train Epoch: 3 [3392/9500 (36%)]		Loss: 18.204 (18.218)		Time Dataloader: 0.002 (0.005)		Time Network: 22.004 (17.710)
Train Epoch: 3 [3456/9500 (36%)]		Loss: 18.134 (18.216)		Time Dataloader: 0.003 (0.005)		Time Network: 20.396 (17.759)
Train Epoch: 3 [3520/9500 (37%)]		Loss: 17.778 (18.209)		Time Dataloader: 0.002 (0.005)		Time Network: 3.576 (17.506)
Train Epoch: 3 [3584/9500 (38%)]		Loss: 18.334 (18.211)		Time Dataloader: 0.002 (0.005)		Time Network: 19.779 (17.546)
Train Epoch: 3 [3648/9500 (38%)]		Loss: 18.044 (18.208)		Time Dataloader: 0.002 (0.005)		Time Network: 19.563 (17.580)
Train Epoch: 3 [3712/9500 (39%)]		Loss: 18.125 (18.207)		Time Dataloader: 0.002 (0.005)		Time Network: 19.806 (17.618)
Train Epoch: 3 [3776/9500 (40%)]		Loss: 18.211 (18.207)		Time Dataloader: 0.003 (0.005)		Time Network: 19.583 (17.651)
Train Epoch: 3 [3840/9500 (40%)]		Loss: 17.680 (18.198)		Time Dataloader: 0.010 (0.005)		Time Network: 20.179 (17.692)
Train Epoch: 3 [3904/9500 (41%)]		Loss: 17.957 (18.194)		Time Dataloader: 0.003 (0.005)		Time Network: 19.632 (17.724)
Train Epoch: 3 [3968/9500 (42%)]		Loss: 18.579 (18.200)		Time Dataloader: 0.003 (0.005)		Time Network: 20.333 (17.765)
Train Epoch: 3 [4032/9500 (42%)]		Loss: 18.228 (18.201)		Time Dataloader: 0.003 (0.005)		Time Network: 19.357 (17.790)
Train Epoch: 3 [4096/9500 (43%)]		Loss: 17.976 (18.197)		Time Dataloader: 0.007 (0.005)		Time Network: 19.821 (17.821)
Train Epoch: 3 [4160/9500 (44%)]		Loss: 18.235 (18.198)		Time Dataloader: 0.002 (0.005)		Time Network: 19.729 (17.850)
Train Epoch: 3 [4224/9500 (44%)]		Loss: 18.125 (18.197)		Time Dataloader: 0.003 (0.005)		Time Network: 2.158 (17.616)
Train Epoch: 3 [4288/9500 (45%)]		Loss: 18.505 (18.201)		Time Dataloader: 0.002 (0.005)		Time Network: 18.945 (17.635)
Train Epoch: 3 [4352/9500 (46%)]		Loss: 18.131 (18.200)		Time Dataloader: 0.002 (0.005)		Time Network: 19.340 (17.660)
Train Epoch: 3 [4416/9500 (46%)]		Loss: 18.111 (18.199)		Time Dataloader: 0.009 (0.005)		Time Network: 19.991 (17.693)
Train Epoch: 3 [4480/9500 (47%)]		Loss: 17.970 (18.196)		Time Dataloader: 0.002 (0.005)		Time Network: 20.903 (17.739)
Train Epoch: 3 [4544/9500 (48%)]		Loss: 18.333 (18.198)		Time Dataloader: 0.002 (0.005)		Time Network: 19.303 (17.760)
Train Epoch: 3 [4608/9500 (49%)]		Loss: 18.205 (18.198)		Time Dataloader: 0.002 (0.004)		Time Network: 19.428 (17.783)
Train Epoch: 3 [4672/9500 (49%)]		Loss: 17.892 (18.194)		Time Dataloader: 0.002 (0.004)		Time Network: 19.394 (17.805)
Train Epoch: 3 [4736/9500 (50%)]		Loss: 17.984 (18.191)		Time Dataloader: 0.002 (0.004)		Time Network: 19.271 (17.824)
Train Epoch: 3 [4800/9500 (51%)]		Loss: 18.329 (18.193)		Time Dataloader: 0.002 (0.004)		Time Network: 19.942 (17.852)
Train Epoch: 3 [4864/9500 (51%)]		Loss: 18.082 (18.191)		Time Dataloader: 0.002 (0.004)		Time Network: 19.817 (17.878)
Train Epoch: 3 [4928/9500 (52%)]		Loss: 17.829 (18.187)		Time Dataloader: 0.002 (0.004)		Time Network: 20.632 (17.913)
Train Epoch: 3 [4992/9500 (53%)]		Loss: 17.942 (18.183)		Time Dataloader: 0.002 (0.004)		Time Network: 2.049 (17.712)
Train Epoch: 3 [5056/9500 (53%)]		Loss: 18.402 (18.186)		Time Dataloader: 0.009 (0.004)		Time Network: 20.585 (17.748)
Train Epoch: 3 [5120/9500 (54%)]		Loss: 18.334 (18.188)		Time Dataloader: 0.005 (0.004)		Time Network: 20.977 (17.788)
Train Epoch: 3 [5184/9500 (55%)]		Loss: 18.192 (18.188)		Time Dataloader: 0.002 (0.004)		Time Network: 1.673 (17.592)
Train Epoch: 3 [5248/9500 (55%)]		Loss: 17.894 (18.185)		Time Dataloader: 0.003 (0.004)		Time Network: 21.163 (17.635)
Train Epoch: 3 [5312/9500 (56%)]		Loss: 18.425 (18.187)		Time Dataloader: 0.003 (0.004)		Time Network: 20.938 (17.674)
Train Epoch: 3 [5376/9500 (57%)]		Loss: 18.146 (18.187)		Time Dataloader: 0.002 (0.004)		Time Network: 21.176 (17.715)
Train Epoch: 3 [5440/9500 (57%)]		Loss: 18.477 (18.190)		Time Dataloader: 0.003 (0.004)		Time Network: 21.214 (17.756)
Train Epoch: 3 [5504/9500 (58%)]		Loss: 17.882 (18.187)		Time Dataloader: 0.003 (0.004)		Time Network: 21.707 (17.801)
Train Epoch: 3 [5568/9500 (59%)]		Loss: 18.865 (18.194)		Time Dataloader: 0.003 (0.004)		Time Network: 21.457 (17.843)
Train Epoch: 3 [5632/9500 (59%)]		Loss: 18.180 (18.194)		Time Dataloader: 0.011 (0.004)		Time Network: 21.005 (17.878)
Train Epoch: 3 [5696/9500 (60%)]		Loss: 18.220 (18.195)		Time Dataloader: 0.003 (0.004)		Time Network: 20.876 (17.912)
Train Epoch: 3 [5760/9500 (61%)]		Loss: 17.931 (18.192)		Time Dataloader: 0.003 (0.004)		Time Network: 21.094 (17.947)
Train Epoch: 3 [5824/9500 (61%)]		Loss: 18.114 (18.191)		Time Dataloader: 0.003 (0.004)		Time Network: 20.375 (17.973)
Train Epoch: 3 [5888/9500 (62%)]		Loss: 18.240 (18.191)		Time Dataloader: 0.002 (0.004)		Time Network: 20.799 (18.003)
Train Epoch: 3 [5952/9500 (63%)]		Loss: 17.763 (18.187)		Time Dataloader: 0.004 (0.004)		Time Network: 20.075 (18.025)
Train Epoch: 3 [6016/9500 (63%)]		Loss: 18.360 (18.189)		Time Dataloader: 0.003 (0.004)		Time Network: 21.099 (18.058)
Train Epoch: 3 [6080/9500 (64%)]		Loss: 18.226 (18.189)		Time Dataloader: 0.003 (0.004)		Time Network: 20.550 (18.084)
Train Epoch: 3 [6144/9500 (65%)]		Loss: 18.581 (18.193)		Time Dataloader: 0.005 (0.004)		Time Network: 21.028 (18.114)
Train Epoch: 3 [6208/9500 (65%)]		Loss: 18.283 (18.194)		Time Dataloader: 0.002 (0.004)		Time Network: 20.272 (18.136)
Train Epoch: 3 [6272/9500 (66%)]		Loss: 18.324 (18.195)		Time Dataloader: 0.003 (0.004)		Time Network: 20.121 (18.156)
Train Epoch: 3 [6336/9500 (67%)]		Loss: 17.719 (18.190)		Time Dataloader: 0.002 (0.004)		Time Network: 20.024 (18.175)
Train Epoch: 3 [6400/9500 (67%)]		Loss: 18.266 (18.191)		Time Dataloader: 0.002 (0.004)		Time Network: 20.504 (18.198)
Train Epoch: 3 [6464/9500 (68%)]		Loss: 17.620 (18.186)		Time Dataloader: 0.003 (0.004)		Time Network: 24.051 (18.255)
Train Epoch: 3 [6528/9500 (69%)]		Loss: 18.356 (18.187)		Time Dataloader: 0.003 (0.004)		Time Network: 21.341 (18.285)
Train Epoch: 3 [6592/9500 (69%)]		Loss: 18.811 (18.193)		Time Dataloader: 0.010 (0.004)		Time Network: 21.120 (18.312)
Train Epoch: 3 [6656/9500 (70%)]		Loss: 18.507 (18.196)		Time Dataloader: 0.002 (0.004)		Time Network: 20.932 (18.337)
Train Epoch: 3 [6720/9500 (71%)]		Loss: 18.467 (18.199)		Time Dataloader: 0.010 (0.004)		Time Network: 19.941 (18.353)
Train Epoch: 3 [6784/9500 (71%)]		Loss: 18.242 (18.199)		Time Dataloader: 0.002 (0.004)		Time Network: 20.058 (18.368)
Train Epoch: 3 [6848/9500 (72%)]		Loss: 18.192 (18.199)		Time Dataloader: 0.003 (0.004)		Time Network: 19.456 (18.379)
Train Epoch: 3 [6912/9500 (73%)]		Loss: 18.464 (18.202)		Time Dataloader: 0.002 (0.004)		Time Network: 20.693 (18.400)
Train Epoch: 3 [6976/9500 (73%)]		Loss: 17.915 (18.199)		Time Dataloader: 0.002 (0.004)		Time Network: 21.372 (18.427)
Train Epoch: 3 [7040/9500 (74%)]		Loss: 17.907 (18.196)		Time Dataloader: 0.003 (0.004)		Time Network: 20.528 (18.446)
Train Epoch: 3 [7104/9500 (75%)]		Loss: 17.792 (18.193)		Time Dataloader: 0.010 (0.004)		Time Network: 21.288 (18.471)
Train Epoch: 3 [7168/9500 (75%)]		Loss: 18.554 (18.196)		Time Dataloader: 0.002 (0.004)		Time Network: 20.950 (18.493)
Train Epoch: 3 [7232/9500 (76%)]		Loss: 17.980 (18.194)		Time Dataloader: 0.003 (0.004)		Time Network: 20.915 (18.514)
Train Epoch: 3 [7296/9500 (77%)]		Loss: 18.280 (18.195)		Time Dataloader: 0.009 (0.004)		Time Network: 2.304 (18.373)
Train Epoch: 3 [7360/9500 (77%)]		Loss: 17.903 (18.192)		Time Dataloader: 0.002 (0.004)		Time Network: 20.637 (18.393)
Train Epoch: 3 [7424/9500 (78%)]		Loss: 17.818 (18.189)		Time Dataloader: 0.004 (0.004)		Time Network: 21.404 (18.419)
Train Epoch: 3 [7488/9500 (79%)]		Loss: 18.481 (18.192)		Time Dataloader: 0.002 (0.004)		Time Network: 22.515 (18.453)
Train Epoch: 3 [7552/9500 (79%)]		Loss: 18.430 (18.194)		Time Dataloader: 0.003 (0.004)		Time Network: 22.329 (18.486)
Train Epoch: 3 [7616/9500 (80%)]		Loss: 18.128 (18.193)		Time Dataloader: 0.003 (0.004)		Time Network: 20.946 (18.506)
Train Epoch: 3 [7680/9500 (81%)]		Loss: 17.977 (18.191)		Time Dataloader: 0.002 (0.004)		Time Network: 20.651 (18.524)
Train Epoch: 3 [7744/9500 (82%)]		Loss: 18.042 (18.190)		Time Dataloader: 0.002 (0.004)		Time Network: 20.766 (18.542)
Train Epoch: 3 [7808/9500 (82%)]		Loss: 18.245 (18.190)		Time Dataloader: 0.005 (0.004)		Time Network: 20.809 (18.561)
Train Epoch: 3 [7872/9500 (83%)]		Loss: 18.087 (18.190)		Time Dataloader: 0.002 (0.004)		Time Network: 20.726 (18.578)
Train Epoch: 3 [7936/9500 (84%)]		Loss: 18.300 (18.191)		Time Dataloader: 0.009 (0.004)		Time Network: 4.866 (18.469)
Train Epoch: 3 [8000/9500 (84%)]		Loss: 18.041 (18.189)		Time Dataloader: 0.002 (0.004)		Time Network: 20.659 (18.486)
Train Epoch: 3 [8064/9500 (85%)]		Loss: 18.245 (18.190)		Time Dataloader: 0.005 (0.004)		Time Network: 3.595 (18.369)
Train Epoch: 3 [8128/9500 (86%)]		Loss: 18.115 (18.189)		Time Dataloader: 0.002 (0.004)		Time Network: 19.127 (18.375)
Train Epoch: 3 [8192/9500 (86%)]		Loss: 18.115 (18.189)		Time Dataloader: 0.003 (0.004)		Time Network: 19.739 (18.385)
Train Epoch: 3 [8256/9500 (87%)]		Loss: 18.008 (18.187)		Time Dataloader: 0.002 (0.004)		Time Network: 20.015 (18.398)
Train Epoch: 3 [8320/9500 (88%)]		Loss: 17.839 (18.185)		Time Dataloader: 0.009 (0.004)		Time Network: 19.882 (18.409)
Train Epoch: 3 [8384/9500 (88%)]		Loss: 18.090 (18.184)		Time Dataloader: 0.002 (0.004)		Time Network: 19.862 (18.420)
Train Epoch: 3 [8448/9500 (89%)]		Loss: 18.252 (18.184)		Time Dataloader: 0.009 (0.004)		Time Network: 22.055 (18.448)
Train Epoch: 3 [8512/9500 (90%)]		Loss: 18.160 (18.184)		Time Dataloader: 0.002 (0.004)		Time Network: 20.519 (18.463)
Train Epoch: 3 [8576/9500 (90%)]		Loss: 17.962 (18.183)		Time Dataloader: 0.002 (0.004)		Time Network: 1.312 (18.336)
Train Epoch: 3 [8640/9500 (91%)]		Loss: 18.562 (18.185)		Time Dataloader: 0.002 (0.004)		Time Network: 20.383 (18.351)
Train Epoch: 3 [8704/9500 (92%)]		Loss: 18.652 (18.189)		Time Dataloader: 0.010 (0.004)		Time Network: 19.607 (18.360)
Train Epoch: 3 [8768/9500 (92%)]		Loss: 18.117 (18.188)		Time Dataloader: 0.002 (0.004)		Time Network: 20.109 (18.373)
Train Epoch: 3 [8832/9500 (93%)]		Loss: 18.121 (18.188)		Time Dataloader: 0.002 (0.004)		Time Network: 5.026 (18.277)
Train Epoch: 3 [8896/9500 (94%)]		Loss: 18.306 (18.189)		Time Dataloader: 0.002 (0.004)		Time Network: 19.432 (18.285)
Train Epoch: 3 [8960/9500 (94%)]		Loss: 18.184 (18.189)		Time Dataloader: 0.009 (0.004)		Time Network: 19.529 (18.294)
Train Epoch: 3 [9024/9500 (95%)]		Loss: 18.511 (18.191)		Time Dataloader: 0.002 (0.004)		Time Network: 19.919 (18.305)
Train Epoch: 3 [9088/9500 (96%)]		Loss: 19.042 (18.197)		Time Dataloader: 0.003 (0.004)		Time Network: 20.409 (18.320)
Train Epoch: 3 [9152/9500 (96%)]		Loss: 18.740 (18.201)		Time Dataloader: 0.002 (0.004)		Time Network: 20.828 (18.337)
Train Epoch: 3 [9216/9500 (97%)]		Loss: 18.112 (18.200)		Time Dataloader: 0.003 (0.004)		Time Network: 20.221 (18.350)
Train Epoch: 3 [9280/9500 (98%)]		Loss: 18.102 (18.199)		Time Dataloader: 0.017 (0.004)		Time Network: 20.022 (18.362)
Train Epoch: 3 [9344/9500 (98%)]		Loss: 18.341 (18.200)		Time Dataloader: 0.002 (0.004)		Time Network: 5.780 (18.276)
Train Epoch: 3 [9408/9500 (99%)]		Loss: 17.981 (18.199)		Time Dataloader: 0.003 (0.004)		Time Network: 0.098 (18.153)
Train Epoch: 3 [9472/9500 (100%)]		Loss: 17.822 (18.198)		Time Dataloader: 0.002 (0.004)		Time Network: 17.874 (18.152)
Done. This took 45: 5 min.
Start testing epoch 3
Test Epoch: 3 [0/500 (0%)]		Loss: 18.571 (18.571)		Time Dataloader: 0.174 (0.174)		Time Network: 3.141 (3.141)
Test Epoch: 3 [64/500 (13%)]		Loss: 18.310 (18.440)		Time Dataloader: 0.001 (0.088)		Time Network: 3.140 (3.141)
Test Epoch: 3 [128/500 (26%)]		Loss: 18.262 (18.381)		Time Dataloader: 0.003 (0.059)		Time Network: 3.033 (3.105)
Test Epoch: 3 [192/500 (38%)]		Loss: 18.333 (18.369)		Time Dataloader: 0.001 (0.045)		Time Network: 3.174 (3.122)
Test Epoch: 3 [256/500 (51%)]		Loss: 18.339 (18.363)		Time Dataloader: 0.002 (0.036)		Time Network: 3.062 (3.110)
Test Epoch: 3 [320/500 (64%)]		Loss: 18.071 (18.314)		Time Dataloader: 0.001 (0.030)		Time Network: 3.358 (3.151)
Test Epoch: 3 [384/500 (77%)]		Loss: 18.217 (18.301)		Time Dataloader: 0.010 (0.027)		Time Network: 3.039 (3.135)
Test Epoch: 3 [448/500 (90%)]		Loss: 18.081 (18.278)		Time Dataloader: 0.001 (0.024)		Time Network: 3.096 (3.130)
Done. This took  0:25 min.
Saving model to training/model_latest.pt. Done.
Finished training epoch 3.


Start training epoch 4 with lr [9.45503262094184e-05]
Train Epoch: 4 [0/9500 (0%)]		Loss: 18.206 (18.206)		Time Dataloader: 0.093 (0.093)		Time Network: 22.404 (22.404)
Train Epoch: 4 [64/9500 (1%)]		Loss: 18.073 (18.139)		Time Dataloader: 0.001 (0.047)		Time Network: 21.784 (22.094)
Train Epoch: 4 [128/9500 (1%)]		Loss: 18.144 (18.141)		Time Dataloader: 0.002 (0.032)		Time Network: 21.101 (21.763)
Train Epoch: 4 [192/9500 (2%)]		Loss: 17.893 (18.079)		Time Dataloader: 0.001 (0.024)		Time Network: 20.670 (21.490)
Train Epoch: 4 [256/9500 (3%)]		Loss: 18.311 (18.125)		Time Dataloader: 0.001 (0.019)		Time Network: 15.392 (20.270)
Train Epoch: 4 [320/9500 (3%)]		Loss: 18.013 (18.107)		Time Dataloader: 0.001 (0.016)		Time Network: 19.780 (20.188)
Train Epoch: 4 [384/9500 (4%)]		Loss: 17.762 (18.057)		Time Dataloader: 0.013 (0.016)		Time Network: 14.630 (19.394)
Train Epoch: 4 [448/9500 (5%)]		Loss: 17.979 (18.048)		Time Dataloader: 0.001 (0.014)		Time Network: 20.263 (19.503)
Train Epoch: 4 [512/9500 (5%)]		Loss: 17.632 (18.001)		Time Dataloader: 0.002 (0.013)		Time Network: 21.411 (19.715)
Train Epoch: 4 [576/9500 (6%)]		Loss: 18.123 (18.014)		Time Dataloader: 0.002 (0.012)		Time Network: 21.329 (19.876)
Train Epoch: 4 [640/9500 (7%)]		Loss: 18.510 (18.059)		Time Dataloader: 0.001 (0.011)		Time Network: 20.182 (19.904)
Train Epoch: 4 [704/9500 (7%)]		Loss: 18.113 (18.063)		Time Dataloader: 0.001 (0.010)		Time Network: 20.022 (19.914)
Train Epoch: 4 [768/9500 (8%)]		Loss: 18.211 (18.075)		Time Dataloader: 0.010 (0.010)		Time Network: 18.854 (19.832)
Train Epoch: 4 [832/9500 (9%)]		Loss: 17.982 (18.068)		Time Dataloader: 0.011 (0.010)		Time Network: 19.599 (19.816)
Train Epoch: 4 [896/9500 (9%)]		Loss: 18.042 (18.066)		Time Dataloader: 0.003 (0.010)		Time Network: 19.067 (19.766)
Train Epoch: 4 [960/9500 (10%)]		Loss: 18.326 (18.082)		Time Dataloader: 0.002 (0.009)		Time Network: 20.143 (19.789)
Train Epoch: 4 [1024/9500 (11%)]		Loss: 18.349 (18.098)		Time Dataloader: 0.002 (0.009)		Time Network: 20.276 (19.818)
Train Epoch: 4 [1088/9500 (11%)]		Loss: 18.470 (18.119)		Time Dataloader: 0.002 (0.008)		Time Network: 19.055 (19.776)
Train Epoch: 4 [1152/9500 (12%)]		Loss: 18.112 (18.118)		Time Dataloader: 0.002 (0.008)		Time Network: 19.245 (19.748)
Train Epoch: 4 [1216/9500 (13%)]		Loss: 17.935 (18.109)		Time Dataloader: 0.002 (0.008)		Time Network: 19.965 (19.759)
Train Epoch: 4 [1280/9500 (13%)]		Loss: 18.077 (18.108)		Time Dataloader: 0.002 (0.007)		Time Network: 20.073 (19.773)
Train Epoch: 4 [1344/9500 (14%)]		Loss: 17.859 (18.096)		Time Dataloader: 0.008 (0.007)		Time Network: 18.876 (19.733)
Train Epoch: 4 [1408/9500 (15%)]		Loss: 18.056 (18.095)		Time Dataloader: 0.009 (0.007)		Time Network: 14.747 (19.516)
Train Epoch: 4 [1472/9500 (15%)]		Loss: 17.637 (18.076)		Time Dataloader: 0.002 (0.007)		Time Network: 19.002 (19.495)
Train Epoch: 4 [1536/9500 (16%)]		Loss: 18.251 (18.083)		Time Dataloader: 0.003 (0.007)		Time Network: 18.382 (19.450)
Train Epoch: 4 [1600/9500 (17%)]		Loss: 17.992 (18.079)		Time Dataloader: 0.002 (0.007)		Time Network: 18.793 (19.425)
Train Epoch: 4 [1664/9500 (18%)]		Loss: 18.099 (18.080)		Time Dataloader: 0.002 (0.007)		Time Network: 19.575 (19.430)
Train Epoch: 4 [1728/9500 (18%)]		Loss: 18.367 (18.090)		Time Dataloader: 0.002 (0.006)		Time Network: 20.676 (19.475)
Train Epoch: 4 [1792/9500 (19%)]		Loss: 17.724 (18.077)		Time Dataloader: 0.007 (0.007)		Time Network: 19.718 (19.483)
Train Epoch: 4 [1856/9500 (20%)]		Loss: 18.384 (18.088)		Time Dataloader: 0.003 (0.006)		Time Network: 20.439 (19.515)
Train Epoch: 4 [1920/9500 (20%)]		Loss: 18.035 (18.086)		Time Dataloader: 0.002 (0.006)		Time Network: 21.336 (19.574)
Train Epoch: 4 [1984/9500 (21%)]		Loss: 17.852 (18.079)		Time Dataloader: 0.002 (0.006)		Time Network: 22.852 (19.676)
Train Epoch: 4 [2048/9500 (22%)]		Loss: 18.205 (18.082)		Time Dataloader: 0.002 (0.006)		Time Network: 20.729 (19.708)
Train Epoch: 4 [2112/9500 (22%)]		Loss: 17.735 (18.072)		Time Dataloader: 0.002 (0.006)		Time Network: 20.606 (19.735)
Train Epoch: 4 [2176/9500 (23%)]		Loss: 18.034 (18.071)		Time Dataloader: 0.002 (0.006)		Time Network: 22.376 (19.810)
Train Epoch: 4 [2240/9500 (24%)]		Loss: 17.759 (18.063)		Time Dataloader: 0.002 (0.006)		Time Network: 21.204 (19.849)
Train Epoch: 4 [2304/9500 (24%)]		Loss: 17.884 (18.058)		Time Dataloader: 0.003 (0.006)		Time Network: 19.478 (19.839)
Train Epoch: 4 [2368/9500 (25%)]		Loss: 18.044 (18.057)		Time Dataloader: 0.002 (0.006)		Time Network: 19.089 (19.819)
Train Epoch: 4 [2432/9500 (26%)]		Loss: 18.393 (18.066)		Time Dataloader: 0.002 (0.005)		Time Network: 19.414 (19.809)
Train Epoch: 4 [2496/9500 (26%)]		Loss: 18.448 (18.075)		Time Dataloader: 0.002 (0.005)		Time Network: 20.483 (19.825)
Train Epoch: 4 [2560/9500 (27%)]		Loss: 18.402 (18.083)		Time Dataloader: 0.002 (0.005)		Time Network: 20.118 (19.833)
Train Epoch: 4 [2624/9500 (28%)]		Loss: 18.097 (18.084)		Time Dataloader: 0.002 (0.005)		Time Network: 20.211 (19.842)
Train Epoch: 4 [2688/9500 (28%)]		Loss: 18.201 (18.086)		Time Dataloader: 0.002 (0.005)		Time Network: 20.079 (19.847)
Train Epoch: 4 [2752/9500 (29%)]		Loss: 18.508 (18.096)		Time Dataloader: 0.004 (0.005)		Time Network: 20.175 (19.855)
Train Epoch: 4 [2816/9500 (30%)]		Loss: 18.504 (18.105)		Time Dataloader: 0.002 (0.005)		Time Network: 17.551 (19.803)
Train Epoch: 4 [2880/9500 (30%)]		Loss: 18.283 (18.109)		Time Dataloader: 0.003 (0.005)		Time Network: 22.124 (19.854)
Train Epoch: 4 [2944/9500 (31%)]		Loss: 17.644 (18.099)		Time Dataloader: 0.002 (0.005)		Time Network: 24.406 (19.951)
Train Epoch: 4 [3008/9500 (32%)]		Loss: 18.115 (18.099)		Time Dataloader: 0.002 (0.005)		Time Network: 21.403 (19.981)
Train Epoch: 4 [3072/9500 (32%)]		Loss: 18.554 (18.109)		Time Dataloader: 0.003 (0.005)		Time Network: 20.912 (20.000)
Train Epoch: 4 [3136/9500 (33%)]		Loss: 18.114 (18.109)		Time Dataloader: 0.003 (0.005)		Time Network: 20.440 (20.009)
Train Epoch: 4 [3200/9500 (34%)]		Loss: 18.002 (18.107)		Time Dataloader: 0.003 (0.005)		Time Network: 20.787 (20.024)
Train Epoch: 4 [3264/9500 (34%)]		Loss: 18.318 (18.111)		Time Dataloader: 0.003 (0.005)		Time Network: 20.803 (20.039)
Train Epoch: 4 [3328/9500 (35%)]		Loss: 17.842 (18.106)		Time Dataloader: 0.003 (0.005)		Time Network: 20.782 (20.053)
Train Epoch: 4 [3392/9500 (36%)]		Loss: 18.392 (18.111)		Time Dataloader: 0.003 (0.005)		Time Network: 21.653 (20.083)
Train Epoch: 4 [3456/9500 (36%)]		Loss: 18.242 (18.113)		Time Dataloader: 0.003 (0.005)		Time Network: 21.735 (20.113)
Train Epoch: 4 [3520/9500 (37%)]		Loss: 18.082 (18.113)		Time Dataloader: 0.002 (0.005)		Time Network: 20.528 (20.120)
Train Epoch: 4 [3584/9500 (38%)]		Loss: 18.401 (18.118)		Time Dataloader: 0.003 (0.005)		Time Network: 20.502 (20.127)
Train Epoch: 4 [3648/9500 (38%)]		Loss: 18.405 (18.123)		Time Dataloader: 0.002 (0.004)		Time Network: 20.515 (20.133)
Train Epoch: 4 [3712/9500 (39%)]		Loss: 18.423 (18.128)		Time Dataloader: 0.003 (0.004)		Time Network: 6.872 (19.909)
Train Epoch: 4 [3776/9500 (40%)]		Loss: 18.373 (18.132)		Time Dataloader: 0.002 (0.004)		Time Network: 20.202 (19.914)
Train Epoch: 4 [3840/9500 (40%)]		Loss: 18.447 (18.137)		Time Dataloader: 0.002 (0.004)		Time Network: 22.039 (19.948)
Train Epoch: 4 [3904/9500 (41%)]		Loss: 18.038 (18.136)		Time Dataloader: 0.003 (0.004)		Time Network: 20.399 (19.956)
Train Epoch: 4 [3968/9500 (42%)]		Loss: 18.188 (18.136)		Time Dataloader: 0.003 (0.004)		Time Network: 20.177 (19.959)
Train Epoch: 4 [4032/9500 (42%)]		Loss: 18.497 (18.142)		Time Dataloader: 0.003 (0.004)		Time Network: 20.013 (19.960)
Train Epoch: 4 [4096/9500 (43%)]		Loss: 17.751 (18.136)		Time Dataloader: 0.002 (0.004)		Time Network: 20.511 (19.969)
Train Epoch: 4 [4160/9500 (44%)]		Loss: 18.124 (18.136)		Time Dataloader: 0.002 (0.004)		Time Network: 2.178 (19.699)
Train Epoch: 4 [4224/9500 (44%)]		Loss: 18.244 (18.137)		Time Dataloader: 0.002 (0.004)		Time Network: 20.825 (19.716)
Train Epoch: 4 [4288/9500 (45%)]		Loss: 18.419 (18.142)		Time Dataloader: 0.003 (0.004)		Time Network: 0.607 (19.435)
Train Epoch: 4 [4352/9500 (46%)]		Loss: 18.136 (18.142)		Time Dataloader: 0.003 (0.004)		Time Network: 19.317 (19.433)
Train Epoch: 4 [4416/9500 (46%)]		Loss: 18.233 (18.143)		Time Dataloader: 0.003 (0.004)		Time Network: 20.757 (19.452)
Train Epoch: 4 [4480/9500 (47%)]		Loss: 18.159 (18.143)		Time Dataloader: 0.002 (0.004)		Time Network: 1.717 (19.202)
Train Epoch: 4 [4544/9500 (48%)]		Loss: 17.715 (18.137)		Time Dataloader: 0.002 (0.004)		Time Network: 20.126 (19.215)
Train Epoch: 4 [4608/9500 (49%)]		Loss: 18.160 (18.137)		Time Dataloader: 0.003 (0.004)		Time Network: 20.990 (19.239)
Train Epoch: 4 [4672/9500 (49%)]		Loss: 18.329 (18.140)		Time Dataloader: 0.003 (0.004)		Time Network: 21.199 (19.266)
Train Epoch: 4 [4736/9500 (50%)]		Loss: 18.111 (18.140)		Time Dataloader: 0.006 (0.004)		Time Network: 20.468 (19.282)
Train Epoch: 4 [4800/9500 (51%)]		Loss: 18.005 (18.138)		Time Dataloader: 0.002 (0.004)		Time Network: 0.775 (19.038)
Train Epoch: 4 [4864/9500 (51%)]		Loss: 17.932 (18.135)		Time Dataloader: 0.006 (0.004)		Time Network: 20.573 (19.058)
Train Epoch: 4 [4928/9500 (52%)]		Loss: 17.822 (18.131)		Time Dataloader: 0.010 (0.004)		Time Network: 20.812 (19.081)
Train Epoch: 4 [4992/9500 (53%)]		Loss: 18.513 (18.136)		Time Dataloader: 0.003 (0.004)		Time Network: 2.601 (18.872)
Train Epoch: 4 [5056/9500 (53%)]		Loss: 18.160 (18.136)		Time Dataloader: 0.006 (0.004)		Time Network: 20.851 (18.897)
Train Epoch: 4 [5120/9500 (54%)]		Loss: 18.567 (18.142)		Time Dataloader: 0.010 (0.004)		Time Network: 23.083 (18.949)
Train Epoch: 4 [5184/9500 (55%)]		Loss: 17.820 (18.138)		Time Dataloader: 0.002 (0.004)		Time Network: 21.705 (18.982)
Train Epoch: 4 [5248/9500 (55%)]		Loss: 18.343 (18.140)		Time Dataloader: 0.002 (0.004)		Time Network: 20.219 (18.997)
Train Epoch: 4 [5312/9500 (56%)]		Loss: 18.543 (18.145)		Time Dataloader: 0.002 (0.004)		Time Network: 20.531 (19.015)
Train Epoch: 4 [5376/9500 (57%)]		Loss: 17.912 (18.142)		Time Dataloader: 0.002 (0.004)		Time Network: 20.595 (19.034)
Train Epoch: 4 [5440/9500 (57%)]		Loss: 18.142 (18.142)		Time Dataloader: 0.009 (0.004)		Time Network: 4.694 (18.867)
Train Epoch: 4 [5504/9500 (58%)]		Loss: 18.216 (18.143)		Time Dataloader: 0.002 (0.004)		Time Network: 20.892 (18.890)
Train Epoch: 4 [5568/9500 (59%)]		Loss: 18.219 (18.144)		Time Dataloader: 0.002 (0.004)		Time Network: 20.563 (18.909)
Train Epoch: 4 [5632/9500 (59%)]		Loss: 18.135 (18.144)		Time Dataloader: 0.002 (0.004)		Time Network: 18.279 (18.902)
Train Epoch: 4 [5696/9500 (60%)]		Loss: 18.227 (18.145)		Time Dataloader: 0.002 (0.004)		Time Network: 21.443 (18.931)
Train Epoch: 4 [5760/9500 (61%)]		Loss: 18.181 (18.145)		Time Dataloader: 0.002 (0.004)		Time Network: 20.978 (18.953)
Train Epoch: 4 [5824/9500 (61%)]		Loss: 17.985 (18.143)		Time Dataloader: 0.002 (0.004)		Time Network: 19.597 (18.960)
Train Epoch: 4 [5888/9500 (62%)]		Loss: 18.522 (18.148)		Time Dataloader: 0.002 (0.004)		Time Network: 20.648 (18.978)
Train Epoch: 4 [5952/9500 (63%)]		Loss: 17.989 (18.146)		Time Dataloader: 0.002 (0.004)		Time Network: 20.387 (18.993)
Train Epoch: 4 [6016/9500 (63%)]		Loss: 18.285 (18.147)		Time Dataloader: 0.002 (0.004)		Time Network: 20.247 (19.006)
Train Epoch: 4 [6080/9500 (64%)]		Loss: 17.854 (18.144)		Time Dataloader: 0.002 (0.004)		Time Network: 23.067 (19.049)
Train Epoch: 4 [6144/9500 (65%)]		Loss: 18.254 (18.145)		Time Dataloader: 0.003 (0.004)		Time Network: 21.175 (19.071)
Train Epoch: 4 [6208/9500 (65%)]		Loss: 17.829 (18.142)		Time Dataloader: 0.002 (0.004)		Time Network: 17.280 (19.052)
Train Epoch: 4 [6272/9500 (66%)]		Loss: 18.193 (18.143)		Time Dataloader: 0.002 (0.004)		Time Network: 20.334 (19.065)
Train Epoch: 4 [6336/9500 (67%)]		Loss: 18.104 (18.142)		Time Dataloader: 0.003 (0.004)		Time Network: 0.388 (18.879)
Train Epoch: 4 [6400/9500 (67%)]		Loss: 18.052 (18.141)		Time Dataloader: 0.002 (0.004)		Time Network: 0.200 (18.694)
Train Epoch: 4 [6464/9500 (68%)]		Loss: 17.857 (18.139)		Time Dataloader: 0.002 (0.004)		Time Network: 20.405 (18.710)
Train Epoch: 4 [6528/9500 (69%)]		Loss: 18.133 (18.139)		Time Dataloader: 0.003 (0.004)		Time Network: 17.575 (18.699)
Train Epoch: 4 [6592/9500 (69%)]		Loss: 17.906 (18.136)		Time Dataloader: 0.003 (0.004)		Time Network: 19.984 (18.712)
Train Epoch: 4 [6656/9500 (70%)]		Loss: 17.923 (18.134)		Time Dataloader: 0.002 (0.004)		Time Network: 19.821 (18.722)
Train Epoch: 4 [6720/9500 (71%)]		Loss: 19.065 (18.143)		Time Dataloader: 0.002 (0.004)		Time Network: 20.980 (18.744)
Train Epoch: 4 [6784/9500 (71%)]		Loss: 18.193 (18.144)		Time Dataloader: 0.010 (0.004)		Time Network: 21.277 (18.767)
Train Epoch: 4 [6848/9500 (72%)]		Loss: 18.271 (18.145)		Time Dataloader: 0.002 (0.004)		Time Network: 21.585 (18.793)
Train Epoch: 4 [6912/9500 (73%)]		Loss: 17.970 (18.143)		Time Dataloader: 0.002 (0.004)		Time Network: 20.640 (18.810)
Train Epoch: 4 [6976/9500 (73%)]		Loss: 18.304 (18.145)		Time Dataloader: 0.003 (0.004)		Time Network: 21.378 (18.834)
Train Epoch: 4 [7040/9500 (74%)]		Loss: 18.039 (18.144)		Time Dataloader: 0.002 (0.004)		Time Network: 20.303 (18.847)
Train Epoch: 4 [7104/9500 (75%)]		Loss: 18.085 (18.143)		Time Dataloader: 0.002 (0.004)		Time Network: 22.392 (18.879)
Train Epoch: 4 [7168/9500 (75%)]		Loss: 18.277 (18.144)		Time Dataloader: 0.003 (0.004)		Time Network: 22.766 (18.913)
Train Epoch: 4 [7232/9500 (76%)]		Loss: 18.193 (18.145)		Time Dataloader: 0.002 (0.004)		Time Network: 22.228 (18.942)
Train Epoch: 4 [7296/9500 (77%)]		Loss: 18.340 (18.146)		Time Dataloader: 0.003 (0.004)		Time Network: 21.040 (18.960)
Train Epoch: 4 [7360/9500 (77%)]		Loss: 18.093 (18.146)		Time Dataloader: 0.004 (0.004)		Time Network: 20.970 (18.978)
Train Epoch: 4 [7424/9500 (78%)]		Loss: 18.720 (18.151)		Time Dataloader: 0.003 (0.004)		Time Network: 1.178 (18.825)
Train Epoch: 4 [7488/9500 (79%)]		Loss: 17.882 (18.149)		Time Dataloader: 0.003 (0.004)		Time Network: 20.768 (18.842)
Train Epoch: 4 [7552/9500 (79%)]		Loss: 17.909 (18.147)		Time Dataloader: 0.003 (0.004)		Time Network: 21.475 (18.864)
Train Epoch: 4 [7616/9500 (80%)]		Loss: 17.770 (18.143)		Time Dataloader: 0.003 (0.004)		Time Network: 1.992 (18.723)
Train Epoch: 4 [7680/9500 (81%)]		Loss: 18.057 (18.143)		Time Dataloader: 0.003 (0.004)		Time Network: 21.261 (18.744)
Train Epoch: 4 [7744/9500 (82%)]		Loss: 17.742 (18.139)		Time Dataloader: 0.003 (0.004)		Time Network: 20.587 (18.760)
Train Epoch: 4 [7808/9500 (82%)]		Loss: 18.513 (18.142)		Time Dataloader: 0.015 (0.004)		Time Network: 20.326 (18.772)
Train Epoch: 4 [7872/9500 (83%)]		Loss: 17.861 (18.140)		Time Dataloader: 0.005 (0.004)		Time Network: 2.212 (18.639)
Train Epoch: 4 [7936/9500 (84%)]		Loss: 18.354 (18.142)		Time Dataloader: 0.010 (0.004)		Time Network: 20.292 (18.652)
Train Epoch: 4 [8000/9500 (84%)]		Loss: 18.117 (18.142)		Time Dataloader: 0.002 (0.004)		Time Network: 22.057 (18.679)
Train Epoch: 4 [8064/9500 (85%)]		Loss: 18.139 (18.142)		Time Dataloader: 0.003 (0.004)		Time Network: 21.098 (18.698)
Train Epoch: 4 [8128/9500 (86%)]		Loss: 18.193 (18.142)		Time Dataloader: 0.005 (0.004)		Time Network: 20.936 (18.716)
Train Epoch: 4 [8192/9500 (86%)]		Loss: 18.186 (18.142)		Time Dataloader: 0.002 (0.004)		Time Network: 1.539 (18.582)
Train Epoch: 4 [8256/9500 (87%)]		Loss: 18.306 (18.144)		Time Dataloader: 0.003 (0.004)		Time Network: 21.648 (18.606)
Train Epoch: 4 [8320/9500 (88%)]		Loss: 18.144 (18.144)		Time Dataloader: 0.003 (0.004)		Time Network: 0.323 (18.466)
Train Epoch: 4 [8384/9500 (88%)]		Loss: 18.338 (18.145)		Time Dataloader: 0.002 (0.004)		Time Network: 20.255 (18.480)
Train Epoch: 4 [8448/9500 (89%)]		Loss: 18.274 (18.146)		Time Dataloader: 0.004 (0.004)		Time Network: 19.086 (18.484)
Train Epoch: 4 [8512/9500 (90%)]		Loss: 17.750 (18.143)		Time Dataloader: 0.002 (0.004)		Time Network: 19.847 (18.495)
Train Epoch: 4 [8576/9500 (90%)]		Loss: 17.978 (18.142)		Time Dataloader: 0.003 (0.004)		Time Network: 20.075 (18.506)
Train Epoch: 4 [8640/9500 (91%)]		Loss: 18.418 (18.144)		Time Dataloader: 0.002 (0.004)		Time Network: 18.603 (18.507)
Train Epoch: 4 [8704/9500 (92%)]		Loss: 17.961 (18.143)		Time Dataloader: 0.003 (0.004)		Time Network: 0.107 (18.373)
Train Epoch: 4 [8768/9500 (92%)]		Loss: 18.257 (18.143)		Time Dataloader: 0.002 (0.004)		Time Network: 0.095 (18.240)
Train Epoch: 4 [8832/9500 (93%)]		Loss: 18.117 (18.143)		Time Dataloader: 0.003 (0.004)		Time Network: 0.118 (18.110)
Train Epoch: 4 [8896/9500 (94%)]		Loss: 18.024 (18.142)		Time Dataloader: 0.004 (0.004)		Time Network: 0.100 (17.981)
Train Epoch: 4 [8960/9500 (94%)]		Loss: 18.088 (18.142)		Time Dataloader: 0.009 (0.004)		Time Network: 18.980 (17.988)
Train Epoch: 4 [9024/9500 (95%)]		Loss: 18.025 (18.141)		Time Dataloader: 0.007 (0.004)		Time Network: 18.991 (17.995)
Train Epoch: 4 [9088/9500 (96%)]		Loss: 18.386 (18.143)		Time Dataloader: 0.002 (0.004)		Time Network: 20.209 (18.011)
Train Epoch: 4 [9152/9500 (96%)]		Loss: 17.876 (18.141)		Time Dataloader: 0.005 (0.004)		Time Network: 16.294 (17.999)
Train Epoch: 4 [9216/9500 (97%)]		Loss: 18.102 (18.141)		Time Dataloader: 0.003 (0.004)		Time Network: 19.512 (18.009)
Train Epoch: 4 [9280/9500 (98%)]		Loss: 18.102 (18.141)		Time Dataloader: 0.002 (0.004)		Time Network: 19.586 (18.020)
Train Epoch: 4 [9344/9500 (98%)]		Loss: 18.644 (18.144)		Time Dataloader: 0.003 (0.004)		Time Network: 21.148 (18.041)
Train Epoch: 4 [9408/9500 (99%)]		Loss: 18.241 (18.145)		Time Dataloader: 0.002 (0.004)		Time Network: 19.620 (18.052)
Train Epoch: 4 [9472/9500 (100%)]		Loss: 18.426 (18.145)		Time Dataloader: 0.002 (0.004)		Time Network: 17.642 (18.049)
Done. This took 44:50 min.
Start testing epoch 4
Test Epoch: 4 [0/500 (0%)]		Loss: 18.474 (18.474)		Time Dataloader: 0.177 (0.177)		Time Network: 3.297 (3.297)
Test Epoch: 4 [64/500 (13%)]		Loss: 18.252 (18.363)		Time Dataloader: 0.002 (0.089)		Time Network: 3.211 (3.254)
Test Epoch: 4 [128/500 (26%)]		Loss: 18.338 (18.355)		Time Dataloader: 0.001 (0.060)		Time Network: 2.979 (3.162)
Test Epoch: 4 [192/500 (38%)]		Loss: 18.249 (18.328)		Time Dataloader: 0.001 (0.045)		Time Network: 2.982 (3.117)
Test Epoch: 4 [256/500 (51%)]		Loss: 17.978 (18.258)		Time Dataloader: 0.001 (0.036)		Time Network: 3.027 (3.099)
Test Epoch: 4 [320/500 (64%)]		Loss: 17.968 (18.210)		Time Dataloader: 0.003 (0.031)		Time Network: 3.761 (3.209)
Test Epoch: 4 [384/500 (77%)]		Loss: 17.955 (18.174)		Time Dataloader: 0.004 (0.027)		Time Network: 3.653 (3.273)
Test Epoch: 4 [448/500 (90%)]		Loss: 17.955 (18.151)		Time Dataloader: 0.001 (0.024)		Time Network: 3.329 (3.280)
Done. This took  0:26 min.
Saving model to training/model_latest.pt. Done.
Finished training epoch 4.


Start training epoch 5 with lr [9.045084971874738e-05]
Train Epoch: 5 [0/9500 (0%)]		Loss: 18.140 (18.140)		Time Dataloader: 0.050 (0.050)		Time Network: 20.771 (20.771)
Train Epoch: 5 [64/9500 (1%)]		Loss: 18.214 (18.177)		Time Dataloader: 0.008 (0.029)		Time Network: 19.063 (19.917)
Train Epoch: 5 [128/9500 (1%)]		Loss: 18.282 (18.212)		Time Dataloader: 0.001 (0.019)		Time Network: 19.851 (19.895)
Train Epoch: 5 [192/9500 (2%)]		Loss: 17.881 (18.129)		Time Dataloader: 0.009 (0.017)		Time Network: 19.378 (19.766)
Train Epoch: 5 [256/9500 (3%)]		Loss: 18.259 (18.155)		Time Dataloader: 0.003 (0.014)		Time Network: 19.058 (19.624)
Train Epoch: 5 [320/9500 (3%)]		Loss: 18.217 (18.166)		Time Dataloader: 0.001 (0.012)		Time Network: 19.340 (19.577)
Train Epoch: 5 [384/9500 (4%)]		Loss: 18.223 (18.174)		Time Dataloader: 0.004 (0.011)		Time Network: 18.817 (19.468)
Train Epoch: 5 [448/9500 (5%)]		Loss: 18.103 (18.165)		Time Dataloader: 0.001 (0.009)		Time Network: 18.750 (19.379)
Train Epoch: 5 [512/9500 (5%)]		Loss: 18.274 (18.177)		Time Dataloader: 0.001 (0.009)		Time Network: 19.861 (19.432)
Train Epoch: 5 [576/9500 (6%)]		Loss: 18.675 (18.227)		Time Dataloader: 0.002 (0.008)		Time Network: 19.861 (19.475)
Train Epoch: 5 [640/9500 (7%)]		Loss: 18.264 (18.230)		Time Dataloader: 0.003 (0.007)		Time Network: 20.136 (19.535)
Train Epoch: 5 [704/9500 (7%)]		Loss: 18.071 (18.217)		Time Dataloader: 0.001 (0.007)		Time Network: 19.701 (19.549)
Train Epoch: 5 [768/9500 (8%)]		Loss: 17.940 (18.196)		Time Dataloader: 0.002 (0.007)		Time Network: 19.624 (19.555)
Train Epoch: 5 [832/9500 (9%)]		Loss: 18.503 (18.217)		Time Dataloader: 0.012 (0.007)		Time Network: 19.631 (19.560)
Train Epoch: 5 [896/9500 (9%)]		Loss: 18.100 (18.210)		Time Dataloader: 0.003 (0.007)		Time Network: 19.986 (19.589)
Train Epoch: 5 [960/9500 (10%)]		Loss: 18.325 (18.217)		Time Dataloader: 0.003 (0.006)		Time Network: 21.095 (19.683)
Train Epoch: 5 [1024/9500 (11%)]		Loss: 17.855 (18.195)		Time Dataloader: 0.010 (0.007)		Time Network: 19.901 (19.696)
Train Epoch: 5 [1088/9500 (11%)]		Loss: 17.526 (18.158)		Time Dataloader: 0.002 (0.006)		Time Network: 1.698 (18.696)
Train Epoch: 5 [1152/9500 (12%)]		Loss: 18.160 (18.158)		Time Dataloader: 0.002 (0.006)		Time Network: 20.149 (18.772)
Train Epoch: 5 [1216/9500 (13%)]		Loss: 17.941 (18.148)		Time Dataloader: 0.002 (0.006)		Time Network: 20.178 (18.843)
Train Epoch: 5 [1280/9500 (13%)]		Loss: 17.852 (18.133)		Time Dataloader: 0.003 (0.006)		Time Network: 20.484 (18.921)
Train Epoch: 5 [1344/9500 (14%)]		Loss: 18.299 (18.141)		Time Dataloader: 0.003 (0.006)		Time Network: 20.571 (18.996)
Train Epoch: 5 [1408/9500 (15%)]		Loss: 17.892 (18.130)		Time Dataloader: 0.002 (0.006)		Time Network: 20.591 (19.065)
Train Epoch: 5 [1472/9500 (15%)]		Loss: 18.217 (18.134)		Time Dataloader: 0.003 (0.005)		Time Network: 20.501 (19.125)
Train Epoch: 5 [1536/9500 (16%)]		Loss: 17.542 (18.110)		Time Dataloader: 0.002 (0.005)		Time Network: 20.333 (19.173)
Train Epoch: 5 [1600/9500 (17%)]		Loss: 18.370 (18.120)		Time Dataloader: 0.002 (0.005)		Time Network: 20.647 (19.230)
Train Epoch: 5 [1664/9500 (18%)]		Loss: 18.386 (18.130)		Time Dataloader: 0.002 (0.005)		Time Network: 20.652 (19.283)
Train Epoch: 5 [1728/9500 (18%)]		Loss: 18.494 (18.143)		Time Dataloader: 0.002 (0.005)		Time Network: 3.000 (18.701)
Train Epoch: 5 [1792/9500 (19%)]		Loss: 18.349 (18.150)		Time Dataloader: 0.006 (0.005)		Time Network: 20.009 (18.746)
Train Epoch: 5 [1856/9500 (20%)]		Loss: 18.145 (18.150)		Time Dataloader: 0.002 (0.005)		Time Network: 19.834 (18.782)
Train Epoch: 5 [1920/9500 (20%)]		Loss: 17.922 (18.143)		Time Dataloader: 0.002 (0.005)		Time Network: 19.720 (18.813)
Train Epoch: 5 [1984/9500 (21%)]		Loss: 17.872 (18.134)		Time Dataloader: 0.003 (0.005)		Time Network: 22.114 (18.916)
Train Epoch: 5 [2048/9500 (22%)]		Loss: 18.492 (18.145)		Time Dataloader: 0.003 (0.005)		Time Network: 20.538 (18.965)
Train Epoch: 5 [2112/9500 (22%)]		Loss: 17.840 (18.136)		Time Dataloader: 0.003 (0.005)		Time Network: 20.101 (18.998)
Train Epoch: 5 [2176/9500 (23%)]		Loss: 18.489 (18.146)		Time Dataloader: 0.002 (0.005)		Time Network: 19.595 (19.015)
Train Epoch: 5 [2240/9500 (24%)]		Loss: 18.338 (18.151)		Time Dataloader: 0.003 (0.005)		Time Network: 1.502 (18.529)
Train Epoch: 5 [2304/9500 (24%)]		Loss: 18.066 (18.149)		Time Dataloader: 0.002 (0.004)		Time Network: 19.312 (18.550)
Train Epoch: 5 [2368/9500 (25%)]		Loss: 18.477 (18.158)		Time Dataloader: 0.002 (0.004)		Time Network: 20.158 (18.592)
Train Epoch: 5 [2432/9500 (26%)]		Loss: 17.433 (18.139)		Time Dataloader: 0.002 (0.004)		Time Network: 19.982 (18.628)
Train Epoch: 5 [2496/9500 (26%)]		Loss: 18.176 (18.140)		Time Dataloader: 0.003 (0.004)		Time Network: 1.805 (18.207)
Train Epoch: 5 [2560/9500 (27%)]		Loss: 18.121 (18.140)		Time Dataloader: 0.002 (0.004)		Time Network: 20.196 (18.256)
Train Epoch: 5 [2624/9500 (28%)]		Loss: 18.025 (18.137)		Time Dataloader: 0.006 (0.004)		Time Network: 20.311 (18.305)
Train Epoch: 5 [2688/9500 (28%)]		Loss: 17.762 (18.128)		Time Dataloader: 0.002 (0.004)		Time Network: 19.904 (18.342)
Train Epoch: 5 [2752/9500 (29%)]		Loss: 18.313 (18.132)		Time Dataloader: 0.002 (0.004)		Time Network: 1.424 (17.958)
Train Epoch: 5 [2816/9500 (30%)]		Loss: 17.910 (18.127)		Time Dataloader: 0.002 (0.004)		Time Network: 20.014 (18.003)
Train Epoch: 5 [2880/9500 (30%)]		Loss: 17.904 (18.123)		Time Dataloader: 0.003 (0.004)		Time Network: 2.066 (17.657)
Train Epoch: 5 [2944/9500 (31%)]		Loss: 18.304 (18.126)		Time Dataloader: 0.002 (0.004)		Time Network: 20.190 (17.711)
Train Epoch: 5 [3008/9500 (32%)]		Loss: 18.252 (18.129)		Time Dataloader: 0.003 (0.004)		Time Network: 20.829 (17.776)
Train Epoch: 5 [3072/9500 (32%)]		Loss: 18.214 (18.131)		Time Dataloader: 0.003 (0.004)		Time Network: 2.543 (17.465)
Train Epoch: 5 [3136/9500 (33%)]		Loss: 18.238 (18.133)		Time Dataloader: 0.002 (0.004)		Time Network: 20.507 (17.526)
Train Epoch: 5 [3200/9500 (34%)]		Loss: 18.047 (18.131)		Time Dataloader: 0.002 (0.004)		Time Network: 21.290 (17.599)
Train Epoch: 5 [3264/9500 (34%)]		Loss: 17.872 (18.126)		Time Dataloader: 0.002 (0.004)		Time Network: 22.770 (17.699)
Train Epoch: 5 [3328/9500 (35%)]		Loss: 18.104 (18.126)		Time Dataloader: 0.003 (0.004)		Time Network: 21.259 (17.766)
Train Epoch: 5 [3392/9500 (36%)]		Loss: 18.192 (18.127)		Time Dataloader: 0.004 (0.004)		Time Network: 21.267 (17.831)
Train Epoch: 5 [3456/9500 (36%)]		Loss: 18.132 (18.127)		Time Dataloader: 0.003 (0.004)		Time Network: 21.006 (17.889)
Train Epoch: 5 [3520/9500 (37%)]		Loss: 18.193 (18.128)		Time Dataloader: 0.002 (0.004)		Time Network: 20.697 (17.939)
Train Epoch: 5 [3584/9500 (38%)]		Loss: 17.944 (18.125)		Time Dataloader: 0.002 (0.004)		Time Network: 20.462 (17.983)
Train Epoch: 5 [3648/9500 (38%)]		Loss: 18.419 (18.130)		Time Dataloader: 0.003 (0.004)		Time Network: 20.614 (18.028)
Train Epoch: 5 [3712/9500 (39%)]		Loss: 18.330 (18.134)		Time Dataloader: 0.002 (0.004)		Time Network: 2.015 (17.757)
Train Epoch: 5 [3776/9500 (40%)]		Loss: 17.748 (18.127)		Time Dataloader: 0.003 (0.004)		Time Network: 21.517 (17.820)
Train Epoch: 5 [3840/9500 (40%)]		Loss: 17.791 (18.122)		Time Dataloader: 0.009 (0.004)		Time Network: 20.978 (17.871)
Train Epoch: 5 [3904/9500 (41%)]		Loss: 18.732 (18.131)		Time Dataloader: 0.004 (0.004)		Time Network: 19.713 (17.901)
Train Epoch: 5 [3968/9500 (42%)]		Loss: 17.937 (18.128)		Time Dataloader: 0.002 (0.004)		Time Network: 20.349 (17.940)
Train Epoch: 5 [4032/9500 (42%)]		Loss: 18.106 (18.128)		Time Dataloader: 0.002 (0.004)		Time Network: 20.024 (17.973)
Train Epoch: 5 [4096/9500 (43%)]		Loss: 18.452 (18.133)		Time Dataloader: 0.003 (0.004)		Time Network: 19.719 (17.999)
Train Epoch: 5 [4160/9500 (44%)]		Loss: 18.213 (18.134)		Time Dataloader: 0.002 (0.004)		Time Network: 20.727 (18.041)
Train Epoch: 5 [4224/9500 (44%)]		Loss: 17.866 (18.130)		Time Dataloader: 0.002 (0.004)		Time Network: 21.021 (18.085)
Train Epoch: 5 [4288/9500 (45%)]		Loss: 18.253 (18.132)		Time Dataloader: 0.002 (0.004)		Time Network: 19.724 (18.109)
Train Epoch: 5 [4352/9500 (46%)]		Loss: 18.179 (18.133)		Time Dataloader: 0.002 (0.004)		Time Network: 20.154 (18.139)
Train Epoch: 5 [4416/9500 (46%)]		Loss: 17.898 (18.129)		Time Dataloader: 0.006 (0.004)		Time Network: 20.192 (18.168)
Train Epoch: 5 [4480/9500 (47%)]		Loss: 18.091 (18.129)		Time Dataloader: 0.003 (0.004)		Time Network: 20.452 (18.200)
Train Epoch: 5 [4544/9500 (48%)]		Loss: 18.172 (18.129)		Time Dataloader: 0.003 (0.004)		Time Network: 20.625 (18.234)
Train Epoch: 5 [4608/9500 (49%)]		Loss: 18.241 (18.131)		Time Dataloader: 0.003 (0.004)		Time Network: 1.435 (18.004)
Train Epoch: 5 [4672/9500 (49%)]		Loss: 18.286 (18.133)		Time Dataloader: 0.002 (0.004)		Time Network: 20.848 (18.042)
Train Epoch: 5 [4736/9500 (50%)]		Loss: 17.983 (18.131)		Time Dataloader: 0.002 (0.004)		Time Network: 20.836 (18.080)
Train Epoch: 5 [4800/9500 (51%)]		Loss: 18.056 (18.130)		Time Dataloader: 0.003 (0.004)		Time Network: 20.814 (18.116)
Train Epoch: 5 [4864/9500 (51%)]		Loss: 18.120 (18.130)		Time Dataloader: 0.002 (0.004)		Time Network: 20.359 (18.145)
Train Epoch: 5 [4928/9500 (52%)]		Loss: 18.212 (18.131)		Time Dataloader: 0.002 (0.004)		Time Network: 20.151 (18.171)
Train Epoch: 5 [4992/9500 (53%)]		Loss: 17.389 (18.122)		Time Dataloader: 0.002 (0.004)		Time Network: 20.986 (18.206)
Train Epoch: 5 [5056/9500 (53%)]		Loss: 18.635 (18.128)		Time Dataloader: 0.002 (0.004)		Time Network: 20.519 (18.235)
Train Epoch: 5 [5120/9500 (54%)]		Loss: 17.791 (18.124)		Time Dataloader: 0.002 (0.004)		Time Network: 20.104 (18.258)
Train Epoch: 5 [5184/9500 (55%)]		Loss: 18.394 (18.127)		Time Dataloader: 0.002 (0.004)		Time Network: 21.388 (18.296)
Train Epoch: 5 [5248/9500 (55%)]		Loss: 17.962 (18.125)		Time Dataloader: 0.010 (0.004)		Time Network: 20.157 (18.319)
Train Epoch: 5 [5312/9500 (56%)]		Loss: 18.481 (18.129)		Time Dataloader: 0.002 (0.004)		Time Network: 11.179 (18.234)
Train Epoch: 5 [5376/9500 (57%)]		Loss: 18.240 (18.131)		Time Dataloader: 0.002 (0.004)		Time Network: 20.509 (18.261)
Train Epoch: 5 [5440/9500 (57%)]		Loss: 18.157 (18.131)		Time Dataloader: 0.003 (0.004)		Time Network: 20.868 (18.291)
Train Epoch: 5 [5504/9500 (58%)]		Loss: 17.726 (18.126)		Time Dataloader: 0.003 (0.004)		Time Network: 19.942 (18.310)
Train Epoch: 5 [5568/9500 (59%)]		Loss: 17.970 (18.125)		Time Dataloader: 0.002 (0.004)		Time Network: 19.853 (18.327)
Train Epoch: 5 [5632/9500 (59%)]		Loss: 18.015 (18.123)		Time Dataloader: 0.003 (0.004)		Time Network: 2.223 (18.146)
Train Epoch: 5 [5696/9500 (60%)]		Loss: 18.322 (18.126)		Time Dataloader: 0.002 (0.003)		Time Network: 20.030 (18.167)
Train Epoch: 5 [5760/9500 (61%)]		Loss: 18.167 (18.126)		Time Dataloader: 0.002 (0.003)		Time Network: 19.968 (18.187)
Train Epoch: 5 [5824/9500 (61%)]		Loss: 17.855 (18.123)		Time Dataloader: 0.002 (0.003)		Time Network: 20.258 (18.210)
Train Epoch: 5 [5888/9500 (62%)]		Loss: 18.083 (18.123)		Time Dataloader: 0.003 (0.003)		Time Network: 21.184 (18.242)
Train Epoch: 5 [5952/9500 (63%)]		Loss: 18.456 (18.126)		Time Dataloader: 0.002 (0.003)		Time Network: 20.335 (18.264)
Train Epoch: 5 [6016/9500 (63%)]		Loss: 17.917 (18.124)		Time Dataloader: 0.004 (0.003)		Time Network: 20.225 (18.285)
Train Epoch: 5 [6080/9500 (64%)]		Loss: 17.970 (18.122)		Time Dataloader: 0.002 (0.003)		Time Network: 20.067 (18.303)
Train Epoch: 5 [6144/9500 (65%)]		Loss: 17.970 (18.121)		Time Dataloader: 0.002 (0.003)		Time Network: 19.895 (18.319)
Train Epoch: 5 [6208/9500 (65%)]		Loss: 18.189 (18.121)		Time Dataloader: 0.003 (0.003)		Time Network: 21.198 (18.349)
Train Epoch: 5 [6272/9500 (66%)]		Loss: 18.097 (18.121)		Time Dataloader: 0.003 (0.003)		Time Network: 21.929 (18.385)
Train Epoch: 5 [6336/9500 (67%)]		Loss: 17.600 (18.116)		Time Dataloader: 0.003 (0.003)		Time Network: 19.807 (18.399)
Train Epoch: 5 [6400/9500 (67%)]		Loss: 18.728 (18.122)		Time Dataloader: 0.002 (0.003)		Time Network: 20.179 (18.417)
Train Epoch: 5 [6464/9500 (68%)]		Loss: 18.263 (18.123)		Time Dataloader: 0.002 (0.003)		Time Network: 20.068 (18.433)
Train Epoch: 5 [6528/9500 (69%)]		Loss: 17.830 (18.121)		Time Dataloader: 0.002 (0.003)		Time Network: 19.536 (18.444)
Train Epoch: 5 [6592/9500 (69%)]		Loss: 17.845 (18.118)		Time Dataloader: 0.002 (0.003)		Time Network: 19.410 (18.453)
Train Epoch: 5 [6656/9500 (70%)]		Loss: 18.328 (18.120)		Time Dataloader: 0.002 (0.003)		Time Network: 4.161 (18.317)
Train Epoch: 5 [6720/9500 (71%)]		Loss: 18.311 (18.122)		Time Dataloader: 0.002 (0.003)		Time Network: 19.035 (18.324)
Train Epoch: 5 [6784/9500 (71%)]		Loss: 17.888 (18.120)		Time Dataloader: 0.002 (0.003)		Time Network: 19.133 (18.331)
Train Epoch: 5 [6848/9500 (72%)]		Loss: 18.392 (18.122)		Time Dataloader: 0.002 (0.003)		Time Network: 19.703 (18.344)
Train Epoch: 5 [6912/9500 (73%)]		Loss: 17.735 (18.119)		Time Dataloader: 0.002 (0.003)		Time Network: 20.344 (18.362)
Train Epoch: 5 [6976/9500 (73%)]		Loss: 18.049 (18.118)		Time Dataloader: 0.002 (0.003)		Time Network: 19.730 (18.375)
Train Epoch: 5 [7040/9500 (74%)]		Loss: 18.076 (18.118)		Time Dataloader: 0.002 (0.003)		Time Network: 4.033 (18.246)
Train Epoch: 5 [7104/9500 (75%)]		Loss: 17.845 (18.115)		Time Dataloader: 0.002 (0.003)		Time Network: 18.857 (18.251)
Train Epoch: 5 [7168/9500 (75%)]		Loss: 17.380 (18.109)		Time Dataloader: 0.003 (0.003)		Time Network: 19.014 (18.258)
Train Epoch: 5 [7232/9500 (76%)]		Loss: 18.296 (18.110)		Time Dataloader: 0.010 (0.003)		Time Network: 18.881 (18.263)
Train Epoch: 5 [7296/9500 (77%)]		Loss: 18.100 (18.110)		Time Dataloader: 0.004 (0.003)		Time Network: 20.545 (18.283)
Train Epoch: 5 [7360/9500 (77%)]		Loss: 18.695 (18.115)		Time Dataloader: 0.002 (0.003)		Time Network: 20.144 (18.299)
Train Epoch: 5 [7424/9500 (78%)]		Loss: 17.937 (18.114)		Time Dataloader: 0.009 (0.003)		Time Network: 20.679 (18.319)
Train Epoch: 5 [7488/9500 (79%)]		Loss: 18.344 (18.116)		Time Dataloader: 0.002 (0.003)		Time Network: 19.228 (18.327)
Train Epoch: 5 [7552/9500 (79%)]		Loss: 17.994 (18.115)		Time Dataloader: 0.002 (0.003)		Time Network: 19.172 (18.334)
Train Epoch: 5 [7616/9500 (80%)]		Loss: 17.727 (18.111)		Time Dataloader: 0.002 (0.003)		Time Network: 18.910 (18.339)
Train Epoch: 5 [7680/9500 (81%)]		Loss: 17.801 (18.109)		Time Dataloader: 0.002 (0.003)		Time Network: 14.164 (18.305)
Train Epoch: 5 [7744/9500 (82%)]		Loss: 17.875 (18.107)		Time Dataloader: 0.003 (0.003)		Time Network: 19.801 (18.317)
Train Epoch: 5 [7808/9500 (82%)]		Loss: 18.022 (18.106)		Time Dataloader: 0.009 (0.003)		Time Network: 18.983 (18.322)
Train Epoch: 5 [7872/9500 (83%)]		Loss: 17.925 (18.105)		Time Dataloader: 0.002 (0.003)		Time Network: 1.404 (18.186)
Train Epoch: 5 [7936/9500 (84%)]		Loss: 18.036 (18.104)		Time Dataloader: 0.002 (0.003)		Time Network: 19.564 (18.197)
Train Epoch: 5 [8000/9500 (84%)]		Loss: 18.299 (18.106)		Time Dataloader: 0.002 (0.003)		Time Network: 19.693 (18.209)
Train Epoch: 5 [8064/9500 (85%)]		Loss: 18.409 (18.108)		Time Dataloader: 0.002 (0.003)		Time Network: 19.725 (18.221)
Train Epoch: 5 [8128/9500 (86%)]		Loss: 18.017 (18.107)		Time Dataloader: 0.003 (0.003)		Time Network: 19.937 (18.234)
Train Epoch: 5 [8192/9500 (86%)]		Loss: 17.939 (18.106)		Time Dataloader: 0.010 (0.003)		Time Network: 19.812 (18.246)
Train Epoch: 5 [8256/9500 (87%)]		Loss: 18.147 (18.106)		Time Dataloader: 0.009 (0.003)		Time Network: 20.598 (18.264)
Train Epoch: 5 [8320/9500 (88%)]		Loss: 18.173 (18.107)		Time Dataloader: 0.002 (0.003)		Time Network: 20.514 (18.282)
Train Epoch: 5 [8384/9500 (88%)]		Loss: 17.410 (18.102)		Time Dataloader: 0.003 (0.003)		Time Network: 20.545 (18.299)
Train Epoch: 5 [8448/9500 (89%)]		Loss: 18.306 (18.103)		Time Dataloader: 0.003 (0.003)		Time Network: 19.283 (18.306)
Train Epoch: 5 [8512/9500 (90%)]		Loss: 18.157 (18.104)		Time Dataloader: 0.003 (0.003)		Time Network: 19.586 (18.316)
Train Epoch: 5 [8576/9500 (90%)]		Loss: 17.860 (18.102)		Time Dataloader: 0.002 (0.003)		Time Network: 20.226 (18.330)
Train Epoch: 5 [8640/9500 (91%)]		Loss: 18.257 (18.103)		Time Dataloader: 0.002 (0.003)		Time Network: 1.084 (18.203)
Train Epoch: 5 [8704/9500 (92%)]		Loss: 18.406 (18.105)		Time Dataloader: 0.004 (0.003)		Time Network: 20.136 (18.217)
Train Epoch: 5 [8768/9500 (92%)]		Loss: 18.460 (18.108)		Time Dataloader: 0.003 (0.003)		Time Network: 19.381 (18.226)
Train Epoch: 5 [8832/9500 (93%)]		Loss: 18.403 (18.110)		Time Dataloader: 0.002 (0.003)		Time Network: 18.967 (18.231)
Train Epoch: 5 [8896/9500 (94%)]		Loss: 18.021 (18.109)		Time Dataloader: 0.002 (0.003)		Time Network: 17.725 (18.227)
Train Epoch: 5 [8960/9500 (94%)]		Loss: 18.132 (18.109)		Time Dataloader: 0.002 (0.003)		Time Network: 0.109 (18.099)
Train Epoch: 5 [9024/9500 (95%)]		Loss: 17.523 (18.105)		Time Dataloader: 0.002 (0.003)		Time Network: 17.851 (18.097)
Train Epoch: 5 [9088/9500 (96%)]		Loss: 18.061 (18.105)		Time Dataloader: 0.002 (0.003)		Time Network: 19.144 (18.104)
Train Epoch: 5 [9152/9500 (96%)]		Loss: 17.736 (18.102)		Time Dataloader: 0.002 (0.003)		Time Network: 19.294 (18.113)
Train Epoch: 5 [9216/9500 (97%)]		Loss: 17.922 (18.101)		Time Dataloader: 0.002 (0.003)		Time Network: 19.765 (18.124)
Train Epoch: 5 [9280/9500 (98%)]		Loss: 17.715 (18.098)		Time Dataloader: 0.002 (0.003)		Time Network: 20.246 (18.139)
Train Epoch: 5 [9344/9500 (98%)]		Loss: 17.831 (18.097)		Time Dataloader: 0.004 (0.003)		Time Network: 20.031 (18.151)
Train Epoch: 5 [9408/9500 (99%)]		Loss: 17.970 (18.096)		Time Dataloader: 0.013 (0.003)		Time Network: 0.362 (18.031)
Train Epoch: 5 [9472/9500 (100%)]		Loss: 18.516 (18.097)		Time Dataloader: 0.010 (0.003)		Time Network: 0.117 (17.911)
Done. This took 44:29 min.
Start testing epoch 5
Test Epoch: 5 [0/500 (0%)]		Loss: 18.359 (18.359)		Time Dataloader: 0.114 (0.114)		Time Network: 2.819 (2.819)
Test Epoch: 5 [64/500 (13%)]		Loss: 18.169 (18.264)		Time Dataloader: 0.005 (0.060)		Time Network: 3.026 (2.922)
Test Epoch: 5 [128/500 (26%)]		Loss: 18.355 (18.294)		Time Dataloader: 0.001 (0.040)		Time Network: 3.221 (3.022)
Test Epoch: 5 [192/500 (38%)]		Loss: 17.961 (18.211)		Time Dataloader: 0.001 (0.030)		Time Network: 3.190 (3.064)
Test Epoch: 5 [256/500 (51%)]		Loss: 18.396 (18.248)		Time Dataloader: 0.001 (0.025)		Time Network: 3.216 (3.095)
Test Epoch: 5 [320/500 (64%)]		Loss: 17.922 (18.194)		Time Dataloader: 0.001 (0.021)		Time Network: 3.119 (3.099)
Test Epoch: 5 [384/500 (77%)]		Loss: 18.158 (18.189)		Time Dataloader: 0.001 (0.018)		Time Network: 3.382 (3.139)
Test Epoch: 5 [448/500 (90%)]		Loss: 17.857 (18.154)		Time Dataloader: 0.003 (0.016)		Time Network: 3.856 (3.229)
Done. This took  0:26 min.
Saving model to training/model_latest.pt. Done.
Finished training epoch 5.


Start training epoch 6 with lr [8.535533905932738e-05]
Train Epoch: 6 [0/9500 (0%)]		Loss: 18.040 (18.040)		Time Dataloader: 0.330 (0.330)		Time Network: 22.531 (22.531)
Train Epoch: 6 [64/9500 (1%)]		Loss: 17.430 (17.735)		Time Dataloader: 0.003 (0.166)		Time Network: 20.458 (21.495)
Train Epoch: 6 [128/9500 (1%)]		Loss: 17.871 (17.780)		Time Dataloader: 0.002 (0.111)		Time Network: 19.993 (20.994)
Train Epoch: 6 [192/9500 (2%)]		Loss: 17.795 (17.784)		Time Dataloader: 0.001 (0.084)		Time Network: 19.981 (20.741)
Train Epoch: 6 [256/9500 (3%)]		Loss: 18.031 (17.833)		Time Dataloader: 0.001 (0.067)		Time Network: 19.874 (20.567)
Train Epoch: 6 [320/9500 (3%)]		Loss: 18.126 (17.882)		Time Dataloader: 0.001 (0.056)		Time Network: 9.929 (18.794)
Train Epoch: 6 [384/9500 (4%)]		Loss: 18.012 (17.901)		Time Dataloader: 0.004 (0.049)		Time Network: 0.314 (16.154)
Train Epoch: 6 [448/9500 (5%)]		Loss: 18.226 (17.941)		Time Dataloader: 0.003 (0.043)		Time Network: 20.564 (16.706)
Train Epoch: 6 [512/9500 (5%)]		Loss: 18.024 (17.951)		Time Dataloader: 0.001 (0.039)		Time Network: 20.200 (17.094)
Train Epoch: 6 [576/9500 (6%)]		Loss: 18.375 (17.993)		Time Dataloader: 0.001 (0.035)		Time Network: 20.890 (17.473)
Train Epoch: 6 [640/9500 (7%)]		Loss: 17.798 (17.975)		Time Dataloader: 0.003 (0.032)		Time Network: 20.442 (17.743)
Train Epoch: 6 [704/9500 (7%)]		Loss: 18.121 (17.987)		Time Dataloader: 0.005 (0.030)		Time Network: 18.381 (17.797)
Train Epoch: 6 [768/9500 (8%)]		Loss: 18.215 (18.005)		Time Dataloader: 0.010 (0.028)		Time Network: 20.721 (18.021)
Train Epoch: 6 [832/9500 (9%)]		Loss: 18.371 (18.031)		Time Dataloader: 0.003 (0.026)		Time Network: 20.344 (18.187)
Train Epoch: 6 [896/9500 (9%)]		Loss: 18.007 (18.029)		Time Dataloader: 0.002 (0.025)		Time Network: 20.370 (18.333)
Train Epoch: 6 [960/9500 (10%)]		Loss: 17.981 (18.026)		Time Dataloader: 0.003 (0.023)		Time Network: 1.820 (17.301)
Train Epoch: 6 [1024/9500 (11%)]		Loss: 18.474 (18.053)		Time Dataloader: 0.002 (0.022)		Time Network: 21.697 (17.559)
Train Epoch: 6 [1088/9500 (11%)]		Loss: 18.195 (18.061)		Time Dataloader: 0.002 (0.021)		Time Network: 22.595 (17.839)
Train Epoch: 6 [1152/9500 (12%)]		Loss: 17.986 (18.057)		Time Dataloader: 0.003 (0.020)		Time Network: 20.893 (18.000)
Train Epoch: 6 [1216/9500 (13%)]		Loss: 17.925 (18.050)		Time Dataloader: 0.002 (0.019)		Time Network: 0.979 (17.149)
Train Epoch: 6 [1280/9500 (13%)]		Loss: 18.096 (18.052)		Time Dataloader: 0.002 (0.018)		Time Network: 20.636 (17.315)
Train Epoch: 6 [1344/9500 (14%)]		Loss: 17.924 (18.046)		Time Dataloader: 0.003 (0.018)		Time Network: 20.625 (17.465)
Train Epoch: 6 [1408/9500 (15%)]		Loss: 17.882 (18.039)		Time Dataloader: 0.002 (0.017)		Time Network: 20.092 (17.580)
Train Epoch: 6 [1472/9500 (15%)]		Loss: 18.171 (18.045)		Time Dataloader: 0.005 (0.017)		Time Network: 20.806 (17.714)
Train Epoch: 6 [1536/9500 (16%)]		Loss: 17.872 (18.038)		Time Dataloader: 0.003 (0.016)		Time Network: 20.346 (17.819)
Train Epoch: 6 [1600/9500 (17%)]		Loss: 18.514 (18.056)		Time Dataloader: 0.003 (0.015)		Time Network: 21.007 (17.942)
Train Epoch: 6 [1664/9500 (18%)]		Loss: 17.991 (18.054)		Time Dataloader: 0.003 (0.015)		Time Network: 20.364 (18.032)
Train Epoch: 6 [1728/9500 (18%)]		Loss: 18.279 (18.062)		Time Dataloader: 0.002 (0.015)		Time Network: 20.033 (18.103)
Train Epoch: 6 [1792/9500 (19%)]		Loss: 17.987 (18.059)		Time Dataloader: 0.003 (0.014)		Time Network: 20.283 (18.178)
Train Epoch: 6 [1856/9500 (20%)]		Loss: 17.486 (18.040)		Time Dataloader: 0.010 (0.014)		Time Network: 5.595 (17.759)
Train Epoch: 6 [1920/9500 (20%)]		Loss: 18.394 (18.051)		Time Dataloader: 0.002 (0.014)		Time Network: 19.875 (17.827)
Train Epoch: 6 [1984/9500 (21%)]		Loss: 18.141 (18.054)		Time Dataloader: 0.002 (0.013)		Time Network: 18.262 (17.841)
Train Epoch: 6 [2048/9500 (22%)]		Loss: 17.889 (18.049)		Time Dataloader: 0.002 (0.013)		Time Network: 20.171 (17.911)
Train Epoch: 6 [2112/9500 (22%)]		Loss: 18.340 (18.058)		Time Dataloader: 0.002 (0.013)		Time Network: 21.076 (18.004)
Train Epoch: 6 [2176/9500 (23%)]		Loss: 18.472 (18.070)		Time Dataloader: 0.003 (0.012)		Time Network: 20.234 (18.068)
Train Epoch: 6 [2240/9500 (24%)]		Loss: 17.643 (18.058)		Time Dataloader: 0.003 (0.012)		Time Network: 21.189 (18.155)
Train Epoch: 6 [2304/9500 (24%)]		Loss: 18.363 (18.066)		Time Dataloader: 0.003 (0.012)		Time Network: 21.132 (18.235)
Train Epoch: 6 [2368/9500 (25%)]		Loss: 17.928 (18.062)		Time Dataloader: 0.002 (0.012)		Time Network: 21.318 (18.316)
Train Epoch: 6 [2432/9500 (26%)]		Loss: 18.553 (18.075)		Time Dataloader: 0.009 (0.011)		Time Network: 22.502 (18.424)
Train Epoch: 6 [2496/9500 (26%)]		Loss: 17.712 (18.066)		Time Dataloader: 0.003 (0.011)		Time Network: 1.283 (17.995)
Train Epoch: 6 [2560/9500 (27%)]		Loss: 18.014 (18.065)		Time Dataloader: 0.002 (0.011)		Time Network: 8.467 (17.763)
Train Epoch: 6 [2624/9500 (28%)]		Loss: 17.993 (18.063)		Time Dataloader: 0.002 (0.011)		Time Network: 20.687 (17.832)
Train Epoch: 6 [2688/9500 (28%)]		Loss: 17.730 (18.055)		Time Dataloader: 0.010 (0.011)		Time Network: 21.115 (17.909)
Train Epoch: 6 [2752/9500 (29%)]		Loss: 18.404 (18.063)		Time Dataloader: 0.002 (0.011)		Time Network: 21.271 (17.985)
Train Epoch: 6 [2816/9500 (30%)]		Loss: 18.002 (18.062)		Time Dataloader: 0.002 (0.010)		Time Network: 15.330 (17.926)
Train Epoch: 6 [2880/9500 (30%)]		Loss: 17.960 (18.060)		Time Dataloader: 0.009 (0.010)		Time Network: 0.522 (17.548)
Train Epoch: 6 [2944/9500 (31%)]		Loss: 18.539 (18.070)		Time Dataloader: 0.002 (0.010)		Time Network: 21.358 (17.629)
Train Epoch: 6 [3008/9500 (32%)]		Loss: 18.120 (18.071)		Time Dataloader: 0.002 (0.010)		Time Network: 21.028 (17.700)
Train Epoch: 6 [3072/9500 (32%)]		Loss: 18.090 (18.071)		Time Dataloader: 0.002 (0.010)		Time Network: 21.207 (17.771)
Train Epoch: 6 [3136/9500 (33%)]		Loss: 17.954 (18.069)		Time Dataloader: 0.002 (0.010)		Time Network: 21.274 (17.841)
Train Epoch: 6 [3200/9500 (34%)]		Loss: 18.006 (18.068)		Time Dataloader: 0.003 (0.010)		Time Network: 25.192 (17.985)
Train Epoch: 6 [3264/9500 (34%)]		Loss: 17.940 (18.065)		Time Dataloader: 0.003 (0.009)		Time Network: 21.591 (18.055)
Train Epoch: 6 [3328/9500 (35%)]		Loss: 18.112 (18.066)		Time Dataloader: 0.010 (0.009)		Time Network: 19.950 (18.091)
Train Epoch: 6 [3392/9500 (36%)]		Loss: 17.806 (18.061)		Time Dataloader: 0.002 (0.009)		Time Network: 21.525 (18.154)
Train Epoch: 6 [3456/9500 (36%)]		Loss: 18.132 (18.062)		Time Dataloader: 0.005 (0.009)		Time Network: 21.386 (18.213)
Train Epoch: 6 [3520/9500 (37%)]		Loss: 18.552 (18.071)		Time Dataloader: 0.004 (0.009)		Time Network: 21.134 (18.265)
Train Epoch: 6 [3584/9500 (38%)]		Loss: 18.313 (18.075)		Time Dataloader: 0.006 (0.009)		Time Network: 4.135 (18.017)
Train Epoch: 6 [3648/9500 (38%)]		Loss: 18.207 (18.078)		Time Dataloader: 0.002 (0.009)		Time Network: 20.838 (18.066)
Train Epoch: 6 [3712/9500 (39%)]		Loss: 18.045 (18.077)		Time Dataloader: 0.002 (0.009)		Time Network: 20.909 (18.114)
Train Epoch: 6 [3776/9500 (40%)]		Loss: 17.907 (18.074)		Time Dataloader: 0.003 (0.009)		Time Network: 21.078 (18.163)
Train Epoch: 6 [3840/9500 (40%)]		Loss: 17.958 (18.072)		Time Dataloader: 0.003 (0.009)		Time Network: 2.657 (17.909)
Train Epoch: 6 [3904/9500 (41%)]		Loss: 17.959 (18.071)		Time Dataloader: 0.003 (0.009)		Time Network: 20.563 (17.952)
Train Epoch: 6 [3968/9500 (42%)]		Loss: 17.875 (18.068)		Time Dataloader: 0.002 (0.009)		Time Network: 18.296 (17.957)
Train Epoch: 6 [4032/9500 (42%)]		Loss: 18.267 (18.071)		Time Dataloader: 0.003 (0.008)		Time Network: 4.653 (17.750)
Train Epoch: 6 [4096/9500 (43%)]		Loss: 17.858 (18.067)		Time Dataloader: 0.003 (0.008)		Time Network: 19.746 (17.780)
Train Epoch: 6 [4160/9500 (44%)]		Loss: 18.173 (18.069)		Time Dataloader: 0.002 (0.008)		Time Network: 20.147 (17.816)
Train Epoch: 6 [4224/9500 (44%)]		Loss: 17.661 (18.063)		Time Dataloader: 0.004 (0.008)		Time Network: 1.796 (17.577)
Train Epoch: 6 [4288/9500 (45%)]		Loss: 17.912 (18.061)		Time Dataloader: 0.002 (0.008)		Time Network: 20.576 (17.621)
Train Epoch: 6 [4352/9500 (46%)]		Loss: 18.090 (18.061)		Time Dataloader: 0.003 (0.008)		Time Network: 21.518 (17.678)
Train Epoch: 6 [4416/9500 (46%)]		Loss: 18.070 (18.061)		Time Dataloader: 0.009 (0.008)		Time Network: 21.227 (17.728)
Train Epoch: 6 [4480/9500 (47%)]		Loss: 18.360 (18.065)		Time Dataloader: 0.003 (0.008)		Time Network: 21.400 (17.780)
Train Epoch: 6 [4544/9500 (48%)]		Loss: 17.735 (18.061)		Time Dataloader: 0.009 (0.008)		Time Network: 21.594 (17.833)
Train Epoch: 6 [4608/9500 (49%)]		Loss: 18.232 (18.063)		Time Dataloader: 0.003 (0.008)		Time Network: 21.066 (17.877)
Train Epoch: 6 [4672/9500 (49%)]		Loss: 18.618 (18.071)		Time Dataloader: 0.003 (0.008)		Time Network: 21.862 (17.931)
Train Epoch: 6 [4736/9500 (50%)]		Loss: 17.868 (18.068)		Time Dataloader: 0.003 (0.008)		Time Network: 21.519 (17.979)
Train Epoch: 6 [4800/9500 (51%)]		Loss: 18.188 (18.070)		Time Dataloader: 0.004 (0.008)		Time Network: 21.273 (18.022)
Train Epoch: 6 [4864/9500 (51%)]		Loss: 17.934 (18.068)		Time Dataloader: 0.006 (0.008)		Time Network: 6.447 (17.872)
Train Epoch: 6 [4928/9500 (52%)]		Loss: 18.144 (18.069)		Time Dataloader: 0.002 (0.008)		Time Network: 20.634 (17.907)
Train Epoch: 6 [4992/9500 (53%)]		Loss: 18.780 (18.078)		Time Dataloader: 0.002 (0.008)		Time Network: 21.603 (17.954)
Train Epoch: 6 [5056/9500 (53%)]		Loss: 18.095 (18.078)		Time Dataloader: 0.003 (0.008)		Time Network: 21.067 (17.993)
Train Epoch: 6 [5120/9500 (54%)]		Loss: 17.662 (18.073)		Time Dataloader: 0.002 (0.007)		Time Network: 3.439 (17.813)
Train Epoch: 6 [5184/9500 (55%)]		Loss: 18.048 (18.073)		Time Dataloader: 0.003 (0.007)		Time Network: 21.159 (17.854)
Train Epoch: 6 [5248/9500 (55%)]		Loss: 17.966 (18.071)		Time Dataloader: 0.003 (0.007)		Time Network: 20.744 (17.889)
Train Epoch: 6 [5312/9500 (56%)]		Loss: 17.878 (18.069)		Time Dataloader: 0.003 (0.007)		Time Network: 1.553 (17.695)
Train Epoch: 6 [5376/9500 (57%)]		Loss: 18.090 (18.069)		Time Dataloader: 0.002 (0.007)		Time Network: 22.213 (17.748)
Train Epoch: 6 [5440/9500 (57%)]		Loss: 18.016 (18.069)		Time Dataloader: 0.004 (0.007)		Time Network: 21.970 (17.797)
Train Epoch: 6 [5504/9500 (58%)]		Loss: 18.158 (18.070)		Time Dataloader: 0.003 (0.007)		Time Network: 20.638 (17.829)
Train Epoch: 6 [5568/9500 (59%)]		Loss: 18.332 (18.073)		Time Dataloader: 0.003 (0.007)		Time Network: 19.990 (17.854)
Train Epoch: 6 [5632/9500 (59%)]		Loss: 17.778 (18.069)		Time Dataloader: 0.002 (0.007)		Time Network: 20.765 (17.887)
Train Epoch: 6 [5696/9500 (60%)]		Loss: 17.966 (18.068)		Time Dataloader: 0.002 (0.007)		Time Network: 4.519 (17.738)
Train Epoch: 6 [5760/9500 (61%)]		Loss: 18.133 (18.069)		Time Dataloader: 0.003 (0.007)		Time Network: 20.170 (17.765)
Train Epoch: 6 [5824/9500 (61%)]		Loss: 17.832 (18.066)		Time Dataloader: 0.003 (0.007)		Time Network: 19.948 (17.789)
Train Epoch: 6 [5888/9500 (62%)]		Loss: 18.272 (18.068)		Time Dataloader: 0.002 (0.007)		Time Network: 19.431 (17.806)
Train Epoch: 6 [5952/9500 (63%)]		Loss: 17.830 (18.066)		Time Dataloader: 0.003 (0.007)		Time Network: 19.122 (17.820)
Train Epoch: 6 [6016/9500 (63%)]		Loss: 18.182 (18.067)		Time Dataloader: 0.002 (0.007)		Time Network: 19.940 (17.843)
Train Epoch: 6 [6080/9500 (64%)]		Loss: 18.187 (18.068)		Time Dataloader: 0.002 (0.007)		Time Network: 2.081 (17.678)
Train Epoch: 6 [6144/9500 (65%)]		Loss: 17.957 (18.067)		Time Dataloader: 0.002 (0.007)		Time Network: 19.702 (17.699)
Train Epoch: 6 [6208/9500 (65%)]		Loss: 18.049 (18.067)		Time Dataloader: 0.003 (0.007)		Time Network: 19.760 (17.720)
Train Epoch: 6 [6272/9500 (66%)]		Loss: 18.344 (18.070)		Time Dataloader: 0.003 (0.007)		Time Network: 20.443 (17.748)
Train Epoch: 6 [6336/9500 (67%)]		Loss: 18.084 (18.070)		Time Dataloader: 0.009 (0.007)		Time Network: 1.175 (17.582)
Train Epoch: 6 [6400/9500 (67%)]		Loss: 17.942 (18.069)		Time Dataloader: 0.004 (0.007)		Time Network: 18.797 (17.594)
Train Epoch: 6 [6464/9500 (68%)]		Loss: 17.848 (18.067)		Time Dataloader: 0.004 (0.007)		Time Network: 19.351 (17.611)
Train Epoch: 6 [6528/9500 (69%)]		Loss: 18.044 (18.066)		Time Dataloader: 0.002 (0.006)		Time Network: 21.057 (17.645)
Train Epoch: 6 [6592/9500 (69%)]		Loss: 18.026 (18.066)		Time Dataloader: 0.002 (0.006)		Time Network: 19.636 (17.664)
Train Epoch: 6 [6656/9500 (70%)]		Loss: 18.297 (18.068)		Time Dataloader: 0.002 (0.006)		Time Network: 18.844 (17.675)
Train Epoch: 6 [6720/9500 (71%)]		Loss: 18.160 (18.069)		Time Dataloader: 0.008 (0.006)		Time Network: 19.285 (17.690)
Train Epoch: 6 [6784/9500 (71%)]		Loss: 18.458 (18.073)		Time Dataloader: 0.002 (0.006)		Time Network: 14.295 (17.659)
Train Epoch: 6 [6848/9500 (72%)]		Loss: 18.035 (18.072)		Time Dataloader: 0.002 (0.006)		Time Network: 19.256 (17.673)
Train Epoch: 6 [6912/9500 (73%)]		Loss: 17.941 (18.071)		Time Dataloader: 0.002 (0.006)		Time Network: 19.589 (17.691)
Train Epoch: 6 [6976/9500 (73%)]		Loss: 18.548 (18.075)		Time Dataloader: 0.004 (0.006)		Time Network: 19.058 (17.703)
Train Epoch: 6 [7040/9500 (74%)]		Loss: 18.063 (18.075)		Time Dataloader: 0.002 (0.006)		Time Network: 19.110 (17.716)
Train Epoch: 6 [7104/9500 (75%)]		Loss: 18.205 (18.076)		Time Dataloader: 0.009 (0.006)		Time Network: 19.598 (17.733)
Train Epoch: 6 [7168/9500 (75%)]		Loss: 17.767 (18.074)		Time Dataloader: 0.010 (0.006)		Time Network: 18.060 (17.736)
Train Epoch: 6 [7232/9500 (76%)]		Loss: 18.138 (18.074)		Time Dataloader: 0.002 (0.006)		Time Network: 19.607 (17.752)
Train Epoch: 6 [7296/9500 (77%)]		Loss: 18.087 (18.074)		Time Dataloader: 0.002 (0.006)		Time Network: 0.811 (17.605)
Train Epoch: 6 [7360/9500 (77%)]		Loss: 17.816 (18.072)		Time Dataloader: 0.002 (0.006)		Time Network: 17.183 (17.601)
Train Epoch: 6 [7424/9500 (78%)]		Loss: 18.330 (18.074)		Time Dataloader: 0.002 (0.006)		Time Network: 19.776 (17.620)
Train Epoch: 6 [7488/9500 (79%)]		Loss: 18.278 (18.076)		Time Dataloader: 0.002 (0.006)		Time Network: 19.507 (17.636)
Train Epoch: 6 [7552/9500 (79%)]		Loss: 18.144 (18.077)		Time Dataloader: 0.002 (0.006)		Time Network: 20.267 (17.658)
Train Epoch: 6 [7616/9500 (80%)]		Loss: 18.545 (18.081)		Time Dataloader: 0.002 (0.006)		Time Network: 19.910 (17.677)
Train Epoch: 6 [7680/9500 (81%)]		Loss: 18.186 (18.081)		Time Dataloader: 0.002 (0.006)		Time Network: 20.792 (17.702)
Train Epoch: 6 [7744/9500 (82%)]		Loss: 17.973 (18.081)		Time Dataloader: 0.002 (0.006)		Time Network: 20.001 (17.721)
Train Epoch: 6 [7808/9500 (82%)]		Loss: 17.365 (18.075)		Time Dataloader: 0.002 (0.006)		Time Network: 15.626 (17.704)
Train Epoch: 6 [7872/9500 (83%)]		Loss: 17.910 (18.073)		Time Dataloader: 0.002 (0.006)		Time Network: 0.114 (17.562)
Train Epoch: 6 [7936/9500 (84%)]		Loss: 18.331 (18.075)		Time Dataloader: 0.002 (0.006)		Time Network: 20.405 (17.585)
Train Epoch: 6 [8000/9500 (84%)]		Loss: 17.850 (18.074)		Time Dataloader: 0.002 (0.006)		Time Network: 20.502 (17.608)
Train Epoch: 6 [8064/9500 (85%)]		Loss: 18.080 (18.074)		Time Dataloader: 0.009 (0.006)		Time Network: 20.937 (17.634)
Train Epoch: 6 [8128/9500 (86%)]		Loss: 17.795 (18.072)		Time Dataloader: 0.002 (0.006)		Time Network: 21.478 (17.665)
Train Epoch: 6 [8192/9500 (86%)]		Loss: 18.583 (18.076)		Time Dataloader: 0.003 (0.006)		Time Network: 21.108 (17.691)
Train Epoch: 6 [8256/9500 (87%)]		Loss: 18.217 (18.077)		Time Dataloader: 0.003 (0.006)		Time Network: 20.544 (17.713)
Train Epoch: 6 [8320/9500 (88%)]		Loss: 18.334 (18.079)		Time Dataloader: 0.003 (0.006)		Time Network: 21.085 (17.739)
Train Epoch: 6 [8384/9500 (88%)]		Loss: 17.862 (18.077)		Time Dataloader: 0.003 (0.006)		Time Network: 21.346 (17.766)
Train Epoch: 6 [8448/9500 (89%)]		Loss: 18.008 (18.076)		Time Dataloader: 0.003 (0.006)		Time Network: 20.695 (17.788)
Train Epoch: 6 [8512/9500 (90%)]		Loss: 17.959 (18.076)		Time Dataloader: 0.002 (0.006)		Time Network: 20.814 (17.811)
Train Epoch: 6 [8576/9500 (90%)]		Loss: 18.240 (18.077)		Time Dataloader: 0.002 (0.006)		Time Network: 22.221 (17.843)
Train Epoch: 6 [8640/9500 (91%)]		Loss: 18.175 (18.078)		Time Dataloader: 0.006 (0.006)		Time Network: 21.437 (17.870)
Train Epoch: 6 [8704/9500 (92%)]		Loss: 18.409 (18.080)		Time Dataloader: 0.005 (0.006)		Time Network: 20.764 (17.891)
Train Epoch: 6 [8768/9500 (92%)]		Loss: 18.325 (18.082)		Time Dataloader: 0.003 (0.006)		Time Network: 21.604 (17.918)
Train Epoch: 6 [8832/9500 (93%)]		Loss: 18.096 (18.082)		Time Dataloader: 0.002 (0.006)		Time Network: 21.396 (17.943)
Train Epoch: 6 [8896/9500 (94%)]		Loss: 18.103 (18.082)		Time Dataloader: 0.004 (0.006)		Time Network: 21.956 (17.972)
Train Epoch: 6 [8960/9500 (94%)]		Loss: 18.661 (18.086)		Time Dataloader: 0.003 (0.006)		Time Network: 21.952 (18.000)
Train Epoch: 6 [9024/9500 (95%)]		Loss: 17.664 (18.083)		Time Dataloader: 0.002 (0.006)		Time Network: 20.850 (18.020)
Train Epoch: 6 [9088/9500 (96%)]		Loss: 18.372 (18.085)		Time Dataloader: 0.002 (0.006)		Time Network: 19.689 (18.032)
Train Epoch: 6 [9152/9500 (96%)]		Loss: 18.190 (18.086)		Time Dataloader: 0.002 (0.006)		Time Network: 20.355 (18.048)
Train Epoch: 6 [9216/9500 (97%)]		Loss: 18.074 (18.086)		Time Dataloader: 0.002 (0.006)		Time Network: 13.123 (18.014)
Train Epoch: 6 [9280/9500 (98%)]		Loss: 17.908 (18.085)		Time Dataloader: 0.011 (0.006)		Time Network: 20.072 (18.028)
Train Epoch: 6 [9344/9500 (98%)]		Loss: 17.880 (18.083)		Time Dataloader: 0.002 (0.006)		Time Network: 2.007 (17.919)
Train Epoch: 6 [9408/9500 (99%)]		Loss: 17.900 (18.082)		Time Dataloader: 0.002 (0.006)		Time Network: 21.059 (17.940)
Train Epoch: 6 [9472/9500 (100%)]		Loss: 18.739 (18.084)		Time Dataloader: 0.002 (0.005)		Time Network: 17.983 (17.940)
Done. This took 44:34 min.
Start testing epoch 6
Test Epoch: 6 [0/500 (0%)]		Loss: 18.178 (18.178)		Time Dataloader: 0.172 (0.172)		Time Network: 3.185 (3.185)
Test Epoch: 6 [64/500 (13%)]		Loss: 18.013 (18.096)		Time Dataloader: 0.002 (0.087)		Time Network: 3.373 (3.279)
Test Epoch: 6 [128/500 (26%)]		Loss: 18.273 (18.155)		Time Dataloader: 0.001 (0.058)		Time Network: 3.103 (3.221)
Test Epoch: 6 [192/500 (38%)]		Loss: 18.465 (18.232)		Time Dataloader: 0.011 (0.046)		Time Network: 3.038 (3.175)
Test Epoch: 6 [256/500 (51%)]		Loss: 18.360 (18.258)		Time Dataloader: 0.002 (0.037)		Time Network: 2.879 (3.116)
Test Epoch: 6 [320/500 (64%)]		Loss: 18.177 (18.244)		Time Dataloader: 0.001 (0.031)		Time Network: 2.975 (3.092)
Test Epoch: 6 [384/500 (77%)]		Loss: 18.103 (18.224)		Time Dataloader: 0.010 (0.028)		Time Network: 3.293 (3.121)
Test Epoch: 6 [448/500 (90%)]		Loss: 17.699 (18.170)		Time Dataloader: 0.001 (0.025)		Time Network: 3.756 (3.200)
Done. This took  0:26 min.
Saving model to training/model_latest.pt. Done.
Finished training epoch 6.


Start training epoch 7 with lr [7.938926261462366e-05]
Train Epoch: 7 [0/9500 (0%)]		Loss: 18.333 (18.333)		Time Dataloader: 0.154 (0.154)		Time Network: 23.470 (23.470)
Train Epoch: 7 [64/9500 (1%)]		Loss: 18.429 (18.381)		Time Dataloader: 0.005 (0.079)		Time Network: 20.330 (21.900)
Train Epoch: 7 [128/9500 (1%)]		Loss: 18.233 (18.332)		Time Dataloader: 0.005 (0.054)		Time Network: 21.339 (21.713)
Train Epoch: 7 [192/9500 (2%)]		Loss: 18.312 (18.327)		Time Dataloader: 0.001 (0.041)		Time Network: 21.179 (21.579)
Train Epoch: 7 [256/9500 (3%)]		Loss: 17.985 (18.259)		Time Dataloader: 0.001 (0.033)		Time Network: 20.992 (21.462)
Train Epoch: 7 [320/9500 (3%)]		Loss: 17.582 (18.146)		Time Dataloader: 0.001 (0.028)		Time Network: 20.429 (21.290)
Train Epoch: 7 [384/9500 (4%)]		Loss: 18.071 (18.135)		Time Dataloader: 0.001 (0.024)		Time Network: 20.584 (21.189)
Train Epoch: 7 [448/9500 (5%)]		Loss: 17.617 (18.070)		Time Dataloader: 0.010 (0.022)		Time Network: 20.888 (21.151)
Train Epoch: 7 [512/9500 (5%)]		Loss: 18.039 (18.067)		Time Dataloader: 0.011 (0.021)		Time Network: 21.178 (21.154)
Train Epoch: 7 [576/9500 (6%)]		Loss: 18.266 (18.087)		Time Dataloader: 0.001 (0.019)		Time Network: 21.326 (21.171)
Train Epoch: 7 [640/9500 (7%)]		Loss: 17.810 (18.062)		Time Dataloader: 0.002 (0.018)		Time Network: 20.645 (21.123)
Train Epoch: 7 [704/9500 (7%)]		Loss: 18.412 (18.091)		Time Dataloader: 0.001 (0.016)		Time Network: 20.774 (21.094)
Train Epoch: 7 [768/9500 (8%)]		Loss: 18.225 (18.101)		Time Dataloader: 0.002 (0.015)		Time Network: 20.731 (21.066)
Train Epoch: 7 [832/9500 (9%)]		Loss: 17.879 (18.085)		Time Dataloader: 0.003 (0.014)		Time Network: 20.579 (21.032)
Train Epoch: 7 [896/9500 (9%)]		Loss: 17.682 (18.058)		Time Dataloader: 0.002 (0.013)		Time Network: 22.902 (21.156)
Train Epoch: 7 [960/9500 (10%)]		Loss: 17.724 (18.037)		Time Dataloader: 0.003 (0.013)		Time Network: 20.760 (21.132)
Train Epoch: 7 [1024/9500 (11%)]		Loss: 18.446 (18.061)		Time Dataloader: 0.002 (0.012)		Time Network: 21.193 (21.135)
Train Epoch: 7 [1088/9500 (11%)]		Loss: 18.151 (18.066)		Time Dataloader: 0.003 (0.012)		Time Network: 21.375 (21.148)
Train Epoch: 7 [1152/9500 (12%)]		Loss: 18.337 (18.081)		Time Dataloader: 0.003 (0.011)		Time Network: 21.623 (21.173)
Train Epoch: 7 [1216/9500 (13%)]		Loss: 18.226 (18.088)		Time Dataloader: 0.003 (0.011)		Time Network: 21.066 (21.168)
Train Epoch: 7 [1280/9500 (13%)]		Loss: 18.592 (18.112)		Time Dataloader: 0.002 (0.010)		Time Network: 16.759 (20.958)
Train Epoch: 7 [1344/9500 (14%)]		Loss: 17.959 (18.105)		Time Dataloader: 0.003 (0.010)		Time Network: 20.777 (20.950)
Train Epoch: 7 [1408/9500 (15%)]		Loss: 17.997 (18.100)		Time Dataloader: 0.002 (0.010)		Time Network: 21.433 (20.971)
Train Epoch: 7 [1472/9500 (15%)]		Loss: 18.188 (18.104)		Time Dataloader: 0.012 (0.010)		Time Network: 20.457 (20.949)
Train Epoch: 7 [1536/9500 (16%)]		Loss: 18.723 (18.129)		Time Dataloader: 0.003 (0.010)		Time Network: 3.035 (20.233)
Train Epoch: 7 [1600/9500 (17%)]		Loss: 17.400 (18.101)		Time Dataloader: 0.005 (0.009)		Time Network: 20.328 (20.237)
Train Epoch: 7 [1664/9500 (18%)]		Loss: 17.474 (18.077)		Time Dataloader: 0.004 (0.009)		Time Network: 19.812 (20.221)
Train Epoch: 7 [1728/9500 (18%)]		Loss: 18.237 (18.083)		Time Dataloader: 0.002 (0.009)		Time Network: 18.794 (20.170)
Train Epoch: 7 [1792/9500 (19%)]		Loss: 17.941 (18.078)		Time Dataloader: 0.004 (0.009)		Time Network: 19.854 (20.159)
Train Epoch: 7 [1856/9500 (20%)]		Loss: 17.858 (18.071)		Time Dataloader: 0.003 (0.009)		Time Network: 21.612 (20.207)
Train Epoch: 7 [1920/9500 (20%)]		Loss: 18.055 (18.070)		Time Dataloader: 0.002 (0.008)		Time Network: 21.089 (20.236)
Train Epoch: 7 [1984/9500 (21%)]		Loss: 18.037 (18.069)		Time Dataloader: 0.003 (0.008)		Time Network: 21.463 (20.274)
Train Epoch: 7 [2048/9500 (22%)]		Loss: 17.760 (18.060)		Time Dataloader: 0.003 (0.008)		Time Network: 21.449 (20.310)
Train Epoch: 7 [2112/9500 (22%)]		Loss: 18.291 (18.067)		Time Dataloader: 0.003 (0.008)		Time Network: 21.163 (20.335)
Train Epoch: 7 [2176/9500 (23%)]		Loss: 17.864 (18.061)		Time Dataloader: 0.002 (0.008)		Time Network: 20.699 (20.345)
Train Epoch: 7 [2240/9500 (24%)]		Loss: 18.065 (18.061)		Time Dataloader: 0.006 (0.008)		Time Network: 21.352 (20.373)
Train Epoch: 7 [2304/9500 (24%)]		Loss: 18.015 (18.060)		Time Dataloader: 0.002 (0.007)		Time Network: 20.828 (20.386)
Train Epoch: 7 [2368/9500 (25%)]		Loss: 18.433 (18.070)		Time Dataloader: 0.003 (0.007)		Time Network: 20.523 (20.389)
Train Epoch: 7 [2432/9500 (26%)]		Loss: 17.840 (18.064)		Time Dataloader: 0.003 (0.007)		Time Network: 20.624 (20.395)
Train Epoch: 7 [2496/9500 (26%)]		Loss: 17.917 (18.060)		Time Dataloader: 0.002 (0.007)		Time Network: 20.420 (20.396)
Train Epoch: 7 [2560/9500 (27%)]		Loss: 17.814 (18.054)		Time Dataloader: 0.010 (0.007)		Time Network: 17.103 (20.315)
Train Epoch: 7 [2624/9500 (28%)]		Loss: 18.499 (18.065)		Time Dataloader: 0.002 (0.007)		Time Network: 21.221 (20.337)
Train Epoch: 7 [2688/9500 (28%)]		Loss: 18.551 (18.076)		Time Dataloader: 0.009 (0.007)		Time Network: 20.789 (20.348)
Train Epoch: 7 [2752/9500 (29%)]		Loss: 17.701 (18.067)		Time Dataloader: 0.002 (0.007)		Time Network: 20.725 (20.356)
Train Epoch: 7 [2816/9500 (30%)]		Loss: 18.520 (18.077)		Time Dataloader: 0.003 (0.007)		Time Network: 23.752 (20.432)
Train Epoch: 7 [2880/9500 (30%)]		Loss: 17.976 (18.075)		Time Dataloader: 0.003 (0.007)		Time Network: 21.202 (20.448)
Train Epoch: 7 [2944/9500 (31%)]		Loss: 17.611 (18.065)		Time Dataloader: 0.002 (0.007)		Time Network: 20.289 (20.445)
Train Epoch: 7 [3008/9500 (32%)]		Loss: 18.055 (18.065)		Time Dataloader: 0.002 (0.007)		Time Network: 19.516 (20.426)
Train Epoch: 7 [3072/9500 (32%)]		Loss: 18.105 (18.066)		Time Dataloader: 0.003 (0.007)		Time Network: 19.589 (20.409)
Train Epoch: 7 [3136/9500 (33%)]		Loss: 17.534 (18.055)		Time Dataloader: 0.003 (0.006)		Time Network: 20.319 (20.407)
Train Epoch: 7 [3200/9500 (34%)]		Loss: 18.297 (18.060)		Time Dataloader: 0.002 (0.006)		Time Network: 20.660 (20.412)
Train Epoch: 7 [3264/9500 (34%)]		Loss: 18.147 (18.062)		Time Dataloader: 0.006 (0.006)		Time Network: 20.015 (20.404)
Train Epoch: 7 [3328/9500 (35%)]		Loss: 18.153 (18.064)		Time Dataloader: 0.003 (0.006)		Time Network: 20.704 (20.410)
Train Epoch: 7 [3392/9500 (36%)]		Loss: 18.497 (18.072)		Time Dataloader: 0.002 (0.006)		Time Network: 20.728 (20.416)
Train Epoch: 7 [3456/9500 (36%)]		Loss: 18.064 (18.071)		Time Dataloader: 0.005 (0.006)		Time Network: 20.817 (20.423)
Train Epoch: 7 [3520/9500 (37%)]		Loss: 18.429 (18.078)		Time Dataloader: 0.002 (0.006)		Time Network: 20.155 (20.418)
Train Epoch: 7 [3584/9500 (38%)]		Loss: 18.088 (18.078)		Time Dataloader: 0.002 (0.006)		Time Network: 19.716 (20.406)
Train Epoch: 7 [3648/9500 (38%)]		Loss: 17.908 (18.075)		Time Dataloader: 0.003 (0.006)		Time Network: 19.717 (20.394)
Train Epoch: 7 [3712/9500 (39%)]		Loss: 17.769 (18.070)		Time Dataloader: 0.003 (0.006)		Time Network: 6.929 (20.166)
Train Epoch: 7 [3776/9500 (40%)]		Loss: 18.044 (18.069)		Time Dataloader: 0.010 (0.006)		Time Network: 21.358 (20.186)
Train Epoch: 7 [3840/9500 (40%)]		Loss: 18.077 (18.070)		Time Dataloader: 0.003 (0.006)		Time Network: 19.624 (20.176)
Train Epoch: 7 [3904/9500 (41%)]		Loss: 18.139 (18.071)		Time Dataloader: 0.002 (0.006)		Time Network: 19.173 (20.160)
Train Epoch: 7 [3968/9500 (42%)]		Loss: 17.694 (18.065)		Time Dataloader: 0.002 (0.006)		Time Network: 18.602 (20.135)
Train Epoch: 7 [4032/9500 (42%)]		Loss: 18.206 (18.067)		Time Dataloader: 0.002 (0.006)		Time Network: 18.841 (20.115)
Train Epoch: 7 [4096/9500 (43%)]		Loss: 18.331 (18.071)		Time Dataloader: 0.002 (0.006)		Time Network: 19.673 (20.108)
Train Epoch: 7 [4160/9500 (44%)]		Loss: 17.766 (18.066)		Time Dataloader: 0.009 (0.006)		Time Network: 19.315 (20.096)
Train Epoch: 7 [4224/9500 (44%)]		Loss: 18.842 (18.078)		Time Dataloader: 0.002 (0.006)		Time Network: 19.724 (20.091)
Train Epoch: 7 [4288/9500 (45%)]		Loss: 18.127 (18.079)		Time Dataloader: 0.006 (0.006)		Time Network: 18.845 (20.073)
Train Epoch: 7 [4352/9500 (46%)]		Loss: 18.475 (18.084)		Time Dataloader: 0.002 (0.006)		Time Network: 16.781 (20.025)
Train Epoch: 7 [4416/9500 (46%)]		Loss: 17.870 (18.081)		Time Dataloader: 0.003 (0.006)		Time Network: 0.852 (19.751)
Train Epoch: 7 [4480/9500 (47%)]		Loss: 18.024 (18.081)		Time Dataloader: 0.002 (0.006)		Time Network: 12.382 (19.647)
Train Epoch: 7 [4544/9500 (48%)]		Loss: 17.839 (18.077)		Time Dataloader: 0.002 (0.006)		Time Network: 0.534 (19.382)
Train Epoch: 7 [4608/9500 (49%)]		Loss: 18.340 (18.081)		Time Dataloader: 0.002 (0.005)		Time Network: 0.352 (19.121)
Train Epoch: 7 [4672/9500 (49%)]		Loss: 18.506 (18.087)		Time Dataloader: 0.002 (0.005)		Time Network: 15.962 (19.078)
Train Epoch: 7 [4736/9500 (50%)]		Loss: 17.939 (18.085)		Time Dataloader: 0.002 (0.005)		Time Network: 19.207 (19.080)
Train Epoch: 7 [4800/9500 (51%)]		Loss: 17.933 (18.083)		Time Dataloader: 0.002 (0.005)		Time Network: 19.046 (19.080)
Train Epoch: 7 [4864/9500 (51%)]		Loss: 18.084 (18.083)		Time Dataloader: 0.002 (0.005)		Time Network: 19.231 (19.082)
Train Epoch: 7 [4928/9500 (52%)]		Loss: 17.814 (18.079)		Time Dataloader: 0.002 (0.005)		Time Network: 18.975 (19.080)
Train Epoch: 7 [4992/9500 (53%)]		Loss: 17.973 (18.078)		Time Dataloader: 0.002 (0.005)		Time Network: 19.906 (19.091)
Train Epoch: 7 [5056/9500 (53%)]		Loss: 17.845 (18.075)		Time Dataloader: 0.003 (0.005)		Time Network: 18.936 (19.089)
Train Epoch: 7 [5120/9500 (54%)]		Loss: 17.910 (18.073)		Time Dataloader: 0.003 (0.005)		Time Network: 14.361 (19.030)
Train Epoch: 7 [5184/9500 (55%)]		Loss: 18.359 (18.076)		Time Dataloader: 0.003 (0.005)		Time Network: 19.173 (19.032)
Train Epoch: 7 [5248/9500 (55%)]		Loss: 17.840 (18.073)		Time Dataloader: 0.002 (0.005)		Time Network: 18.631 (19.027)
Train Epoch: 7 [5312/9500 (56%)]		Loss: 18.040 (18.073)		Time Dataloader: 0.002 (0.005)		Time Network: 19.836 (19.037)
Train Epoch: 7 [5376/9500 (57%)]		Loss: 17.901 (18.071)		Time Dataloader: 0.011 (0.005)		Time Network: 20.129 (19.050)
Train Epoch: 7 [5440/9500 (57%)]		Loss: 18.343 (18.074)		Time Dataloader: 0.002 (0.005)		Time Network: 19.634 (19.057)
Train Epoch: 7 [5504/9500 (58%)]		Loss: 18.080 (18.074)		Time Dataloader: 0.009 (0.005)		Time Network: 19.689 (19.064)
Train Epoch: 7 [5568/9500 (59%)]		Loss: 17.650 (18.069)		Time Dataloader: 0.002 (0.005)		Time Network: 19.939 (19.074)
Train Epoch: 7 [5632/9500 (59%)]		Loss: 18.359 (18.073)		Time Dataloader: 0.007 (0.005)		Time Network: 20.279 (19.087)
Train Epoch: 7 [5696/9500 (60%)]		Loss: 18.474 (18.077)		Time Dataloader: 0.002 (0.005)		Time Network: 20.416 (19.102)
Train Epoch: 7 [5760/9500 (61%)]		Loss: 18.292 (18.080)		Time Dataloader: 0.002 (0.005)		Time Network: 21.430 (19.128)
Train Epoch: 7 [5824/9500 (61%)]		Loss: 18.066 (18.079)		Time Dataloader: 0.003 (0.005)		Time Network: 19.790 (19.135)
Train Epoch: 7 [5888/9500 (62%)]		Loss: 18.009 (18.079)		Time Dataloader: 0.002 (0.005)		Time Network: 20.369 (19.148)
Train Epoch: 7 [5952/9500 (63%)]		Loss: 18.042 (18.078)		Time Dataloader: 0.002 (0.005)		Time Network: 22.783 (19.187)
Train Epoch: 7 [6016/9500 (63%)]		Loss: 18.204 (18.080)		Time Dataloader: 0.004 (0.005)		Time Network: 23.186 (19.229)
Train Epoch: 7 [6080/9500 (64%)]		Loss: 17.969 (18.078)		Time Dataloader: 0.003 (0.005)		Time Network: 21.376 (19.251)
Train Epoch: 7 [6144/9500 (65%)]		Loss: 17.805 (18.076)		Time Dataloader: 0.003 (0.005)		Time Network: 21.658 (19.276)
Train Epoch: 7 [6208/9500 (65%)]		Loss: 18.397 (18.079)		Time Dataloader: 0.003 (0.005)		Time Network: 20.603 (19.290)
Train Epoch: 7 [6272/9500 (66%)]		Loss: 17.968 (18.078)		Time Dataloader: 0.002 (0.005)		Time Network: 4.667 (19.142)
Train Epoch: 7 [6336/9500 (67%)]		Loss: 17.860 (18.076)		Time Dataloader: 0.003 (0.005)		Time Network: 20.476 (19.155)
Train Epoch: 7 [6400/9500 (67%)]		Loss: 18.365 (18.078)		Time Dataloader: 0.003 (0.005)		Time Network: 20.323 (19.167)
Train Epoch: 7 [6464/9500 (68%)]		Loss: 18.040 (18.078)		Time Dataloader: 0.003 (0.005)		Time Network: 20.370 (19.179)
Train Epoch: 7 [6528/9500 (69%)]		Loss: 18.571 (18.083)		Time Dataloader: 0.002 (0.005)		Time Network: 20.096 (19.187)
Train Epoch: 7 [6592/9500 (69%)]		Loss: 18.073 (18.083)		Time Dataloader: 0.005 (0.005)		Time Network: 20.286 (19.198)
Train Epoch: 7 [6656/9500 (70%)]		Loss: 18.363 (18.085)		Time Dataloader: 0.003 (0.005)		Time Network: 20.291 (19.208)
Train Epoch: 7 [6720/9500 (71%)]		Loss: 17.848 (18.083)		Time Dataloader: 0.002 (0.005)		Time Network: 19.874 (19.215)
Train Epoch: 7 [6784/9500 (71%)]		Loss: 17.949 (18.082)		Time Dataloader: 0.003 (0.005)		Time Network: 20.310 (19.225)
Train Epoch: 7 [6848/9500 (72%)]		Loss: 18.409 (18.085)		Time Dataloader: 0.011 (0.005)		Time Network: 3.599 (19.080)
Train Epoch: 7 [6912/9500 (73%)]		Loss: 18.223 (18.086)		Time Dataloader: 0.003 (0.005)		Time Network: 20.521 (19.094)
Train Epoch: 7 [6976/9500 (73%)]		Loss: 17.987 (18.085)		Time Dataloader: 0.004 (0.005)		Time Network: 22.529 (19.125)
Train Epoch: 7 [7040/9500 (74%)]		Loss: 18.362 (18.088)		Time Dataloader: 0.010 (0.005)		Time Network: 22.728 (19.157)
Train Epoch: 7 [7104/9500 (75%)]		Loss: 17.808 (18.085)		Time Dataloader: 0.002 (0.005)		Time Network: 22.701 (19.189)
Train Epoch: 7 [7168/9500 (75%)]		Loss: 18.667 (18.090)		Time Dataloader: 0.009 (0.005)		Time Network: 21.458 (19.209)
Train Epoch: 7 [7232/9500 (76%)]		Loss: 18.292 (18.092)		Time Dataloader: 0.002 (0.005)		Time Network: 20.553 (19.221)
Train Epoch: 7 [7296/9500 (77%)]		Loss: 17.908 (18.091)		Time Dataloader: 0.004 (0.005)		Time Network: 20.678 (19.233)
Train Epoch: 7 [7360/9500 (77%)]		Loss: 17.897 (18.089)		Time Dataloader: 0.010 (0.005)		Time Network: 20.584 (19.245)
Train Epoch: 7 [7424/9500 (78%)]		Loss: 17.828 (18.087)		Time Dataloader: 0.002 (0.005)		Time Network: 20.738 (19.258)
Train Epoch: 7 [7488/9500 (79%)]		Loss: 17.985 (18.086)		Time Dataloader: 0.009 (0.005)		Time Network: 20.352 (19.267)
Train Epoch: 7 [7552/9500 (79%)]		Loss: 17.957 (18.085)		Time Dataloader: 0.002 (0.005)		Time Network: 20.666 (19.279)
Train Epoch: 7 [7616/9500 (80%)]		Loss: 18.133 (18.085)		Time Dataloader: 0.002 (0.005)		Time Network: 7.009 (19.177)
Train Epoch: 7 [7680/9500 (81%)]		Loss: 17.964 (18.084)		Time Dataloader: 0.002 (0.005)		Time Network: 19.879 (19.182)
Train Epoch: 7 [7744/9500 (82%)]		Loss: 17.684 (18.081)		Time Dataloader: 0.003 (0.005)		Time Network: 21.236 (19.199)
Train Epoch: 7 [7808/9500 (82%)]		Loss: 18.361 (18.083)		Time Dataloader: 0.003 (0.005)		Time Network: 22.063 (19.222)
Train Epoch: 7 [7872/9500 (83%)]		Loss: 17.989 (18.082)		Time Dataloader: 0.005 (0.005)		Time Network: 20.017 (19.229)
Train Epoch: 7 [7936/9500 (84%)]		Loss: 18.068 (18.082)		Time Dataloader: 0.003 (0.005)		Time Network: 22.247 (19.253)
Train Epoch: 7 [8000/9500 (84%)]		Loss: 17.979 (18.082)		Time Dataloader: 0.003 (0.005)		Time Network: 21.446 (19.270)
Train Epoch: 7 [8064/9500 (85%)]		Loss: 17.939 (18.080)		Time Dataloader: 0.003 (0.005)		Time Network: 1.663 (19.132)
Train Epoch: 7 [8128/9500 (86%)]		Loss: 18.125 (18.081)		Time Dataloader: 0.003 (0.005)		Time Network: 21.023 (19.147)
Train Epoch: 7 [8192/9500 (86%)]		Loss: 18.066 (18.081)		Time Dataloader: 0.003 (0.005)		Time Network: 20.733 (19.159)
Train Epoch: 7 [8256/9500 (87%)]		Loss: 17.964 (18.080)		Time Dataloader: 0.003 (0.005)		Time Network: 0.677 (19.017)
Train Epoch: 7 [8320/9500 (88%)]		Loss: 18.083 (18.080)		Time Dataloader: 0.003 (0.005)		Time Network: 20.475 (19.028)
Train Epoch: 7 [8384/9500 (88%)]		Loss: 18.306 (18.081)		Time Dataloader: 0.002 (0.005)		Time Network: 20.352 (19.038)
Train Epoch: 7 [8448/9500 (89%)]		Loss: 18.123 (18.082)		Time Dataloader: 0.003 (0.005)		Time Network: 2.910 (18.917)
Train Epoch: 7 [8512/9500 (90%)]		Loss: 18.233 (18.083)		Time Dataloader: 0.010 (0.005)		Time Network: 19.284 (18.919)
Train Epoch: 7 [8576/9500 (90%)]		Loss: 18.177 (18.084)		Time Dataloader: 0.003 (0.005)		Time Network: 20.289 (18.930)
Train Epoch: 7 [8640/9500 (91%)]		Loss: 18.115 (18.084)		Time Dataloader: 0.003 (0.005)		Time Network: 19.722 (18.935)
Train Epoch: 7 [8704/9500 (92%)]		Loss: 18.179 (18.085)		Time Dataloader: 0.005 (0.005)		Time Network: 18.992 (18.936)
Train Epoch: 7 [8768/9500 (92%)]		Loss: 18.582 (18.088)		Time Dataloader: 0.002 (0.005)		Time Network: 19.597 (18.941)
Train Epoch: 7 [8832/9500 (93%)]		Loss: 18.394 (18.090)		Time Dataloader: 0.003 (0.005)		Time Network: 1.161 (18.813)
Train Epoch: 7 [8896/9500 (94%)]		Loss: 17.952 (18.089)		Time Dataloader: 0.002 (0.005)		Time Network: 19.716 (18.819)
Train Epoch: 7 [8960/9500 (94%)]		Loss: 17.944 (18.088)		Time Dataloader: 0.003 (0.005)		Time Network: 21.010 (18.835)
Train Epoch: 7 [9024/9500 (95%)]		Loss: 18.043 (18.088)		Time Dataloader: 0.003 (0.005)		Time Network: 0.080 (18.703)
Train Epoch: 7 [9088/9500 (96%)]		Loss: 18.291 (18.089)		Time Dataloader: 0.010 (0.005)		Time Network: 0.211 (18.573)
Train Epoch: 7 [9152/9500 (96%)]		Loss: 18.249 (18.091)		Time Dataloader: 0.002 (0.005)		Time Network: 0.085 (18.445)
Train Epoch: 7 [9216/9500 (97%)]		Loss: 18.160 (18.091)		Time Dataloader: 0.002 (0.005)		Time Network: 0.230 (18.319)
Train Epoch: 7 [9280/9500 (98%)]		Loss: 17.785 (18.089)		Time Dataloader: 0.002 (0.005)		Time Network: 21.114 (18.338)
Train Epoch: 7 [9344/9500 (98%)]		Loss: 18.155 (18.089)		Time Dataloader: 0.002 (0.005)		Time Network: 22.719 (18.368)
Train Epoch: 7 [9408/9500 (99%)]		Loss: 18.409 (18.092)		Time Dataloader: 0.002 (0.005)		Time Network: 23.757 (18.405)
Train Epoch: 7 [9472/9500 (100%)]		Loss: 18.367 (18.092)		Time Dataloader: 0.002 (0.005)		Time Network: 19.567 (18.412)
Done. This took 45:44 min.
Start testing epoch 7
Test Epoch: 7 [0/500 (0%)]		Loss: 18.025 (18.025)		Time Dataloader: 0.192 (0.192)		Time Network: 3.363 (3.363)
Test Epoch: 7 [64/500 (13%)]		Loss: 18.153 (18.089)		Time Dataloader: 0.003 (0.097)		Time Network: 3.359 (3.361)
Test Epoch: 7 [128/500 (26%)]		Loss: 18.060 (18.079)		Time Dataloader: 0.002 (0.065)		Time Network: 3.204 (3.308)
Test Epoch: 7 [192/500 (38%)]		Loss: 18.206 (18.111)		Time Dataloader: 0.002 (0.050)		Time Network: 3.348 (3.318)
Test Epoch: 7 [256/500 (51%)]		Loss: 18.186 (18.126)		Time Dataloader: 0.001 (0.040)		Time Network: 3.500 (3.355)
Test Epoch: 7 [320/500 (64%)]		Loss: 17.954 (18.097)		Time Dataloader: 0.008 (0.034)		Time Network: 3.364 (3.356)
Test Epoch: 7 [384/500 (77%)]		Loss: 18.098 (18.098)		Time Dataloader: 0.002 (0.030)		Time Network: 3.218 (3.337)
Test Epoch: 7 [448/500 (90%)]		Loss: 17.909 (18.078)		Time Dataloader: 0.002 (0.026)		Time Network: 3.050 (3.301)
Done. This took  0:27 min.
Saving model to training/model_latest.pt. Done.
Finished training epoch 7.


Start training epoch 8 with lr [7.269952498697734e-05]
Train Epoch: 8 [0/9500 (0%)]		Loss: 18.179 (18.179)		Time Dataloader: 0.132 (0.132)		Time Network: 20.572 (20.572)
Train Epoch: 8 [64/9500 (1%)]		Loss: 18.090 (18.134)		Time Dataloader: 0.004 (0.068)		Time Network: 20.705 (20.639)
Train Epoch: 8 [128/9500 (1%)]		Loss: 18.266 (18.178)		Time Dataloader: 0.001 (0.046)		Time Network: 21.439 (20.906)
Train Epoch: 8 [192/9500 (2%)]		Loss: 18.565 (18.275)		Time Dataloader: 0.002 (0.035)		Time Network: 20.591 (20.827)
Train Epoch: 8 [256/9500 (3%)]		Loss: 17.305 (18.081)		Time Dataloader: 0.001 (0.028)		Time Network: 20.645 (20.791)
Train Epoch: 8 [320/9500 (3%)]		Loss: 17.872 (18.046)		Time Dataloader: 0.002 (0.024)		Time Network: 1.072 (17.504)
Train Epoch: 8 [384/9500 (4%)]		Loss: 18.211 (18.070)		Time Dataloader: 0.004 (0.021)		Time Network: 21.427 (18.064)
Train Epoch: 8 [448/9500 (5%)]		Loss: 18.203 (18.086)		Time Dataloader: 0.003 (0.019)		Time Network: 20.895 (18.418)
Train Epoch: 8 [512/9500 (5%)]		Loss: 17.938 (18.070)		Time Dataloader: 0.001 (0.017)		Time Network: 20.671 (18.669)
Train Epoch: 8 [576/9500 (6%)]		Loss: 18.398 (18.103)		Time Dataloader: 0.002 (0.015)		Time Network: 21.068 (18.908)
Train Epoch: 8 [640/9500 (7%)]		Loss: 18.494 (18.138)		Time Dataloader: 0.001 (0.014)		Time Network: 21.171 (19.114)
Train Epoch: 8 [704/9500 (7%)]		Loss: 18.016 (18.128)		Time Dataloader: 0.001 (0.013)		Time Network: 3.530 (17.815)
Train Epoch: 8 [768/9500 (8%)]		Loss: 18.412 (18.150)		Time Dataloader: 0.004 (0.012)		Time Network: 22.754 (18.195)
Train Epoch: 8 [832/9500 (9%)]		Loss: 17.648 (18.114)		Time Dataloader: 0.002 (0.011)		Time Network: 2.217 (17.054)
Train Epoch: 8 [896/9500 (9%)]		Loss: 18.009 (18.107)		Time Dataloader: 0.002 (0.011)		Time Network: 21.294 (17.337)
Train Epoch: 8 [960/9500 (10%)]		Loss: 18.177 (18.111)		Time Dataloader: 0.008 (0.011)		Time Network: 20.853 (17.556)
Train Epoch: 8 [1024/9500 (11%)]		Loss: 18.666 (18.144)		Time Dataloader: 0.003 (0.010)		Time Network: 21.326 (17.778)
Train Epoch: 8 [1088/9500 (11%)]		Loss: 18.166 (18.145)		Time Dataloader: 0.003 (0.010)		Time Network: 1.486 (16.873)
Train Epoch: 8 [1152/9500 (12%)]		Loss: 18.441 (18.161)		Time Dataloader: 0.003 (0.009)		Time Network: 20.844 (17.082)
Train Epoch: 8 [1216/9500 (13%)]		Loss: 17.815 (18.143)		Time Dataloader: 0.003 (0.009)		Time Network: 20.846 (17.270)
Train Epoch: 8 [1280/9500 (13%)]		Loss: 17.791 (18.127)		Time Dataloader: 0.007 (0.009)		Time Network: 20.834 (17.440)
Train Epoch: 8 [1344/9500 (14%)]		Loss: 17.553 (18.101)		Time Dataloader: 0.002 (0.009)		Time Network: 20.072 (17.560)
Train Epoch: 8 [1408/9500 (15%)]		Loss: 18.327 (18.110)		Time Dataloader: 0.003 (0.008)		Time Network: 19.841 (17.659)
Train Epoch: 8 [1472/9500 (15%)]		Loss: 17.934 (18.103)		Time Dataloader: 0.002 (0.008)		Time Network: 20.530 (17.778)
Train Epoch: 8 [1536/9500 (16%)]		Loss: 18.256 (18.109)		Time Dataloader: 0.002 (0.008)		Time Network: 20.114 (17.872)
Train Epoch: 8 [1600/9500 (17%)]		Loss: 17.928 (18.102)		Time Dataloader: 0.002 (0.008)		Time Network: 6.017 (17.416)
Train Epoch: 8 [1664/9500 (18%)]		Loss: 18.209 (18.106)		Time Dataloader: 0.010 (0.008)		Time Network: 19.233 (17.483)
Train Epoch: 8 [1728/9500 (18%)]		Loss: 17.713 (18.092)		Time Dataloader: 0.002 (0.008)		Time Network: 3.071 (16.969)
Train Epoch: 8 [1792/9500 (19%)]		Loss: 18.054 (18.091)		Time Dataloader: 0.002 (0.007)		Time Network: 19.302 (17.049)
Train Epoch: 8 [1856/9500 (20%)]		Loss: 17.826 (18.082)		Time Dataloader: 0.002 (0.007)		Time Network: 20.123 (17.151)
Train Epoch: 8 [1920/9500 (20%)]		Loss: 17.922 (18.077)		Time Dataloader: 0.002 (0.007)		Time Network: 20.838 (17.270)
Train Epoch: 8 [1984/9500 (21%)]		Loss: 18.226 (18.082)		Time Dataloader: 0.002 (0.007)		Time Network: 20.242 (17.363)
Train Epoch: 8 [2048/9500 (22%)]		Loss: 17.781 (18.072)		Time Dataloader: 0.002 (0.007)		Time Network: 20.389 (17.455)
Train Epoch: 8 [2112/9500 (22%)]		Loss: 17.780 (18.064)		Time Dataloader: 0.002 (0.007)		Time Network: 19.857 (17.526)
Train Epoch: 8 [2176/9500 (23%)]		Loss: 18.256 (18.069)		Time Dataloader: 0.002 (0.007)		Time Network: 20.574 (17.613)
Train Epoch: 8 [2240/9500 (24%)]		Loss: 18.286 (18.075)		Time Dataloader: 0.002 (0.006)		Time Network: 19.984 (17.679)
Train Epoch: 8 [2304/9500 (24%)]		Loss: 18.052 (18.075)		Time Dataloader: 0.002 (0.006)		Time Network: 19.736 (17.734)
Train Epoch: 8 [2368/9500 (25%)]		Loss: 17.799 (18.067)		Time Dataloader: 0.003 (0.006)		Time Network: 20.622 (17.810)
Train Epoch: 8 [2432/9500 (26%)]		Loss: 18.164 (18.070)		Time Dataloader: 0.005 (0.006)		Time Network: 20.460 (17.878)
Train Epoch: 8 [2496/9500 (26%)]		Loss: 17.843 (18.064)		Time Dataloader: 0.002 (0.006)		Time Network: 19.867 (17.928)
Train Epoch: 8 [2560/9500 (27%)]		Loss: 18.183 (18.067)		Time Dataloader: 0.002 (0.006)		Time Network: 5.844 (17.633)
Train Epoch: 8 [2624/9500 (28%)]		Loss: 17.564 (18.055)		Time Dataloader: 0.002 (0.006)		Time Network: 18.076 (17.644)
Train Epoch: 8 [2688/9500 (28%)]		Loss: 17.517 (18.043)		Time Dataloader: 0.002 (0.006)		Time Network: 19.257 (17.681)
Train Epoch: 8 [2752/9500 (29%)]		Loss: 18.024 (18.042)		Time Dataloader: 0.002 (0.006)		Time Network: 19.543 (17.723)
Train Epoch: 8 [2816/9500 (30%)]		Loss: 18.012 (18.042)		Time Dataloader: 0.002 (0.006)		Time Network: 19.333 (17.759)
Train Epoch: 8 [2880/9500 (30%)]		Loss: 18.377 (18.049)		Time Dataloader: 0.002 (0.006)		Time Network: 19.036 (17.787)
Train Epoch: 8 [2944/9500 (31%)]		Loss: 17.976 (18.047)		Time Dataloader: 0.002 (0.005)		Time Network: 21.644 (17.869)
Train Epoch: 8 [3008/9500 (32%)]		Loss: 18.092 (18.048)		Time Dataloader: 0.003 (0.005)		Time Network: 20.549 (17.925)
Train Epoch: 8 [3072/9500 (32%)]		Loss: 18.254 (18.052)		Time Dataloader: 0.002 (0.005)		Time Network: 19.331 (17.954)
Train Epoch: 8 [3136/9500 (33%)]		Loss: 18.129 (18.054)		Time Dataloader: 0.004 (0.005)		Time Network: 19.769 (17.990)
Train Epoch: 8 [3200/9500 (34%)]		Loss: 17.990 (18.053)		Time Dataloader: 0.003 (0.005)		Time Network: 19.903 (18.027)
Train Epoch: 8 [3264/9500 (34%)]		Loss: 17.960 (18.051)		Time Dataloader: 0.002 (0.005)		Time Network: 20.209 (18.069)
Train Epoch: 8 [3328/9500 (35%)]		Loss: 17.967 (18.049)		Time Dataloader: 0.002 (0.005)		Time Network: 20.063 (18.107)
Train Epoch: 8 [3392/9500 (36%)]		Loss: 17.839 (18.045)		Time Dataloader: 0.005 (0.005)		Time Network: 15.329 (18.056)
Train Epoch: 8 [3456/9500 (36%)]		Loss: 17.788 (18.041)		Time Dataloader: 0.002 (0.005)		Time Network: 19.543 (18.083)
Train Epoch: 8 [3520/9500 (37%)]		Loss: 18.366 (18.047)		Time Dataloader: 0.002 (0.005)		Time Network: 20.495 (18.126)
Train Epoch: 8 [3584/9500 (38%)]		Loss: 18.341 (18.052)		Time Dataloader: 0.011 (0.005)		Time Network: 20.003 (18.159)
Train Epoch: 8 [3648/9500 (38%)]		Loss: 17.740 (18.046)		Time Dataloader: 0.002 (0.005)		Time Network: 19.560 (18.183)
Train Epoch: 8 [3712/9500 (39%)]		Loss: 18.114 (18.048)		Time Dataloader: 0.002 (0.005)		Time Network: 20.543 (18.223)
Train Epoch: 8 [3776/9500 (40%)]		Loss: 17.985 (18.046)		Time Dataloader: 0.010 (0.005)		Time Network: 20.246 (18.256)
Train Epoch: 8 [3840/9500 (40%)]		Loss: 18.120 (18.048)		Time Dataloader: 0.002 (0.005)		Time Network: 19.809 (18.282)
Train Epoch: 8 [3904/9500 (41%)]		Loss: 17.798 (18.044)		Time Dataloader: 0.003 (0.005)		Time Network: 20.916 (18.324)
Train Epoch: 8 [3968/9500 (42%)]		Loss: 17.877 (18.041)		Time Dataloader: 0.005 (0.005)		Time Network: 20.650 (18.361)
Train Epoch: 8 [4032/9500 (42%)]		Loss: 17.961 (18.040)		Time Dataloader: 0.002 (0.005)		Time Network: 20.191 (18.390)
Train Epoch: 8 [4096/9500 (43%)]		Loss: 17.990 (18.039)		Time Dataloader: 0.002 (0.005)		Time Network: 19.909 (18.413)
Train Epoch: 8 [4160/9500 (44%)]		Loss: 17.985 (18.038)		Time Dataloader: 0.002 (0.005)		Time Network: 20.168 (18.440)
Train Epoch: 8 [4224/9500 (44%)]		Loss: 18.057 (18.038)		Time Dataloader: 0.003 (0.005)		Time Network: 20.015 (18.463)
Train Epoch: 8 [4288/9500 (45%)]		Loss: 17.758 (18.034)		Time Dataloader: 0.003 (0.005)		Time Network: 19.730 (18.482)
Train Epoch: 8 [4352/9500 (46%)]		Loss: 18.206 (18.037)		Time Dataloader: 0.003 (0.005)		Time Network: 19.240 (18.493)
Train Epoch: 8 [4416/9500 (46%)]		Loss: 18.367 (18.042)		Time Dataloader: 0.010 (0.005)		Time Network: 19.330 (18.505)
Train Epoch: 8 [4480/9500 (47%)]		Loss: 18.211 (18.044)		Time Dataloader: 0.002 (0.005)		Time Network: 19.649 (18.521)
Train Epoch: 8 [4544/9500 (48%)]		Loss: 17.680 (18.039)		Time Dataloader: 0.002 (0.005)		Time Network: 19.213 (18.531)
Train Epoch: 8 [4608/9500 (49%)]		Loss: 18.131 (18.040)		Time Dataloader: 0.003 (0.005)		Time Network: 4.895 (18.344)
Train Epoch: 8 [4672/9500 (49%)]		Loss: 18.388 (18.045)		Time Dataloader: 0.002 (0.005)		Time Network: 20.396 (18.372)
Train Epoch: 8 [4736/9500 (50%)]		Loss: 18.297 (18.048)		Time Dataloader: 0.002 (0.005)		Time Network: 21.015 (18.407)
Train Epoch: 8 [4800/9500 (51%)]		Loss: 18.023 (18.048)		Time Dataloader: 0.002 (0.005)		Time Network: 20.432 (18.434)
Train Epoch: 8 [4864/9500 (51%)]		Loss: 18.551 (18.054)		Time Dataloader: 0.002 (0.005)		Time Network: 20.742 (18.464)
Train Epoch: 8 [4928/9500 (52%)]		Loss: 17.420 (18.046)		Time Dataloader: 0.002 (0.005)		Time Network: 23.275 (18.525)
Train Epoch: 8 [4992/9500 (53%)]		Loss: 17.624 (18.041)		Time Dataloader: 0.003 (0.005)		Time Network: 21.323 (18.561)
Train Epoch: 8 [5056/9500 (53%)]		Loss: 18.262 (18.044)		Time Dataloader: 0.002 (0.005)		Time Network: 21.230 (18.594)
Train Epoch: 8 [5120/9500 (54%)]		Loss: 18.153 (18.045)		Time Dataloader: 0.010 (0.005)		Time Network: 6.347 (18.443)
Train Epoch: 8 [5184/9500 (55%)]		Loss: 18.366 (18.049)		Time Dataloader: 0.002 (0.005)		Time Network: 20.833 (18.472)
Train Epoch: 8 [5248/9500 (55%)]		Loss: 18.557 (18.055)		Time Dataloader: 0.003 (0.005)		Time Network: 20.328 (18.494)
Train Epoch: 8 [5312/9500 (56%)]		Loss: 18.137 (18.056)		Time Dataloader: 0.003 (0.005)		Time Network: 1.852 (18.296)
Train Epoch: 8 [5376/9500 (57%)]		Loss: 18.208 (18.058)		Time Dataloader: 0.002 (0.005)		Time Network: 21.595 (18.335)
Train Epoch: 8 [5440/9500 (57%)]		Loss: 18.552 (18.064)		Time Dataloader: 0.003 (0.005)		Time Network: 3.560 (18.163)
Train Epoch: 8 [5504/9500 (58%)]		Loss: 18.369 (18.067)		Time Dataloader: 0.002 (0.004)		Time Network: 21.496 (18.201)
Train Epoch: 8 [5568/9500 (59%)]		Loss: 18.109 (18.068)		Time Dataloader: 0.005 (0.004)		Time Network: 20.249 (18.225)
Train Epoch: 8 [5632/9500 (59%)]		Loss: 18.037 (18.067)		Time Dataloader: 0.004 (0.004)		Time Network: 20.718 (18.253)
Train Epoch: 8 [5696/9500 (60%)]		Loss: 17.950 (18.066)		Time Dataloader: 0.010 (0.005)		Time Network: 2.579 (18.079)
Train Epoch: 8 [5760/9500 (61%)]		Loss: 18.110 (18.066)		Time Dataloader: 0.002 (0.005)		Time Network: 20.550 (18.106)
Train Epoch: 8 [5824/9500 (61%)]		Loss: 18.147 (18.067)		Time Dataloader: 0.009 (0.005)		Time Network: 21.020 (18.137)
Train Epoch: 8 [5888/9500 (62%)]		Loss: 18.023 (18.067)		Time Dataloader: 0.003 (0.005)		Time Network: 20.500 (18.163)
Train Epoch: 8 [5952/9500 (63%)]		Loss: 18.029 (18.066)		Time Dataloader: 0.002 (0.005)		Time Network: 21.084 (18.194)
Train Epoch: 8 [6016/9500 (63%)]		Loss: 17.825 (18.064)		Time Dataloader: 0.003 (0.004)		Time Network: 5.312 (18.058)
Train Epoch: 8 [6080/9500 (64%)]		Loss: 18.417 (18.068)		Time Dataloader: 0.002 (0.004)		Time Network: 22.568 (18.105)
Train Epoch: 8 [6144/9500 (65%)]		Loss: 18.272 (18.070)		Time Dataloader: 0.008 (0.005)		Time Network: 22.473 (18.150)
Train Epoch: 8 [6208/9500 (65%)]		Loss: 18.303 (18.072)		Time Dataloader: 0.003 (0.004)		Time Network: 21.297 (18.182)
Train Epoch: 8 [6272/9500 (66%)]		Loss: 18.081 (18.072)		Time Dataloader: 0.002 (0.004)		Time Network: 21.096 (18.212)
Train Epoch: 8 [6336/9500 (67%)]		Loss: 18.166 (18.073)		Time Dataloader: 0.002 (0.004)		Time Network: 3.651 (18.066)
Train Epoch: 8 [6400/9500 (67%)]		Loss: 18.081 (18.073)		Time Dataloader: 0.002 (0.004)		Time Network: 20.824 (18.094)
Train Epoch: 8 [6464/9500 (68%)]		Loss: 17.962 (18.072)		Time Dataloader: 0.003 (0.004)		Time Network: 20.193 (18.114)
Train Epoch: 8 [6528/9500 (69%)]		Loss: 17.997 (18.071)		Time Dataloader: 0.024 (0.005)		Time Network: 21.077 (18.143)
Train Epoch: 8 [6592/9500 (69%)]		Loss: 17.540 (18.066)		Time Dataloader: 0.002 (0.005)		Time Network: 3.578 (18.003)
Train Epoch: 8 [6656/9500 (70%)]		Loss: 18.205 (18.068)		Time Dataloader: 0.002 (0.005)		Time Network: 0.542 (17.837)
Train Epoch: 8 [6720/9500 (71%)]		Loss: 17.847 (18.065)		Time Dataloader: 0.010 (0.005)		Time Network: 20.035 (17.857)
Train Epoch: 8 [6784/9500 (71%)]		Loss: 18.087 (18.066)		Time Dataloader: 0.002 (0.005)		Time Network: 20.571 (17.883)
Train Epoch: 8 [6848/9500 (72%)]		Loss: 18.040 (18.065)		Time Dataloader: 0.010 (0.005)		Time Network: 20.177 (17.904)
Train Epoch: 8 [6912/9500 (73%)]		Loss: 18.259 (18.067)		Time Dataloader: 0.003 (0.005)		Time Network: 19.737 (17.921)
Train Epoch: 8 [6976/9500 (73%)]		Loss: 18.279 (18.069)		Time Dataloader: 0.005 (0.005)		Time Network: 19.481 (17.935)
Train Epoch: 8 [7040/9500 (74%)]		Loss: 18.260 (18.071)		Time Dataloader: 0.009 (0.005)		Time Network: 20.402 (17.957)
Train Epoch: 8 [7104/9500 (75%)]		Loss: 18.135 (18.071)		Time Dataloader: 0.004 (0.005)		Time Network: 20.231 (17.977)
Train Epoch: 8 [7168/9500 (75%)]		Loss: 18.151 (18.072)		Time Dataloader: 0.002 (0.005)		Time Network: 21.763 (18.011)
Train Epoch: 8 [7232/9500 (76%)]		Loss: 18.447 (18.075)		Time Dataloader: 0.009 (0.005)		Time Network: 22.194 (18.048)
Train Epoch: 8 [7296/9500 (77%)]		Loss: 18.101 (18.076)		Time Dataloader: 0.002 (0.005)		Time Network: 23.130 (18.092)
Train Epoch: 8 [7360/9500 (77%)]		Loss: 17.944 (18.074)		Time Dataloader: 0.002 (0.005)		Time Network: 21.589 (18.122)
Train Epoch: 8 [7424/9500 (78%)]		Loss: 17.770 (18.072)		Time Dataloader: 0.003 (0.005)		Time Network: 6.515 (18.023)
Train Epoch: 8 [7488/9500 (79%)]		Loss: 18.049 (18.072)		Time Dataloader: 0.003 (0.005)		Time Network: 21.170 (18.049)
Train Epoch: 8 [7552/9500 (79%)]		Loss: 17.729 (18.069)		Time Dataloader: 0.010 (0.005)		Time Network: 20.381 (18.069)
Train Epoch: 8 [7616/9500 (80%)]		Loss: 18.019 (18.068)		Time Dataloader: 0.003 (0.005)		Time Network: 20.935 (18.093)
Train Epoch: 8 [7680/9500 (81%)]		Loss: 18.230 (18.070)		Time Dataloader: 0.002 (0.005)		Time Network: 20.827 (18.116)
Train Epoch: 8 [7744/9500 (82%)]		Loss: 17.577 (18.066)		Time Dataloader: 0.003 (0.005)		Time Network: 20.522 (18.135)
Train Epoch: 8 [7808/9500 (82%)]		Loss: 18.116 (18.066)		Time Dataloader: 0.002 (0.005)		Time Network: 20.923 (18.158)
Train Epoch: 8 [7872/9500 (83%)]		Loss: 17.538 (18.062)		Time Dataloader: 0.002 (0.005)		Time Network: 20.843 (18.180)
Train Epoch: 8 [7936/9500 (84%)]		Loss: 18.142 (18.062)		Time Dataloader: 0.006 (0.005)		Time Network: 20.094 (18.195)
Train Epoch: 8 [8000/9500 (84%)]		Loss: 17.816 (18.061)		Time Dataloader: 0.004 (0.005)		Time Network: 20.949 (18.217)
Train Epoch: 8 [8064/9500 (85%)]		Loss: 18.159 (18.061)		Time Dataloader: 0.006 (0.005)		Time Network: 21.835 (18.245)
Train Epoch: 8 [8128/9500 (86%)]		Loss: 17.745 (18.059)		Time Dataloader: 0.005 (0.005)		Time Network: 22.066 (18.275)
Train Epoch: 8 [8192/9500 (86%)]		Loss: 17.779 (18.057)		Time Dataloader: 0.009 (0.005)		Time Network: 21.568 (18.301)
Train Epoch: 8 [8256/9500 (87%)]		Loss: 18.008 (18.056)		Time Dataloader: 0.002 (0.005)		Time Network: 20.862 (18.320)
Train Epoch: 8 [8320/9500 (88%)]		Loss: 18.313 (18.058)		Time Dataloader: 0.003 (0.005)		Time Network: 21.149 (18.342)
Train Epoch: 8 [8384/9500 (88%)]		Loss: 17.568 (18.055)		Time Dataloader: 0.008 (0.005)		Time Network: 20.608 (18.359)
Train Epoch: 8 [8448/9500 (89%)]		Loss: 17.800 (18.053)		Time Dataloader: 0.002 (0.005)		Time Network: 17.748 (18.354)
Train Epoch: 8 [8512/9500 (90%)]		Loss: 18.049 (18.053)		Time Dataloader: 0.010 (0.005)		Time Network: 21.166 (18.375)
Train Epoch: 8 [8576/9500 (90%)]		Loss: 17.896 (18.051)		Time Dataloader: 0.003 (0.005)		Time Network: 20.658 (18.392)
Train Epoch: 8 [8640/9500 (91%)]		Loss: 18.248 (18.053)		Time Dataloader: 0.002 (0.005)		Time Network: 21.131 (18.412)
Train Epoch: 8 [8704/9500 (92%)]		Loss: 18.127 (18.053)		Time Dataloader: 0.003 (0.005)		Time Network: 21.147 (18.432)
Train Epoch: 8 [8768/9500 (92%)]		Loss: 18.340 (18.056)		Time Dataloader: 0.002 (0.005)		Time Network: 21.414 (18.454)
Train Epoch: 8 [8832/9500 (93%)]		Loss: 17.862 (18.054)		Time Dataloader: 0.003 (0.005)		Time Network: 5.678 (18.362)
Train Epoch: 8 [8896/9500 (94%)]		Loss: 18.105 (18.054)		Time Dataloader: 0.011 (0.005)		Time Network: 20.082 (18.374)
Train Epoch: 8 [8960/9500 (94%)]		Loss: 18.202 (18.056)		Time Dataloader: 0.011 (0.005)		Time Network: 18.873 (18.378)
Train Epoch: 8 [9024/9500 (95%)]		Loss: 17.971 (18.055)		Time Dataloader: 0.002 (0.005)		Time Network: 19.969 (18.389)
Train Epoch: 8 [9088/9500 (96%)]		Loss: 17.656 (18.052)		Time Dataloader: 0.003 (0.005)		Time Network: 22.915 (18.421)
Train Epoch: 8 [9152/9500 (96%)]		Loss: 18.169 (18.053)		Time Dataloader: 0.003 (0.005)		Time Network: 24.904 (18.466)
Train Epoch: 8 [9216/9500 (97%)]		Loss: 18.094 (18.053)		Time Dataloader: 0.003 (0.005)		Time Network: 23.388 (18.500)
Train Epoch: 8 [9280/9500 (98%)]		Loss: 18.347 (18.055)		Time Dataloader: 0.002 (0.005)		Time Network: 23.200 (18.532)
Train Epoch: 8 [9344/9500 (98%)]		Loss: 17.809 (18.054)		Time Dataloader: 0.007 (0.005)		Time Network: 23.591 (18.566)
Train Epoch: 8 [9408/9500 (99%)]		Loss: 18.252 (18.055)		Time Dataloader: 0.003 (0.005)		Time Network: 22.015 (18.590)
Train Epoch: 8 [9472/9500 (100%)]		Loss: 17.831 (18.054)		Time Dataloader: 0.009 (0.005)		Time Network: 20.579 (18.603)
Done. This took 46:13 min.
Start testing epoch 8
Test Epoch: 8 [0/500 (0%)]		Loss: 18.039 (18.039)		Time Dataloader: 0.097 (0.097)		Time Network: 3.417 (3.417)
Test Epoch: 8 [64/500 (13%)]		Loss: 18.241 (18.140)		Time Dataloader: 0.001 (0.049)		Time Network: 3.273 (3.345)
Test Epoch: 8 [128/500 (26%)]		Loss: 18.074 (18.118)		Time Dataloader: 0.002 (0.033)		Time Network: 3.632 (3.441)
Test Epoch: 8 [192/500 (38%)]		Loss: 18.051 (18.101)		Time Dataloader: 0.007 (0.027)		Time Network: 3.411 (3.434)
Test Epoch: 8 [256/500 (51%)]		Loss: 18.090 (18.099)		Time Dataloader: 0.001 (0.022)		Time Network: 3.563 (3.459)
Test Epoch: 8 [320/500 (64%)]		Loss: 17.950 (18.074)		Time Dataloader: 0.001 (0.018)		Time Network: 3.471 (3.461)
Test Epoch: 8 [384/500 (77%)]		Loss: 18.004 (18.064)		Time Dataloader: 0.010 (0.017)		Time Network: 3.289 (3.437)
Test Epoch: 8 [448/500 (90%)]		Loss: 17.973 (18.055)		Time Dataloader: 0.001 (0.015)		Time Network: 3.482 (3.442)
Done. This took  0:28 min.
Saving model to training/model_latest.pt. Done.
Finished training epoch 8.


Start training epoch 9 with lr [6.545084971874738e-05]
Train Epoch: 9 [0/9500 (0%)]		Loss: 17.581 (17.581)		Time Dataloader: 0.077 (0.077)		Time Network: 22.536 (22.536)
Train Epoch: 9 [64/9500 (1%)]		Loss: 17.840 (17.711)		Time Dataloader: 0.002 (0.039)		Time Network: 22.906 (22.721)
Train Epoch: 9 [128/9500 (1%)]		Loss: 17.668 (17.697)		Time Dataloader: 0.005 (0.028)		Time Network: 22.552 (22.665)
Train Epoch: 9 [192/9500 (2%)]		Loss: 18.002 (17.773)		Time Dataloader: 0.001 (0.021)		Time Network: 22.398 (22.598)
Train Epoch: 9 [256/9500 (3%)]		Loss: 17.880 (17.794)		Time Dataloader: 0.004 (0.018)		Time Network: 22.739 (22.626)
Train Epoch: 9 [320/9500 (3%)]		Loss: 17.719 (17.782)		Time Dataloader: 0.001 (0.015)		Time Network: 23.361 (22.749)
Train Epoch: 9 [384/9500 (4%)]		Loss: 18.265 (17.851)		Time Dataloader: 0.003 (0.013)		Time Network: 23.217 (22.816)
Train Epoch: 9 [448/9500 (5%)]		Loss: 17.733 (17.836)		Time Dataloader: 0.012 (0.013)		Time Network: 22.718 (22.803)
Train Epoch: 9 [512/9500 (5%)]		Loss: 17.500 (17.799)		Time Dataloader: 0.016 (0.014)		Time Network: 23.307 (22.859)
Train Epoch: 9 [576/9500 (6%)]		Loss: 17.988 (17.818)		Time Dataloader: 0.003 (0.012)		Time Network: 24.174 (22.991)
Train Epoch: 9 [640/9500 (7%)]		Loss: 18.010 (17.835)		Time Dataloader: 0.002 (0.012)		Time Network: 24.157 (23.097)
Train Epoch: 9 [704/9500 (7%)]		Loss: 17.608 (17.816)		Time Dataloader: 0.002 (0.011)		Time Network: 23.724 (23.149)
Train Epoch: 9 [768/9500 (8%)]		Loss: 17.755 (17.811)		Time Dataloader: 0.003 (0.010)		Time Network: 21.282 (23.005)
Train Epoch: 9 [832/9500 (9%)]		Loss: 17.781 (17.809)		Time Dataloader: 0.003 (0.010)		Time Network: 8.960 (22.002)
Train Epoch: 9 [896/9500 (9%)]		Loss: 17.924 (17.817)		Time Dataloader: 0.012 (0.010)		Time Network: 22.076 (22.007)
Train Epoch: 9 [960/9500 (10%)]		Loss: 18.188 (17.840)		Time Dataloader: 0.003 (0.009)		Time Network: 21.315 (21.964)
Train Epoch: 9 [1024/9500 (11%)]		Loss: 17.942 (17.846)		Time Dataloader: 0.003 (0.009)		Time Network: 20.927 (21.903)
Train Epoch: 9 [1088/9500 (11%)]		Loss: 17.750 (17.841)		Time Dataloader: 0.003 (0.009)		Time Network: 21.165 (21.862)
Train Epoch: 9 [1152/9500 (12%)]		Loss: 17.872 (17.843)		Time Dataloader: 0.002 (0.008)		Time Network: 21.221 (21.828)
Train Epoch: 9 [1216/9500 (13%)]		Loss: 18.237 (17.862)		Time Dataloader: 0.003 (0.008)		Time Network: 2.540 (20.864)
Train Epoch: 9 [1280/9500 (13%)]		Loss: 18.183 (17.878)		Time Dataloader: 0.003 (0.008)		Time Network: 15.472 (20.607)
Train Epoch: 9 [1344/9500 (14%)]		Loss: 18.152 (17.890)		Time Dataloader: 0.006 (0.008)		Time Network: 21.561 (20.650)
Train Epoch: 9 [1408/9500 (15%)]		Loss: 17.987 (17.894)		Time Dataloader: 0.002 (0.007)		Time Network: 20.990 (20.665)
Train Epoch: 9 [1472/9500 (15%)]		Loss: 17.953 (17.897)		Time Dataloader: 0.003 (0.007)		Time Network: 20.480 (20.657)
Train Epoch: 9 [1536/9500 (16%)]		Loss: 17.996 (17.901)		Time Dataloader: 0.002 (0.007)		Time Network: 20.480 (20.650)
Train Epoch: 9 [1600/9500 (17%)]		Loss: 18.071 (17.907)		Time Dataloader: 0.003 (0.007)		Time Network: 21.181 (20.671)
Train Epoch: 9 [1664/9500 (18%)]		Loss: 18.558 (17.931)		Time Dataloader: 0.002 (0.007)		Time Network: 20.646 (20.670)
Train Epoch: 9 [1728/9500 (18%)]		Loss: 17.849 (17.928)		Time Dataloader: 0.003 (0.007)		Time Network: 20.876 (20.677)
Train Epoch: 9 [1792/9500 (19%)]		Loss: 18.045 (17.932)		Time Dataloader: 0.003 (0.006)		Time Network: 20.493 (20.671)
Train Epoch: 9 [1856/9500 (20%)]		Loss: 17.997 (17.935)		Time Dataloader: 0.002 (0.006)		Time Network: 20.198 (20.655)
Train Epoch: 9 [1920/9500 (20%)]		Loss: 18.057 (17.939)		Time Dataloader: 0.002 (0.006)		Time Network: 20.646 (20.655)
Train Epoch: 9 [1984/9500 (21%)]		Loss: 18.656 (17.961)		Time Dataloader: 0.009 (0.006)		Time Network: 20.426 (20.648)
Train Epoch: 9 [2048/9500 (22%)]		Loss: 18.077 (17.964)		Time Dataloader: 0.002 (0.006)		Time Network: 20.844 (20.654)
Train Epoch: 9 [2112/9500 (22%)]		Loss: 17.708 (17.957)		Time Dataloader: 0.010 (0.006)		Time Network: 20.062 (20.636)
Train Epoch: 9 [2176/9500 (23%)]		Loss: 17.636 (17.948)		Time Dataloader: 0.003 (0.006)		Time Network: 20.123 (20.621)
Train Epoch: 9 [2240/9500 (24%)]		Loss: 18.440 (17.961)		Time Dataloader: 0.010 (0.006)		Time Network: 23.369 (20.698)
Train Epoch: 9 [2304/9500 (24%)]		Loss: 18.236 (17.969)		Time Dataloader: 0.002 (0.006)		Time Network: 20.819 (20.701)
Train Epoch: 9 [2368/9500 (25%)]		Loss: 17.876 (17.966)		Time Dataloader: 0.002 (0.006)		Time Network: 20.736 (20.702)
Train Epoch: 9 [2432/9500 (26%)]		Loss: 18.011 (17.968)		Time Dataloader: 0.002 (0.006)		Time Network: 20.687 (20.702)
Train Epoch: 9 [2496/9500 (26%)]		Loss: 17.854 (17.965)		Time Dataloader: 0.008 (0.006)		Time Network: 19.949 (20.683)
Train Epoch: 9 [2560/9500 (27%)]		Loss: 17.849 (17.962)		Time Dataloader: 0.015 (0.006)		Time Network: 20.618 (20.681)
Train Epoch: 9 [2624/9500 (28%)]		Loss: 18.483 (17.974)		Time Dataloader: 0.009 (0.006)		Time Network: 21.102 (20.691)
Train Epoch: 9 [2688/9500 (28%)]		Loss: 17.662 (17.967)		Time Dataloader: 0.004 (0.006)		Time Network: 21.494 (20.710)
Train Epoch: 9 [2752/9500 (29%)]		Loss: 17.921 (17.966)		Time Dataloader: 0.003 (0.006)		Time Network: 21.028 (20.717)
Train Epoch: 9 [2816/9500 (30%)]		Loss: 17.792 (17.962)		Time Dataloader: 0.010 (0.006)		Time Network: 20.367 (20.709)
Train Epoch: 9 [2880/9500 (30%)]		Loss: 17.981 (17.962)		Time Dataloader: 0.006 (0.006)		Time Network: 21.054 (20.717)
Train Epoch: 9 [2944/9500 (31%)]		Loss: 18.113 (17.966)		Time Dataloader: 0.007 (0.006)		Time Network: 21.008 (20.723)
Train Epoch: 9 [3008/9500 (32%)]		Loss: 18.077 (17.968)		Time Dataloader: 0.003 (0.006)		Time Network: 21.085 (20.731)
Train Epoch: 9 [3072/9500 (32%)]		Loss: 17.536 (17.959)		Time Dataloader: 0.003 (0.006)		Time Network: 19.874 (20.713)
Train Epoch: 9 [3136/9500 (33%)]		Loss: 17.502 (17.950)		Time Dataloader: 0.003 (0.006)		Time Network: 22.947 (20.758)
Train Epoch: 9 [3200/9500 (34%)]		Loss: 18.187 (17.955)		Time Dataloader: 0.003 (0.006)		Time Network: 21.962 (20.781)
Train Epoch: 9 [3264/9500 (34%)]		Loss: 18.273 (17.961)		Time Dataloader: 0.003 (0.006)		Time Network: 21.553 (20.796)
Train Epoch: 9 [3328/9500 (35%)]		Loss: 18.083 (17.963)		Time Dataloader: 0.011 (0.006)		Time Network: 21.259 (20.805)
Train Epoch: 9 [3392/9500 (36%)]		Loss: 17.870 (17.961)		Time Dataloader: 0.011 (0.006)		Time Network: 18.713 (20.766)
Train Epoch: 9 [3456/9500 (36%)]		Loss: 18.216 (17.966)		Time Dataloader: 0.002 (0.006)		Time Network: 20.981 (20.770)
Train Epoch: 9 [3520/9500 (37%)]		Loss: 18.025 (17.967)		Time Dataloader: 0.002 (0.006)		Time Network: 20.851 (20.772)
Train Epoch: 9 [3584/9500 (38%)]		Loss: 18.031 (17.968)		Time Dataloader: 0.009 (0.006)		Time Network: 20.248 (20.762)
Train Epoch: 9 [3648/9500 (38%)]		Loss: 17.653 (17.963)		Time Dataloader: 0.003 (0.006)		Time Network: 7.246 (20.529)
Train Epoch: 9 [3712/9500 (39%)]		Loss: 17.938 (17.962)		Time Dataloader: 0.003 (0.006)		Time Network: 20.147 (20.523)
Train Epoch: 9 [3776/9500 (40%)]		Loss: 18.459 (17.971)		Time Dataloader: 0.004 (0.006)		Time Network: 20.741 (20.527)
Train Epoch: 9 [3840/9500 (40%)]		Loss: 17.808 (17.968)		Time Dataloader: 0.004 (0.006)		Time Network: 20.320 (20.523)
Train Epoch: 9 [3904/9500 (41%)]		Loss: 17.939 (17.968)		Time Dataloader: 0.003 (0.006)		Time Network: 2.306 (20.229)
Train Epoch: 9 [3968/9500 (42%)]		Loss: 18.228 (17.972)		Time Dataloader: 0.002 (0.006)		Time Network: 21.166 (20.244)
Train Epoch: 9 [4032/9500 (42%)]		Loss: 18.241 (17.976)		Time Dataloader: 0.003 (0.006)		Time Network: 20.654 (20.251)
Train Epoch: 9 [4096/9500 (43%)]		Loss: 18.218 (17.980)		Time Dataloader: 0.013 (0.006)		Time Network: 21.399 (20.268)
Train Epoch: 9 [4160/9500 (44%)]		Loss: 18.040 (17.980)		Time Dataloader: 0.003 (0.006)		Time Network: 22.511 (20.302)
Train Epoch: 9 [4224/9500 (44%)]		Loss: 18.227 (17.984)		Time Dataloader: 0.003 (0.006)		Time Network: 20.688 (20.308)
Train Epoch: 9 [4288/9500 (45%)]		Loss: 18.399 (17.990)		Time Dataloader: 0.002 (0.006)		Time Network: 5.532 (20.091)
Train Epoch: 9 [4352/9500 (46%)]		Loss: 18.583 (17.999)		Time Dataloader: 0.002 (0.006)		Time Network: 20.255 (20.093)
Train Epoch: 9 [4416/9500 (46%)]		Loss: 18.297 (18.003)		Time Dataloader: 0.002 (0.006)		Time Network: 20.394 (20.097)
Train Epoch: 9 [4480/9500 (47%)]		Loss: 17.800 (18.000)		Time Dataloader: 0.002 (0.006)		Time Network: 0.798 (19.826)
Train Epoch: 9 [4544/9500 (48%)]		Loss: 17.769 (17.997)		Time Dataloader: 0.006 (0.006)		Time Network: 20.535 (19.835)
Train Epoch: 9 [4608/9500 (49%)]		Loss: 17.975 (17.997)		Time Dataloader: 0.003 (0.005)		Time Network: 20.572 (19.846)
Train Epoch: 9 [4672/9500 (49%)]		Loss: 18.011 (17.997)		Time Dataloader: 0.002 (0.005)		Time Network: 20.467 (19.854)
Train Epoch: 9 [4736/9500 (50%)]		Loss: 17.518 (17.991)		Time Dataloader: 0.009 (0.005)		Time Network: 3.064 (19.630)
Train Epoch: 9 [4800/9500 (51%)]		Loss: 17.680 (17.986)		Time Dataloader: 0.002 (0.005)		Time Network: 0.400 (19.377)
Train Epoch: 9 [4864/9500 (51%)]		Loss: 18.211 (17.989)		Time Dataloader: 0.003 (0.005)		Time Network: 20.406 (19.390)
Train Epoch: 9 [4928/9500 (52%)]		Loss: 17.987 (17.989)		Time Dataloader: 0.003 (0.005)		Time Network: 21.062 (19.412)
Train Epoch: 9 [4992/9500 (53%)]		Loss: 17.881 (17.988)		Time Dataloader: 0.002 (0.005)		Time Network: 19.881 (19.418)
Train Epoch: 9 [5056/9500 (53%)]		Loss: 17.842 (17.986)		Time Dataloader: 0.008 (0.005)		Time Network: 21.461 (19.443)
Train Epoch: 9 [5120/9500 (54%)]		Loss: 18.373 (17.991)		Time Dataloader: 0.003 (0.005)		Time Network: 21.275 (19.466)
Train Epoch: 9 [5184/9500 (55%)]		Loss: 17.963 (17.991)		Time Dataloader: 0.003 (0.005)		Time Network: 20.469 (19.478)
Train Epoch: 9 [5248/9500 (55%)]		Loss: 17.990 (17.991)		Time Dataloader: 0.003 (0.005)		Time Network: 20.135 (19.486)
Train Epoch: 9 [5312/9500 (56%)]		Loss: 18.196 (17.993)		Time Dataloader: 0.014 (0.005)		Time Network: 22.437 (19.521)
Train Epoch: 9 [5376/9500 (57%)]		Loss: 18.005 (17.993)		Time Dataloader: 0.014 (0.005)		Time Network: 20.781 (19.536)
Train Epoch: 9 [5440/9500 (57%)]		Loss: 18.140 (17.995)		Time Dataloader: 0.002 (0.005)		Time Network: 20.346 (19.545)
Train Epoch: 9 [5504/9500 (58%)]		Loss: 18.197 (17.997)		Time Dataloader: 0.003 (0.005)		Time Network: 20.493 (19.556)
Train Epoch: 9 [5568/9500 (59%)]		Loss: 17.541 (17.992)		Time Dataloader: 0.003 (0.005)		Time Network: 20.298 (19.565)
Train Epoch: 9 [5632/9500 (59%)]		Loss: 18.384 (17.996)		Time Dataloader: 0.002 (0.005)		Time Network: 19.916 (19.569)
Train Epoch: 9 [5696/9500 (60%)]		Loss: 17.848 (17.995)		Time Dataloader: 0.005 (0.005)		Time Network: 20.117 (19.575)
Train Epoch: 9 [5760/9500 (61%)]		Loss: 18.051 (17.995)		Time Dataloader: 0.002 (0.005)		Time Network: 19.829 (19.578)
Train Epoch: 9 [5824/9500 (61%)]		Loss: 17.843 (17.994)		Time Dataloader: 0.008 (0.005)		Time Network: 3.612 (19.404)
Train Epoch: 9 [5888/9500 (62%)]		Loss: 17.695 (17.991)		Time Dataloader: 0.002 (0.005)		Time Network: 19.803 (19.408)
Train Epoch: 9 [5952/9500 (63%)]		Loss: 18.086 (17.992)		Time Dataloader: 0.002 (0.005)		Time Network: 20.182 (19.417)
Train Epoch: 9 [6016/9500 (63%)]		Loss: 18.082 (17.993)		Time Dataloader: 0.003 (0.005)		Time Network: 19.985 (19.423)
Train Epoch: 9 [6080/9500 (64%)]		Loss: 17.648 (17.989)		Time Dataloader: 0.003 (0.005)		Time Network: 19.465 (19.423)
Train Epoch: 9 [6144/9500 (65%)]		Loss: 18.166 (17.991)		Time Dataloader: 0.003 (0.005)		Time Network: 19.961 (19.429)
Train Epoch: 9 [6208/9500 (65%)]		Loss: 17.865 (17.989)		Time Dataloader: 0.002 (0.005)		Time Network: 20.795 (19.442)
Train Epoch: 9 [6272/9500 (66%)]		Loss: 18.494 (17.995)		Time Dataloader: 0.010 (0.005)		Time Network: 19.091 (19.439)
Train Epoch: 9 [6336/9500 (67%)]		Loss: 18.231 (17.997)		Time Dataloader: 0.004 (0.005)		Time Network: 20.704 (19.452)
Train Epoch: 9 [6400/9500 (67%)]		Loss: 17.868 (17.996)		Time Dataloader: 0.002 (0.005)		Time Network: 21.456 (19.471)
Train Epoch: 9 [6464/9500 (68%)]		Loss: 17.952 (17.995)		Time Dataloader: 0.002 (0.005)		Time Network: 20.922 (19.486)
Train Epoch: 9 [6528/9500 (69%)]		Loss: 18.086 (17.996)		Time Dataloader: 0.002 (0.005)		Time Network: 19.763 (19.488)
Train Epoch: 9 [6592/9500 (69%)]		Loss: 18.215 (17.998)		Time Dataloader: 0.002 (0.005)		Time Network: 19.941 (19.493)
Train Epoch: 9 [6656/9500 (70%)]		Loss: 18.143 (18.000)		Time Dataloader: 0.002 (0.005)		Time Network: 19.856 (19.496)
Train Epoch: 9 [6720/9500 (71%)]		Loss: 17.677 (17.997)		Time Dataloader: 0.002 (0.005)		Time Network: 19.821 (19.499)
Train Epoch: 9 [6784/9500 (71%)]		Loss: 17.672 (17.994)		Time Dataloader: 0.009 (0.005)		Time Network: 19.839 (19.502)
Train Epoch: 9 [6848/9500 (72%)]		Loss: 18.452 (17.998)		Time Dataloader: 0.003 (0.005)		Time Network: 19.315 (19.501)
Train Epoch: 9 [6912/9500 (73%)]		Loss: 18.104 (17.999)		Time Dataloader: 0.009 (0.005)		Time Network: 19.303 (19.499)
Train Epoch: 9 [6976/9500 (73%)]		Loss: 17.888 (17.998)		Time Dataloader: 0.002 (0.005)		Time Network: 19.383 (19.498)
Train Epoch: 9 [7040/9500 (74%)]		Loss: 18.046 (17.998)		Time Dataloader: 0.003 (0.005)		Time Network: 19.684 (19.499)
Train Epoch: 9 [7104/9500 (75%)]		Loss: 18.179 (18.000)		Time Dataloader: 0.002 (0.005)		Time Network: 1.811 (19.342)
Train Epoch: 9 [7168/9500 (75%)]		Loss: 18.273 (18.002)		Time Dataloader: 0.002 (0.005)		Time Network: 18.676 (19.336)
Train Epoch: 9 [7232/9500 (76%)]		Loss: 17.965 (18.002)		Time Dataloader: 0.002 (0.005)		Time Network: 19.864 (19.340)
Train Epoch: 9 [7296/9500 (77%)]		Loss: 18.220 (18.004)		Time Dataloader: 0.002 (0.005)		Time Network: 20.463 (19.350)
Train Epoch: 9 [7360/9500 (77%)]		Loss: 18.184 (18.005)		Time Dataloader: 0.003 (0.005)		Time Network: 22.098 (19.374)
Train Epoch: 9 [7424/9500 (78%)]		Loss: 18.240 (18.007)		Time Dataloader: 0.002 (0.005)		Time Network: 20.781 (19.386)
Train Epoch: 9 [7488/9500 (79%)]		Loss: 18.168 (18.009)		Time Dataloader: 0.002 (0.005)		Time Network: 0.970 (19.230)
Train Epoch: 9 [7552/9500 (79%)]		Loss: 17.898 (18.008)		Time Dataloader: 0.002 (0.005)		Time Network: 19.960 (19.236)
Train Epoch: 9 [7616/9500 (80%)]		Loss: 17.987 (18.008)		Time Dataloader: 0.002 (0.005)		Time Network: 20.156 (19.243)
Train Epoch: 9 [7680/9500 (81%)]		Loss: 17.806 (18.006)		Time Dataloader: 0.003 (0.005)		Time Network: 19.409 (19.245)
Train Epoch: 9 [7744/9500 (82%)]		Loss: 17.939 (18.005)		Time Dataloader: 0.003 (0.005)		Time Network: 2.230 (19.105)
Train Epoch: 9 [7808/9500 (82%)]		Loss: 17.700 (18.003)		Time Dataloader: 0.002 (0.005)		Time Network: 19.122 (19.106)
Train Epoch: 9 [7872/9500 (83%)]		Loss: 18.243 (18.005)		Time Dataloader: 0.003 (0.005)		Time Network: 20.665 (19.118)
Train Epoch: 9 [7936/9500 (84%)]		Loss: 18.373 (18.008)		Time Dataloader: 0.003 (0.005)		Time Network: 2.022 (18.981)
Train Epoch: 9 [8000/9500 (84%)]		Loss: 18.182 (18.009)		Time Dataloader: 0.002 (0.005)		Time Network: 20.479 (18.993)
Train Epoch: 9 [8064/9500 (85%)]		Loss: 17.956 (18.009)		Time Dataloader: 0.002 (0.005)		Time Network: 19.618 (18.998)
Train Epoch: 9 [8128/9500 (86%)]		Loss: 17.892 (18.008)		Time Dataloader: 0.003 (0.005)		Time Network: 20.501 (19.010)
Train Epoch: 9 [8192/9500 (86%)]		Loss: 17.665 (18.005)		Time Dataloader: 0.002 (0.005)		Time Network: 19.625 (19.015)
Train Epoch: 9 [8256/9500 (87%)]		Loss: 17.896 (18.004)		Time Dataloader: 0.004 (0.005)		Time Network: 19.816 (19.021)
Train Epoch: 9 [8320/9500 (88%)]		Loss: 18.510 (18.008)		Time Dataloader: 0.003 (0.005)		Time Network: 2.959 (18.898)
Train Epoch: 9 [8384/9500 (88%)]		Loss: 17.886 (18.007)		Time Dataloader: 0.003 (0.005)		Time Network: 20.218 (18.908)
Train Epoch: 9 [8448/9500 (89%)]		Loss: 18.494 (18.011)		Time Dataloader: 0.012 (0.005)		Time Network: 19.637 (18.914)
Train Epoch: 9 [8512/9500 (90%)]		Loss: 17.996 (18.011)		Time Dataloader: 0.002 (0.005)		Time Network: 22.065 (18.937)
Train Epoch: 9 [8576/9500 (90%)]		Loss: 18.213 (18.012)		Time Dataloader: 0.003 (0.005)		Time Network: 22.746 (18.965)
Train Epoch: 9 [8640/9500 (91%)]		Loss: 18.226 (18.014)		Time Dataloader: 0.010 (0.005)		Time Network: 21.499 (18.984)
Train Epoch: 9 [8704/9500 (92%)]		Loss: 17.802 (18.012)		Time Dataloader: 0.003 (0.005)		Time Network: 20.924 (18.998)
Train Epoch: 9 [8768/9500 (92%)]		Loss: 18.067 (18.013)		Time Dataloader: 0.002 (0.005)		Time Network: 20.099 (19.006)
Train Epoch: 9 [8832/9500 (93%)]		Loss: 18.358 (18.015)		Time Dataloader: 0.005 (0.005)		Time Network: 20.745 (19.019)
Train Epoch: 9 [8896/9500 (94%)]		Loss: 17.928 (18.015)		Time Dataloader: 0.002 (0.005)		Time Network: 20.919 (19.032)
Train Epoch: 9 [8960/9500 (94%)]		Loss: 17.754 (18.013)		Time Dataloader: 0.003 (0.005)		Time Network: 20.880 (19.045)
Train Epoch: 9 [9024/9500 (95%)]		Loss: 18.051 (18.013)		Time Dataloader: 0.009 (0.005)		Time Network: 11.213 (18.990)
Train Epoch: 9 [9088/9500 (96%)]		Loss: 18.045 (18.013)		Time Dataloader: 0.002 (0.005)		Time Network: 15.370 (18.965)
Train Epoch: 9 [9152/9500 (96%)]		Loss: 18.055 (18.014)		Time Dataloader: 0.002 (0.005)		Time Network: 20.482 (18.975)
Train Epoch: 9 [9216/9500 (97%)]		Loss: 18.244 (18.015)		Time Dataloader: 0.002 (0.005)		Time Network: 20.872 (18.988)
Train Epoch: 9 [9280/9500 (98%)]		Loss: 18.346 (18.017)		Time Dataloader: 0.003 (0.005)		Time Network: 21.042 (19.003)
Train Epoch: 9 [9344/9500 (98%)]		Loss: 18.314 (18.019)		Time Dataloader: 0.002 (0.005)		Time Network: 20.860 (19.015)
Train Epoch: 9 [9408/9500 (99%)]		Loss: 18.356 (18.022)		Time Dataloader: 0.003 (0.005)		Time Network: 20.270 (19.024)
Train Epoch: 9 [9472/9500 (100%)]		Loss: 18.287 (18.022)		Time Dataloader: 0.002 (0.005)		Time Network: 18.965 (19.023)
Done. This took 47:15 min.
Start testing epoch 9
Test Epoch: 9 [0/500 (0%)]		Loss: 18.400 (18.400)		Time Dataloader: 0.139 (0.139)		Time Network: 3.411 (3.411)
Test Epoch: 9 [64/500 (13%)]		Loss: 17.997 (18.199)		Time Dataloader: 0.001 (0.070)		Time Network: 3.287 (3.349)
Test Epoch: 9 [128/500 (26%)]		Loss: 18.073 (18.157)		Time Dataloader: 0.003 (0.048)		Time Network: 3.088 (3.262)
Test Epoch: 9 [192/500 (38%)]		Loss: 18.071 (18.135)		Time Dataloader: 0.001 (0.036)		Time Network: 3.039 (3.206)
Test Epoch: 9 [256/500 (51%)]		Loss: 18.144 (18.137)		Time Dataloader: 0.001 (0.029)		Time Network: 3.018 (3.169)
Test Epoch: 9 [320/500 (64%)]		Loss: 18.154 (18.140)		Time Dataloader: 0.001 (0.025)		Time Network: 3.023 (3.144)
Test Epoch: 9 [384/500 (77%)]		Loss: 18.134 (18.139)		Time Dataloader: 0.002 (0.021)		Time Network: 3.138 (3.143)
Test Epoch: 9 [448/500 (90%)]		Loss: 17.872 (18.111)		Time Dataloader: 0.010 (0.020)		Time Network: 3.066 (3.134)
Done. This took  0:25 min.
Saving model to training/model_latest.pt. Done.
Finished training epoch 9.


Start training epoch 10 with lr [5.782172325201156e-05]
Train Epoch: 10 [0/9500 (0%)]		Loss: 18.208 (18.208)		Time Dataloader: 0.113 (0.113)		Time Network: 20.586 (20.586)
Train Epoch: 10 [64/9500 (1%)]		Loss: 17.988 (18.098)		Time Dataloader: 0.001 (0.057)		Time Network: 3.385 (11.986)
Train Epoch: 10 [128/9500 (1%)]		Loss: 17.898 (18.031)		Time Dataloader: 0.001 (0.038)		Time Network: 21.743 (15.238)
Train Epoch: 10 [192/9500 (2%)]		Loss: 17.924 (18.004)		Time Dataloader: 0.003 (0.030)		Time Network: 21.370 (16.771)
Train Epoch: 10 [256/9500 (3%)]		Loss: 18.087 (18.021)		Time Dataloader: 0.002 (0.024)		Time Network: 20.858 (17.589)
Train Epoch: 10 [320/9500 (3%)]		Loss: 17.568 (17.946)		Time Dataloader: 0.002 (0.020)		Time Network: 21.025 (18.161)
Train Epoch: 10 [384/9500 (4%)]		Loss: 17.881 (17.936)		Time Dataloader: 0.006 (0.018)		Time Network: 21.664 (18.662)
Train Epoch: 10 [448/9500 (5%)]		Loss: 18.190 (17.968)		Time Dataloader: 0.002 (0.016)		Time Network: 20.431 (18.883)
Train Epoch: 10 [512/9500 (5%)]		Loss: 17.663 (17.934)		Time Dataloader: 0.001 (0.015)		Time Network: 20.736 (19.089)
Train Epoch: 10 [576/9500 (6%)]		Loss: 18.087 (17.949)		Time Dataloader: 0.001 (0.013)		Time Network: 20.702 (19.250)
Train Epoch: 10 [640/9500 (7%)]		Loss: 18.341 (17.985)		Time Dataloader: 0.009 (0.013)		Time Network: 19.852 (19.305)
Train Epoch: 10 [704/9500 (7%)]		Loss: 17.894 (17.977)		Time Dataloader: 0.002 (0.012)		Time Network: 20.428 (19.398)
Train Epoch: 10 [768/9500 (8%)]		Loss: 18.264 (17.999)		Time Dataloader: 0.002 (0.011)		Time Network: 19.759 (19.426)
Train Epoch: 10 [832/9500 (9%)]		Loss: 18.054 (18.003)		Time Dataloader: 0.003 (0.011)		Time Network: 20.866 (19.529)
Train Epoch: 10 [896/9500 (9%)]		Loss: 18.429 (18.032)		Time Dataloader: 0.003 (0.010)		Time Network: 19.735 (19.543)
Train Epoch: 10 [960/9500 (10%)]		Loss: 17.860 (18.021)		Time Dataloader: 0.003 (0.010)		Time Network: 20.247 (19.587)
Train Epoch: 10 [1024/9500 (11%)]		Loss: 17.936 (18.016)		Time Dataloader: 0.002 (0.009)		Time Network: 20.254 (19.626)
Train Epoch: 10 [1088/9500 (11%)]		Loss: 18.137 (18.023)		Time Dataloader: 0.010 (0.009)		Time Network: 19.597 (19.624)
Train Epoch: 10 [1152/9500 (12%)]		Loss: 17.982 (18.020)		Time Dataloader: 0.002 (0.009)		Time Network: 20.460 (19.668)
Train Epoch: 10 [1216/9500 (13%)]		Loss: 18.042 (18.022)		Time Dataloader: 0.002 (0.008)		Time Network: 20.565 (19.713)
Train Epoch: 10 [1280/9500 (13%)]		Loss: 17.806 (18.011)		Time Dataloader: 0.009 (0.009)		Time Network: 20.523 (19.752)
Train Epoch: 10 [1344/9500 (14%)]		Loss: 18.169 (18.018)		Time Dataloader: 0.002 (0.008)		Time Network: 21.232 (19.819)
Train Epoch: 10 [1408/9500 (15%)]		Loss: 18.025 (18.019)		Time Dataloader: 0.003 (0.008)		Time Network: 21.482 (19.891)
Train Epoch: 10 [1472/9500 (15%)]		Loss: 17.807 (18.010)		Time Dataloader: 0.003 (0.008)		Time Network: 19.765 (19.886)
Train Epoch: 10 [1536/9500 (16%)]		Loss: 17.764 (18.000)		Time Dataloader: 0.002 (0.008)		Time Network: 20.618 (19.915)
Train Epoch: 10 [1600/9500 (17%)]		Loss: 18.115 (18.004)		Time Dataloader: 0.002 (0.007)		Time Network: 11.127 (19.577)
Train Epoch: 10 [1664/9500 (18%)]		Loss: 18.496 (18.023)		Time Dataloader: 0.003 (0.007)		Time Network: 21.355 (19.643)
Train Epoch: 10 [1728/9500 (18%)]		Loss: 18.315 (18.033)		Time Dataloader: 0.002 (0.007)		Time Network: 20.815 (19.685)
Train Epoch: 10 [1792/9500 (19%)]		Loss: 17.780 (18.024)		Time Dataloader: 0.002 (0.007)		Time Network: 2.902 (19.106)
Train Epoch: 10 [1856/9500 (20%)]		Loss: 18.258 (18.032)		Time Dataloader: 0.003 (0.007)		Time Network: 22.960 (19.235)
Train Epoch: 10 [1920/9500 (20%)]		Loss: 17.992 (18.031)		Time Dataloader: 0.002 (0.007)		Time Network: 22.726 (19.347)
Train Epoch: 10 [1984/9500 (21%)]		Loss: 17.962 (18.029)		Time Dataloader: 0.002 (0.007)		Time Network: 20.527 (19.384)
Train Epoch: 10 [2048/9500 (22%)]		Loss: 18.323 (18.038)		Time Dataloader: 0.002 (0.006)		Time Network: 21.278 (19.442)
Train Epoch: 10 [2112/9500 (22%)]		Loss: 18.487 (18.051)		Time Dataloader: 0.006 (0.006)		Time Network: 20.998 (19.487)
Train Epoch: 10 [2176/9500 (23%)]		Loss: 17.751 (18.042)		Time Dataloader: 0.002 (0.006)		Time Network: 19.926 (19.500)
Train Epoch: 10 [2240/9500 (24%)]		Loss: 18.381 (18.052)		Time Dataloader: 0.010 (0.006)		Time Network: 20.986 (19.541)
Train Epoch: 10 [2304/9500 (24%)]		Loss: 17.912 (18.048)		Time Dataloader: 0.002 (0.006)		Time Network: 20.527 (19.568)
Train Epoch: 10 [2368/9500 (25%)]		Loss: 17.928 (18.045)		Time Dataloader: 0.008 (0.006)		Time Network: 20.629 (19.596)
Train Epoch: 10 [2432/9500 (26%)]		Loss: 18.190 (18.049)		Time Dataloader: 0.009 (0.006)		Time Network: 6.750 (19.266)
Train Epoch: 10 [2496/9500 (26%)]		Loss: 18.061 (18.049)		Time Dataloader: 0.002 (0.006)		Time Network: 20.718 (19.303)
Train Epoch: 10 [2560/9500 (27%)]		Loss: 17.775 (18.042)		Time Dataloader: 0.002 (0.006)		Time Network: 16.050 (19.223)
Train Epoch: 10 [2624/9500 (28%)]		Loss: 17.553 (18.031)		Time Dataloader: 0.002 (0.006)		Time Network: 20.716 (19.259)
Train Epoch: 10 [2688/9500 (28%)]		Loss: 18.164 (18.034)		Time Dataloader: 0.002 (0.006)		Time Network: 21.249 (19.305)
Train Epoch: 10 [2752/9500 (29%)]		Loss: 18.018 (18.033)		Time Dataloader: 0.002 (0.006)		Time Network: 20.264 (19.327)
Train Epoch: 10 [2816/9500 (30%)]		Loss: 17.638 (18.024)		Time Dataloader: 0.009 (0.006)		Time Network: 21.100 (19.366)
Train Epoch: 10 [2880/9500 (30%)]		Loss: 18.017 (18.024)		Time Dataloader: 0.002 (0.006)		Time Network: 20.730 (19.396)
Train Epoch: 10 [2944/9500 (31%)]		Loss: 17.856 (18.021)		Time Dataloader: 0.002 (0.006)		Time Network: 19.937 (19.408)
Train Epoch: 10 [3008/9500 (32%)]		Loss: 18.160 (18.024)		Time Dataloader: 0.002 (0.006)		Time Network: 20.814 (19.437)
Train Epoch: 10 [3072/9500 (32%)]		Loss: 17.868 (18.020)		Time Dataloader: 0.010 (0.006)		Time Network: 14.157 (19.329)
Train Epoch: 10 [3136/9500 (33%)]		Loss: 18.049 (18.021)		Time Dataloader: 0.002 (0.006)		Time Network: 19.645 (19.335)
Train Epoch: 10 [3200/9500 (34%)]		Loss: 18.458 (18.030)		Time Dataloader: 0.002 (0.006)		Time Network: 19.725 (19.343)
Train Epoch: 10 [3264/9500 (34%)]		Loss: 17.901 (18.027)		Time Dataloader: 0.002 (0.006)		Time Network: 14.415 (19.248)
Train Epoch: 10 [3328/9500 (35%)]		Loss: 18.006 (18.027)		Time Dataloader: 0.002 (0.005)		Time Network: 20.132 (19.265)
Train Epoch: 10 [3392/9500 (36%)]		Loss: 18.133 (18.029)		Time Dataloader: 0.003 (0.005)		Time Network: 19.995 (19.278)
Train Epoch: 10 [3456/9500 (36%)]		Loss: 17.543 (18.020)		Time Dataloader: 0.002 (0.005)		Time Network: 20.316 (19.297)
Train Epoch: 10 [3520/9500 (37%)]		Loss: 17.769 (18.015)		Time Dataloader: 0.002 (0.005)		Time Network: 12.876 (19.183)
Train Epoch: 10 [3584/9500 (38%)]		Loss: 18.087 (18.017)		Time Dataloader: 0.002 (0.005)		Time Network: 20.148 (19.200)
Train Epoch: 10 [3648/9500 (38%)]		Loss: 18.078 (18.018)		Time Dataloader: 0.003 (0.005)		Time Network: 19.869 (19.211)
Train Epoch: 10 [3712/9500 (39%)]		Loss: 18.277 (18.022)		Time Dataloader: 0.002 (0.005)		Time Network: 9.951 (19.054)
Train Epoch: 10 [3776/9500 (40%)]		Loss: 18.236 (18.026)		Time Dataloader: 0.002 (0.005)		Time Network: 19.842 (19.067)
Train Epoch: 10 [3840/9500 (40%)]		Loss: 18.082 (18.027)		Time Dataloader: 0.006 (0.005)		Time Network: 20.735 (19.095)
Train Epoch: 10 [3904/9500 (41%)]		Loss: 17.587 (18.019)		Time Dataloader: 0.002 (0.005)		Time Network: 21.099 (19.127)
Train Epoch: 10 [3968/9500 (42%)]		Loss: 18.089 (18.021)		Time Dataloader: 0.002 (0.005)		Time Network: 0.782 (18.836)
Train Epoch: 10 [4032/9500 (42%)]		Loss: 18.355 (18.026)		Time Dataloader: 0.003 (0.005)		Time Network: 20.523 (18.862)
Train Epoch: 10 [4096/9500 (43%)]		Loss: 18.262 (18.029)		Time Dataloader: 0.002 (0.005)		Time Network: 20.885 (18.893)
Train Epoch: 10 [4160/9500 (44%)]		Loss: 17.592 (18.023)		Time Dataloader: 0.003 (0.005)		Time Network: 0.620 (18.616)
Train Epoch: 10 [4224/9500 (44%)]		Loss: 18.265 (18.026)		Time Dataloader: 0.002 (0.005)		Time Network: 20.345 (18.642)
Train Epoch: 10 [4288/9500 (45%)]		Loss: 17.946 (18.025)		Time Dataloader: 0.009 (0.005)		Time Network: 20.270 (18.666)
Train Epoch: 10 [4352/9500 (46%)]		Loss: 17.597 (18.019)		Time Dataloader: 0.002 (0.005)		Time Network: 19.707 (18.681)
Train Epoch: 10 [4416/9500 (46%)]		Loss: 18.286 (18.023)		Time Dataloader: 0.002 (0.005)		Time Network: 1.391 (18.434)
Train Epoch: 10 [4480/9500 (47%)]		Loss: 17.734 (18.019)		Time Dataloader: 0.002 (0.005)		Time Network: 19.563 (18.450)
Train Epoch: 10 [4544/9500 (48%)]		Loss: 18.151 (18.021)		Time Dataloader: 0.002 (0.005)		Time Network: 0.640 (18.203)
Train Epoch: 10 [4608/9500 (49%)]		Loss: 18.107 (18.022)		Time Dataloader: 0.002 (0.005)		Time Network: 19.860 (18.225)
Train Epoch: 10 [4672/9500 (49%)]		Loss: 17.838 (18.019)		Time Dataloader: 0.002 (0.005)		Time Network: 19.911 (18.248)
Train Epoch: 10 [4736/9500 (50%)]		Loss: 18.105 (18.020)		Time Dataloader: 0.002 (0.005)		Time Network: 20.136 (18.273)
Train Epoch: 10 [4800/9500 (51%)]		Loss: 18.213 (18.023)		Time Dataloader: 0.002 (0.005)		Time Network: 19.905 (18.295)
Train Epoch: 10 [4864/9500 (51%)]		Loss: 17.740 (18.019)		Time Dataloader: 0.002 (0.005)		Time Network: 20.019 (18.317)
Train Epoch: 10 [4928/9500 (52%)]		Loss: 18.226 (18.022)		Time Dataloader: 0.009 (0.005)		Time Network: 20.106 (18.340)
Train Epoch: 10 [4992/9500 (53%)]		Loss: 17.948 (18.021)		Time Dataloader: 0.004 (0.005)		Time Network: 19.651 (18.357)
Train Epoch: 10 [5056/9500 (53%)]		Loss: 18.106 (18.022)		Time Dataloader: 0.002 (0.005)		Time Network: 21.155 (18.392)
Train Epoch: 10 [5120/9500 (54%)]		Loss: 18.083 (18.023)		Time Dataloader: 0.010 (0.005)		Time Network: 22.121 (18.438)
Train Epoch: 10 [5184/9500 (55%)]		Loss: 17.855 (18.021)		Time Dataloader: 0.003 (0.005)		Time Network: 20.464 (18.463)
Train Epoch: 10 [5248/9500 (55%)]		Loss: 17.756 (18.018)		Time Dataloader: 0.003 (0.005)		Time Network: 19.657 (18.477)
Train Epoch: 10 [5312/9500 (56%)]		Loss: 17.851 (18.016)		Time Dataloader: 0.002 (0.005)		Time Network: 11.695 (18.396)
Train Epoch: 10 [5376/9500 (57%)]		Loss: 18.322 (18.019)		Time Dataloader: 0.002 (0.005)		Time Network: 19.743 (18.412)
Train Epoch: 10 [5440/9500 (57%)]		Loss: 17.761 (18.016)		Time Dataloader: 0.002 (0.005)		Time Network: 19.495 (18.425)
Train Epoch: 10 [5504/9500 (58%)]		Loss: 18.037 (18.016)		Time Dataloader: 0.002 (0.005)		Time Network: 19.382 (18.436)
Train Epoch: 10 [5568/9500 (59%)]		Loss: 17.561 (18.011)		Time Dataloader: 0.009 (0.005)		Time Network: 19.554 (18.448)
Train Epoch: 10 [5632/9500 (59%)]		Loss: 18.093 (18.012)		Time Dataloader: 0.002 (0.005)		Time Network: 19.097 (18.456)
Train Epoch: 10 [5696/9500 (60%)]		Loss: 18.190 (18.014)		Time Dataloader: 0.002 (0.005)		Time Network: 20.101 (18.474)
Train Epoch: 10 [5760/9500 (61%)]		Loss: 17.784 (18.012)		Time Dataloader: 0.002 (0.004)		Time Network: 19.841 (18.489)
Train Epoch: 10 [5824/9500 (61%)]		Loss: 18.113 (18.013)		Time Dataloader: 0.002 (0.004)		Time Network: 20.480 (18.511)
Train Epoch: 10 [5888/9500 (62%)]		Loss: 18.301 (18.016)		Time Dataloader: 0.003 (0.004)		Time Network: 20.104 (18.528)
Train Epoch: 10 [5952/9500 (63%)]		Loss: 18.233 (18.018)		Time Dataloader: 0.008 (0.004)		Time Network: 19.776 (18.541)
Train Epoch: 10 [6016/9500 (63%)]		Loss: 18.465 (18.023)		Time Dataloader: 0.020 (0.005)		Time Network: 21.230 (18.569)
Train Epoch: 10 [6080/9500 (64%)]		Loss: 18.028 (18.023)		Time Dataloader: 0.003 (0.005)		Time Network: 21.030 (18.595)
Train Epoch: 10 [6144/9500 (65%)]		Loss: 18.012 (18.023)		Time Dataloader: 0.002 (0.005)		Time Network: 21.146 (18.621)
Train Epoch: 10 [6208/9500 (65%)]		Loss: 18.256 (18.025)		Time Dataloader: 0.002 (0.005)		Time Network: 21.539 (18.651)
Train Epoch: 10 [6272/9500 (66%)]		Loss: 18.173 (18.027)		Time Dataloader: 0.002 (0.005)		Time Network: 20.821 (18.673)
Train Epoch: 10 [6336/9500 (67%)]		Loss: 17.896 (18.025)		Time Dataloader: 0.002 (0.005)		Time Network: 20.159 (18.688)
Train Epoch: 10 [6400/9500 (67%)]		Loss: 18.169 (18.027)		Time Dataloader: 0.005 (0.005)		Time Network: 20.412 (18.705)
Train Epoch: 10 [6464/9500 (68%)]		Loss: 18.003 (18.027)		Time Dataloader: 0.002 (0.005)		Time Network: 19.795 (18.716)
Train Epoch: 10 [6528/9500 (69%)]		Loss: 17.667 (18.023)		Time Dataloader: 0.002 (0.005)		Time Network: 16.408 (18.693)
Train Epoch: 10 [6592/9500 (69%)]		Loss: 18.177 (18.025)		Time Dataloader: 0.002 (0.004)		Time Network: 17.917 (18.686)
Train Epoch: 10 [6656/9500 (70%)]		Loss: 18.356 (18.028)		Time Dataloader: 0.003 (0.004)		Time Network: 19.384 (18.692)
Train Epoch: 10 [6720/9500 (71%)]		Loss: 18.034 (18.028)		Time Dataloader: 0.005 (0.004)		Time Network: 19.903 (18.704)
Train Epoch: 10 [6784/9500 (71%)]		Loss: 17.733 (18.025)		Time Dataloader: 0.010 (0.005)		Time Network: 21.311 (18.728)
Train Epoch: 10 [6848/9500 (72%)]		Loss: 17.847 (18.023)		Time Dataloader: 0.002 (0.004)		Time Network: 6.632 (18.616)
Train Epoch: 10 [6912/9500 (73%)]		Loss: 17.785 (18.021)		Time Dataloader: 0.002 (0.004)		Time Network: 20.266 (18.631)
Train Epoch: 10 [6976/9500 (73%)]		Loss: 18.242 (18.023)		Time Dataloader: 0.002 (0.004)		Time Network: 20.069 (18.644)
Train Epoch: 10 [7040/9500 (74%)]		Loss: 17.953 (18.023)		Time Dataloader: 0.009 (0.004)		Time Network: 22.234 (18.677)
Train Epoch: 10 [7104/9500 (75%)]		Loss: 18.189 (18.024)		Time Dataloader: 0.009 (0.005)		Time Network: 22.340 (18.709)
Train Epoch: 10 [7168/9500 (75%)]		Loss: 17.984 (18.024)		Time Dataloader: 0.005 (0.005)		Time Network: 20.857 (18.728)
Train Epoch: 10 [7232/9500 (76%)]		Loss: 18.135 (18.025)		Time Dataloader: 0.003 (0.005)		Time Network: 21.827 (18.756)
Train Epoch: 10 [7296/9500 (77%)]		Loss: 17.755 (18.022)		Time Dataloader: 0.002 (0.005)		Time Network: 20.698 (18.772)
Train Epoch: 10 [7360/9500 (77%)]		Loss: 18.026 (18.022)		Time Dataloader: 0.003 (0.004)		Time Network: 6.430 (18.666)
Train Epoch: 10 [7424/9500 (78%)]		Loss: 18.429 (18.026)		Time Dataloader: 0.002 (0.004)		Time Network: 20.577 (18.682)
Train Epoch: 10 [7488/9500 (79%)]		Loss: 17.732 (18.023)		Time Dataloader: 0.003 (0.004)		Time Network: 21.122 (18.703)
Train Epoch: 10 [7552/9500 (79%)]		Loss: 18.068 (18.024)		Time Dataloader: 0.007 (0.004)		Time Network: 20.775 (18.720)
Train Epoch: 10 [7616/9500 (80%)]		Loss: 18.233 (18.025)		Time Dataloader: 0.003 (0.004)		Time Network: 20.889 (18.739)
Train Epoch: 10 [7680/9500 (81%)]		Loss: 17.881 (18.024)		Time Dataloader: 0.002 (0.004)		Time Network: 20.591 (18.754)
Train Epoch: 10 [7744/9500 (82%)]		Loss: 18.171 (18.025)		Time Dataloader: 0.003 (0.004)		Time Network: 20.625 (18.769)
Train Epoch: 10 [7808/9500 (82%)]		Loss: 18.201 (18.027)		Time Dataloader: 0.002 (0.004)		Time Network: 20.514 (18.783)
Train Epoch: 10 [7872/9500 (83%)]		Loss: 17.759 (18.025)		Time Dataloader: 0.002 (0.004)		Time Network: 20.070 (18.794)
Train Epoch: 10 [7936/9500 (84%)]		Loss: 18.281 (18.027)		Time Dataloader: 0.002 (0.004)		Time Network: 19.874 (18.802)
Train Epoch: 10 [8000/9500 (84%)]		Loss: 17.820 (18.025)		Time Dataloader: 0.002 (0.004)		Time Network: 7.375 (18.712)
Train Epoch: 10 [8064/9500 (85%)]		Loss: 17.978 (18.025)		Time Dataloader: 0.002 (0.004)		Time Network: 23.369 (18.748)
Train Epoch: 10 [8128/9500 (86%)]		Loss: 17.994 (18.025)		Time Dataloader: 0.002 (0.004)		Time Network: 21.983 (18.774)
Train Epoch: 10 [8192/9500 (86%)]		Loss: 18.234 (18.026)		Time Dataloader: 0.002 (0.004)		Time Network: 20.662 (18.788)
Train Epoch: 10 [8256/9500 (87%)]		Loss: 18.147 (18.027)		Time Dataloader: 0.003 (0.004)		Time Network: 20.811 (18.804)
Train Epoch: 10 [8320/9500 (88%)]		Loss: 17.937 (18.026)		Time Dataloader: 0.010 (0.004)		Time Network: 21.181 (18.822)
Train Epoch: 10 [8384/9500 (88%)]		Loss: 17.839 (18.025)		Time Dataloader: 0.003 (0.004)		Time Network: 20.668 (18.836)
Train Epoch: 10 [8448/9500 (89%)]		Loss: 18.176 (18.026)		Time Dataloader: 0.009 (0.004)		Time Network: 20.799 (18.851)
Train Epoch: 10 [8512/9500 (90%)]		Loss: 17.958 (18.026)		Time Dataloader: 0.003 (0.004)		Time Network: 20.135 (18.860)
Train Epoch: 10 [8576/9500 (90%)]		Loss: 18.118 (18.026)		Time Dataloader: 0.009 (0.004)		Time Network: 20.000 (18.869)
Train Epoch: 10 [8640/9500 (91%)]		Loss: 17.697 (18.024)		Time Dataloader: 0.002 (0.004)		Time Network: 20.619 (18.882)
Train Epoch: 10 [8704/9500 (92%)]		Loss: 18.337 (18.026)		Time Dataloader: 0.003 (0.004)		Time Network: 20.153 (18.891)
Train Epoch: 10 [8768/9500 (92%)]		Loss: 18.278 (18.028)		Time Dataloader: 0.002 (0.004)		Time Network: 20.443 (18.902)
Train Epoch: 10 [8832/9500 (93%)]		Loss: 18.271 (18.030)		Time Dataloader: 0.002 (0.004)		Time Network: 19.892 (18.909)
Train Epoch: 10 [8896/9500 (94%)]		Loss: 18.346 (18.032)		Time Dataloader: 0.002 (0.004)		Time Network: 9.597 (18.843)
Train Epoch: 10 [8960/9500 (94%)]		Loss: 17.423 (18.028)		Time Dataloader: 0.002 (0.004)		Time Network: 19.107 (18.845)
Train Epoch: 10 [9024/9500 (95%)]		Loss: 17.738 (18.026)		Time Dataloader: 0.002 (0.004)		Time Network: 20.860 (18.859)
Train Epoch: 10 [9088/9500 (96%)]		Loss: 18.394 (18.028)		Time Dataloader: 0.002 (0.004)		Time Network: 19.726 (18.865)
Train Epoch: 10 [9152/9500 (96%)]		Loss: 17.913 (18.027)		Time Dataloader: 0.002 (0.004)		Time Network: 20.736 (18.878)
Train Epoch: 10 [9216/9500 (97%)]		Loss: 17.894 (18.027)		Time Dataloader: 0.002 (0.004)		Time Network: 20.385 (18.888)
Train Epoch: 10 [9280/9500 (98%)]		Loss: 17.920 (18.026)		Time Dataloader: 0.002 (0.004)		Time Network: 3.086 (18.780)
Train Epoch: 10 [9344/9500 (98%)]		Loss: 17.955 (18.025)		Time Dataloader: 0.008 (0.004)		Time Network: 20.380 (18.791)
Train Epoch: 10 [9408/9500 (99%)]		Loss: 17.738 (18.023)		Time Dataloader: 0.002 (0.004)		Time Network: 20.254 (18.801)
Train Epoch: 10 [9472/9500 (100%)]		Loss: 18.023 (18.023)		Time Dataloader: 0.003 (0.004)		Time Network: 18.461 (18.799)
Done. This took 46:42 min.
Start testing epoch 10
Test Epoch: 10 [0/500 (0%)]		Loss: 18.178 (18.178)		Time Dataloader: 0.152 (0.152)		Time Network: 3.213 (3.213)
Test Epoch: 10 [64/500 (13%)]		Loss: 18.299 (18.238)		Time Dataloader: 0.001 (0.077)		Time Network: 3.160 (3.186)
Test Epoch: 10 [128/500 (26%)]		Loss: 18.445 (18.307)		Time Dataloader: 0.001 (0.052)		Time Network: 3.330 (3.234)
Test Epoch: 10 [192/500 (38%)]		Loss: 18.064 (18.246)		Time Dataloader: 0.002 (0.039)		Time Network: 3.041 (3.186)
Test Epoch: 10 [256/500 (51%)]		Loss: 18.140 (18.225)		Time Dataloader: 0.001 (0.032)		Time Network: 2.970 (3.143)
Test Epoch: 10 [320/500 (64%)]		Loss: 18.428 (18.259)		Time Dataloader: 0.002 (0.027)		Time Network: 3.207 (3.154)
Test Epoch: 10 [384/500 (77%)]		Loss: 18.068 (18.232)		Time Dataloader: 0.003 (0.023)		Time Network: 3.123 (3.149)
Test Epoch: 10 [448/500 (90%)]		Loss: 17.950 (18.202)		Time Dataloader: 0.002 (0.021)		Time Network: 3.168 (3.152)
Done. This took  0:25 min.
Saving model to training/model_latest.pt. Done.
Finished training epoch 10.


Start training epoch 11 with lr [5.000000000000001e-05]
Train Epoch: 11 [0/9500 (0%)]		Loss: 18.074 (18.074)		Time Dataloader: 0.113 (0.113)		Time Network: 7.333 (7.333)
Train Epoch: 11 [64/9500 (1%)]		Loss: 18.048 (18.061)		Time Dataloader: 0.001 (0.057)		Time Network: 21.465 (14.399)
Train Epoch: 11 [128/9500 (1%)]		Loss: 17.882 (18.001)		Time Dataloader: 0.005 (0.040)		Time Network: 20.822 (16.540)
Train Epoch: 11 [192/9500 (2%)]		Loss: 18.383 (18.097)		Time Dataloader: 0.001 (0.030)		Time Network: 19.763 (17.346)
Train Epoch: 11 [256/9500 (3%)]		Loss: 17.893 (18.056)		Time Dataloader: 0.001 (0.024)		Time Network: 20.730 (18.023)
Train Epoch: 11 [320/9500 (3%)]		Loss: 17.757 (18.006)		Time Dataloader: 0.002 (0.021)		Time Network: 21.209 (18.554)
Train Epoch: 11 [384/9500 (4%)]		Loss: 18.235 (18.039)		Time Dataloader: 0.004 (0.018)		Time Network: 5.823 (16.735)
Train Epoch: 11 [448/9500 (5%)]		Loss: 17.509 (17.973)		Time Dataloader: 0.001 (0.016)		Time Network: 20.932 (17.260)
Train Epoch: 11 [512/9500 (5%)]		Loss: 17.885 (17.963)		Time Dataloader: 0.006 (0.015)		Time Network: 23.532 (17.957)
Train Epoch: 11 [576/9500 (6%)]		Loss: 18.382 (18.005)		Time Dataloader: 0.001 (0.014)		Time Network: 20.996 (18.261)
Train Epoch: 11 [640/9500 (7%)]		Loss: 17.900 (17.995)		Time Dataloader: 0.002 (0.013)		Time Network: 21.097 (18.518)
Train Epoch: 11 [704/9500 (7%)]		Loss: 17.895 (17.987)		Time Dataloader: 0.001 (0.012)		Time Network: 20.756 (18.705)
Train Epoch: 11 [768/9500 (8%)]		Loss: 17.645 (17.960)		Time Dataloader: 0.003 (0.011)		Time Network: 6.249 (17.747)
Train Epoch: 11 [832/9500 (9%)]		Loss: 17.929 (17.958)		Time Dataloader: 0.002 (0.010)		Time Network: 20.896 (17.972)
Train Epoch: 11 [896/9500 (9%)]		Loss: 18.132 (17.970)		Time Dataloader: 0.002 (0.010)		Time Network: 21.149 (18.184)
Train Epoch: 11 [960/9500 (10%)]		Loss: 17.868 (17.963)		Time Dataloader: 0.002 (0.009)		Time Network: 1.526 (17.142)
Train Epoch: 11 [1024/9500 (11%)]		Loss: 17.597 (17.942)		Time Dataloader: 0.003 (0.009)		Time Network: 21.044 (17.372)
Train Epoch: 11 [1088/9500 (11%)]		Loss: 17.836 (17.936)		Time Dataloader: 0.003 (0.009)		Time Network: 22.139 (17.637)
Train Epoch: 11 [1152/9500 (12%)]		Loss: 17.929 (17.936)		Time Dataloader: 0.003 (0.008)		Time Network: 21.338 (17.832)
Train Epoch: 11 [1216/9500 (13%)]		Loss: 18.288 (17.953)		Time Dataloader: 0.003 (0.008)		Time Network: 20.878 (17.984)
Train Epoch: 11 [1280/9500 (13%)]		Loss: 18.397 (17.974)		Time Dataloader: 0.002 (0.008)		Time Network: 20.449 (18.101)
Train Epoch: 11 [1344/9500 (14%)]		Loss: 18.024 (17.977)		Time Dataloader: 0.002 (0.007)		Time Network: 20.872 (18.227)
Train Epoch: 11 [1408/9500 (15%)]		Loss: 17.793 (17.969)		Time Dataloader: 0.011 (0.008)		Time Network: 20.389 (18.321)
Train Epoch: 11 [1472/9500 (15%)]		Loss: 18.061 (17.973)		Time Dataloader: 0.010 (0.008)		Time Network: 22.281 (18.486)
Train Epoch: 11 [1536/9500 (16%)]		Loss: 17.940 (17.971)		Time Dataloader: 0.002 (0.008)		Time Network: 23.160 (18.673)
Train Epoch: 11 [1600/9500 (17%)]		Loss: 18.193 (17.980)		Time Dataloader: 0.002 (0.007)		Time Network: 20.348 (18.738)
Train Epoch: 11 [1664/9500 (18%)]		Loss: 17.432 (17.959)		Time Dataloader: 0.003 (0.007)		Time Network: 20.246 (18.793)
Train Epoch: 11 [1728/9500 (18%)]		Loss: 17.883 (17.957)		Time Dataloader: 0.002 (0.007)		Time Network: 19.984 (18.836)
Train Epoch: 11 [1792/9500 (19%)]		Loss: 17.954 (17.957)		Time Dataloader: 0.004 (0.007)		Time Network: 20.747 (18.902)
Train Epoch: 11 [1856/9500 (20%)]		Loss: 17.715 (17.949)		Time Dataloader: 0.002 (0.007)		Time Network: 21.821 (18.999)
Train Epoch: 11 [1920/9500 (20%)]		Loss: 18.373 (17.962)		Time Dataloader: 0.010 (0.007)		Time Network: 21.610 (19.083)
Train Epoch: 11 [1984/9500 (21%)]		Loss: 18.131 (17.968)		Time Dataloader: 0.002 (0.007)		Time Network: 20.486 (19.127)
Train Epoch: 11 [2048/9500 (22%)]		Loss: 17.994 (17.968)		Time Dataloader: 0.002 (0.007)		Time Network: 20.943 (19.182)
Train Epoch: 11 [2112/9500 (22%)]		Loss: 17.655 (17.959)		Time Dataloader: 0.003 (0.006)		Time Network: 20.406 (19.218)
Train Epoch: 11 [2176/9500 (23%)]		Loss: 18.099 (17.963)		Time Dataloader: 0.002 (0.006)		Time Network: 19.744 (19.233)
Train Epoch: 11 [2240/9500 (24%)]		Loss: 17.826 (17.959)		Time Dataloader: 0.014 (0.007)		Time Network: 20.491 (19.268)
Train Epoch: 11 [2304/9500 (24%)]		Loss: 17.551 (17.948)		Time Dataloader: 0.002 (0.006)		Time Network: 20.322 (19.297)
Train Epoch: 11 [2368/9500 (25%)]		Loss: 18.277 (17.957)		Time Dataloader: 0.003 (0.006)		Time Network: 20.164 (19.319)
Train Epoch: 11 [2432/9500 (26%)]		Loss: 17.991 (17.958)		Time Dataloader: 0.002 (0.006)		Time Network: 22.398 (19.398)
Train Epoch: 11 [2496/9500 (26%)]		Loss: 17.974 (17.958)		Time Dataloader: 0.004 (0.006)		Time Network: 14.782 (19.283)
Train Epoch: 11 [2560/9500 (27%)]		Loss: 18.148 (17.963)		Time Dataloader: 0.003 (0.006)		Time Network: 20.509 (19.313)
Train Epoch: 11 [2624/9500 (28%)]		Loss: 18.198 (17.968)		Time Dataloader: 0.002 (0.006)		Time Network: 20.390 (19.339)
Train Epoch: 11 [2688/9500 (28%)]		Loss: 17.879 (17.966)		Time Dataloader: 0.002 (0.006)		Time Network: 20.616 (19.368)
Train Epoch: 11 [2752/9500 (29%)]		Loss: 18.007 (17.967)		Time Dataloader: 0.002 (0.006)		Time Network: 0.918 (18.949)
Train Epoch: 11 [2816/9500 (30%)]		Loss: 18.573 (17.981)		Time Dataloader: 0.002 (0.006)		Time Network: 20.580 (18.985)
Train Epoch: 11 [2880/9500 (30%)]		Loss: 18.430 (17.991)		Time Dataloader: 0.010 (0.006)		Time Network: 20.106 (19.010)
Train Epoch: 11 [2944/9500 (31%)]		Loss: 18.166 (17.994)		Time Dataloader: 0.003 (0.006)		Time Network: 19.231 (19.014)
Train Epoch: 11 [3008/9500 (32%)]		Loss: 17.784 (17.990)		Time Dataloader: 0.008 (0.006)		Time Network: 19.183 (19.018)
Train Epoch: 11 [3072/9500 (32%)]		Loss: 18.174 (17.994)		Time Dataloader: 0.004 (0.006)		Time Network: 19.667 (19.031)
Train Epoch: 11 [3136/9500 (33%)]		Loss: 18.028 (17.994)		Time Dataloader: 0.002 (0.006)		Time Network: 19.819 (19.047)
Train Epoch: 11 [3200/9500 (34%)]		Loss: 18.586 (18.006)		Time Dataloader: 0.010 (0.006)		Time Network: 19.689 (19.059)
Train Epoch: 11 [3264/9500 (34%)]		Loss: 17.914 (18.004)		Time Dataloader: 0.002 (0.006)		Time Network: 20.378 (19.085)
Train Epoch: 11 [3328/9500 (35%)]		Loss: 18.063 (18.005)		Time Dataloader: 0.002 (0.006)		Time Network: 19.271 (19.088)
Train Epoch: 11 [3392/9500 (36%)]		Loss: 17.998 (18.005)		Time Dataloader: 0.002 (0.006)		Time Network: 19.209 (19.090)
Train Epoch: 11 [3456/9500 (36%)]		Loss: 17.701 (18.000)		Time Dataloader: 0.003 (0.006)		Time Network: 3.206 (18.802)
Train Epoch: 11 [3520/9500 (37%)]		Loss: 18.287 (18.005)		Time Dataloader: 0.002 (0.005)		Time Network: 20.021 (18.823)
Train Epoch: 11 [3584/9500 (38%)]		Loss: 17.690 (17.999)		Time Dataloader: 0.005 (0.005)		Time Network: 19.663 (18.838)
Train Epoch: 11 [3648/9500 (38%)]		Loss: 17.992 (17.999)		Time Dataloader: 0.002 (0.005)		Time Network: 19.640 (18.852)
Train Epoch: 11 [3712/9500 (39%)]		Loss: 18.199 (18.002)		Time Dataloader: 0.002 (0.005)		Time Network: 20.501 (18.880)
Train Epoch: 11 [3776/9500 (40%)]		Loss: 18.065 (18.003)		Time Dataloader: 0.009 (0.005)		Time Network: 20.471 (18.906)
Train Epoch: 11 [3840/9500 (40%)]		Loss: 17.867 (18.001)		Time Dataloader: 0.002 (0.005)		Time Network: 19.109 (18.910)
Train Epoch: 11 [3904/9500 (41%)]		Loss: 18.069 (18.002)		Time Dataloader: 0.003 (0.005)		Time Network: 17.497 (18.887)
Train Epoch: 11 [3968/9500 (42%)]		Loss: 17.889 (18.001)		Time Dataloader: 0.003 (0.005)		Time Network: 19.402 (18.895)
Train Epoch: 11 [4032/9500 (42%)]		Loss: 17.864 (17.998)		Time Dataloader: 0.002 (0.005)		Time Network: 2.285 (18.636)
Train Epoch: 11 [4096/9500 (43%)]		Loss: 18.461 (18.006)		Time Dataloader: 0.002 (0.005)		Time Network: 19.481 (18.649)
Train Epoch: 11 [4160/9500 (44%)]		Loss: 17.875 (18.004)		Time Dataloader: 0.002 (0.005)		Time Network: 19.916 (18.668)
Train Epoch: 11 [4224/9500 (44%)]		Loss: 18.039 (18.004)		Time Dataloader: 0.002 (0.005)		Time Network: 1.966 (18.419)
Train Epoch: 11 [4288/9500 (45%)]		Loss: 18.026 (18.004)		Time Dataloader: 0.002 (0.005)		Time Network: 19.499 (18.434)
Train Epoch: 11 [4352/9500 (46%)]		Loss: 18.424 (18.010)		Time Dataloader: 0.002 (0.005)		Time Network: 20.053 (18.458)
Train Epoch: 11 [4416/9500 (46%)]		Loss: 18.166 (18.013)		Time Dataloader: 0.003 (0.005)		Time Network: 19.939 (18.479)
Train Epoch: 11 [4480/9500 (47%)]		Loss: 18.208 (18.015)		Time Dataloader: 0.003 (0.005)		Time Network: 20.114 (18.502)
Train Epoch: 11 [4544/9500 (48%)]		Loss: 18.131 (18.017)		Time Dataloader: 0.002 (0.005)		Time Network: 2.578 (18.281)
Train Epoch: 11 [4608/9500 (49%)]		Loss: 18.050 (18.018)		Time Dataloader: 0.003 (0.005)		Time Network: 21.351 (18.323)
Train Epoch: 11 [4672/9500 (49%)]		Loss: 17.409 (18.009)		Time Dataloader: 0.003 (0.005)		Time Network: 23.149 (18.388)
Train Epoch: 11 [4736/9500 (50%)]		Loss: 17.551 (18.003)		Time Dataloader: 0.003 (0.005)		Time Network: 20.509 (18.416)
Train Epoch: 11 [4800/9500 (51%)]		Loss: 17.976 (18.003)		Time Dataloader: 0.002 (0.005)		Time Network: 19.747 (18.434)
Train Epoch: 11 [4864/9500 (51%)]		Loss: 17.966 (18.002)		Time Dataloader: 0.002 (0.005)		Time Network: 20.318 (18.458)
Train Epoch: 11 [4928/9500 (52%)]		Loss: 18.250 (18.006)		Time Dataloader: 0.009 (0.005)		Time Network: 19.870 (18.477)
Train Epoch: 11 [4992/9500 (53%)]		Loss: 17.820 (18.003)		Time Dataloader: 0.010 (0.005)		Time Network: 20.317 (18.500)
Train Epoch: 11 [5056/9500 (53%)]		Loss: 18.229 (18.006)		Time Dataloader: 0.009 (0.005)		Time Network: 20.266 (18.522)
Train Epoch: 11 [5120/9500 (54%)]		Loss: 17.595 (18.001)		Time Dataloader: 0.002 (0.005)		Time Network: 19.836 (18.538)
Train Epoch: 11 [5184/9500 (55%)]		Loss: 18.048 (18.001)		Time Dataloader: 0.002 (0.005)		Time Network: 3.999 (18.361)
Train Epoch: 11 [5248/9500 (55%)]		Loss: 18.110 (18.003)		Time Dataloader: 0.002 (0.005)		Time Network: 20.158 (18.382)
Train Epoch: 11 [5312/9500 (56%)]		Loss: 17.801 (18.000)		Time Dataloader: 0.002 (0.005)		Time Network: 20.002 (18.402)
Train Epoch: 11 [5376/9500 (57%)]		Loss: 17.783 (17.998)		Time Dataloader: 0.003 (0.005)		Time Network: 5.279 (18.247)
Train Epoch: 11 [5440/9500 (57%)]		Loss: 17.796 (17.995)		Time Dataloader: 0.002 (0.005)		Time Network: 15.386 (18.214)
Train Epoch: 11 [5504/9500 (58%)]		Loss: 17.748 (17.993)		Time Dataloader: 0.002 (0.005)		Time Network: 4.821 (18.060)
Train Epoch: 11 [5568/9500 (59%)]		Loss: 18.215 (17.995)		Time Dataloader: 0.003 (0.005)		Time Network: 20.348 (18.086)
Train Epoch: 11 [5632/9500 (59%)]		Loss: 17.972 (17.995)		Time Dataloader: 0.009 (0.005)		Time Network: 21.359 (18.123)
Train Epoch: 11 [5696/9500 (60%)]		Loss: 17.390 (17.988)		Time Dataloader: 0.003 (0.005)		Time Network: 20.731 (18.152)
Train Epoch: 11 [5760/9500 (61%)]		Loss: 18.128 (17.990)		Time Dataloader: 0.003 (0.005)		Time Network: 22.729 (18.202)
Train Epoch: 11 [5824/9500 (61%)]		Loss: 17.745 (17.987)		Time Dataloader: 0.003 (0.005)		Time Network: 22.434 (18.248)
Train Epoch: 11 [5888/9500 (62%)]		Loss: 18.004 (17.987)		Time Dataloader: 0.002 (0.005)		Time Network: 22.624 (18.295)
Train Epoch: 11 [5952/9500 (63%)]		Loss: 17.931 (17.987)		Time Dataloader: 0.003 (0.005)		Time Network: 21.496 (18.329)
Train Epoch: 11 [6016/9500 (63%)]		Loss: 17.738 (17.984)		Time Dataloader: 0.003 (0.005)		Time Network: 21.377 (18.361)
Train Epoch: 11 [6080/9500 (64%)]		Loss: 17.989 (17.984)		Time Dataloader: 0.002 (0.005)		Time Network: 21.214 (18.391)
Train Epoch: 11 [6144/9500 (65%)]		Loss: 18.050 (17.985)		Time Dataloader: 0.002 (0.005)		Time Network: 21.514 (18.423)
Train Epoch: 11 [6208/9500 (65%)]		Loss: 17.866 (17.984)		Time Dataloader: 0.003 (0.005)		Time Network: 12.409 (18.362)
Train Epoch: 11 [6272/9500 (66%)]		Loss: 18.068 (17.984)		Time Dataloader: 0.003 (0.005)		Time Network: 21.016 (18.389)
Train Epoch: 11 [6336/9500 (67%)]		Loss: 17.998 (17.985)		Time Dataloader: 0.003 (0.004)		Time Network: 20.819 (18.413)
Train Epoch: 11 [6400/9500 (67%)]		Loss: 18.072 (17.985)		Time Dataloader: 0.002 (0.004)		Time Network: 20.371 (18.432)
Train Epoch: 11 [6464/9500 (68%)]		Loss: 18.033 (17.986)		Time Dataloader: 0.009 (0.005)		Time Network: 20.779 (18.455)
Train Epoch: 11 [6528/9500 (69%)]		Loss: 18.157 (17.988)		Time Dataloader: 0.003 (0.004)		Time Network: 20.713 (18.477)
Train Epoch: 11 [6592/9500 (69%)]		Loss: 17.914 (17.987)		Time Dataloader: 0.002 (0.004)		Time Network: 19.918 (18.491)
Train Epoch: 11 [6656/9500 (70%)]		Loss: 18.278 (17.990)		Time Dataloader: 0.009 (0.005)		Time Network: 9.024 (18.401)
Train Epoch: 11 [6720/9500 (71%)]		Loss: 17.710 (17.987)		Time Dataloader: 0.010 (0.005)		Time Network: 16.671 (18.385)
Train Epoch: 11 [6784/9500 (71%)]		Loss: 17.806 (17.985)		Time Dataloader: 0.003 (0.005)		Time Network: 20.554 (18.405)
Train Epoch: 11 [6848/9500 (72%)]		Loss: 18.020 (17.986)		Time Dataloader: 0.004 (0.005)		Time Network: 20.758 (18.427)
Train Epoch: 11 [6912/9500 (73%)]		Loss: 17.827 (17.984)		Time Dataloader: 0.003 (0.005)		Time Network: 9.465 (18.345)
Train Epoch: 11 [6976/9500 (73%)]		Loss: 17.650 (17.981)		Time Dataloader: 0.002 (0.005)		Time Network: 19.686 (18.357)
Train Epoch: 11 [7040/9500 (74%)]		Loss: 17.737 (17.979)		Time Dataloader: 0.002 (0.004)		Time Network: 19.934 (18.371)
Train Epoch: 11 [7104/9500 (75%)]		Loss: 18.651 (17.985)		Time Dataloader: 0.003 (0.004)		Time Network: 17.278 (18.361)
Train Epoch: 11 [7168/9500 (75%)]		Loss: 17.775 (17.983)		Time Dataloader: 0.002 (0.004)		Time Network: 20.593 (18.381)
Train Epoch: 11 [7232/9500 (76%)]		Loss: 17.957 (17.983)		Time Dataloader: 0.002 (0.004)		Time Network: 20.173 (18.397)
Train Epoch: 11 [7296/9500 (77%)]		Loss: 18.115 (17.984)		Time Dataloader: 0.002 (0.004)		Time Network: 20.263 (18.413)
Train Epoch: 11 [7360/9500 (77%)]		Loss: 18.027 (17.984)		Time Dataloader: 0.002 (0.004)		Time Network: 11.111 (18.350)
Train Epoch: 11 [7424/9500 (78%)]		Loss: 17.799 (17.983)		Time Dataloader: 0.002 (0.004)		Time Network: 19.932 (18.363)
Train Epoch: 11 [7488/9500 (79%)]		Loss: 17.816 (17.981)		Time Dataloader: 0.002 (0.004)		Time Network: 19.602 (18.374)
Train Epoch: 11 [7552/9500 (79%)]		Loss: 18.263 (17.984)		Time Dataloader: 0.002 (0.004)		Time Network: 20.491 (18.392)
Train Epoch: 11 [7616/9500 (80%)]		Loss: 18.163 (17.985)		Time Dataloader: 0.006 (0.004)		Time Network: 14.024 (18.355)
Train Epoch: 11 [7680/9500 (81%)]		Loss: 17.986 (17.985)		Time Dataloader: 0.002 (0.004)		Time Network: 19.930 (18.368)
Train Epoch: 11 [7744/9500 (82%)]		Loss: 17.842 (17.984)		Time Dataloader: 0.003 (0.004)		Time Network: 21.547 (18.394)
Train Epoch: 11 [7808/9500 (82%)]		Loss: 18.148 (17.985)		Time Dataloader: 0.002 (0.004)		Time Network: 21.965 (18.423)
Train Epoch: 11 [7872/9500 (83%)]		Loss: 18.152 (17.987)		Time Dataloader: 0.013 (0.004)		Time Network: 19.136 (18.429)
Train Epoch: 11 [7936/9500 (84%)]		Loss: 18.288 (17.989)		Time Dataloader: 0.010 (0.004)		Time Network: 20.911 (18.449)
Train Epoch: 11 [8000/9500 (84%)]		Loss: 18.442 (17.993)		Time Dataloader: 0.002 (0.004)		Time Network: 21.752 (18.475)
Train Epoch: 11 [8064/9500 (85%)]		Loss: 18.187 (17.994)		Time Dataloader: 0.002 (0.004)		Time Network: 21.545 (18.499)
Train Epoch: 11 [8128/9500 (86%)]		Loss: 18.083 (17.995)		Time Dataloader: 0.011 (0.004)		Time Network: 21.998 (18.527)
Train Epoch: 11 [8192/9500 (86%)]		Loss: 18.211 (17.997)		Time Dataloader: 0.002 (0.004)		Time Network: 21.125 (18.547)
Train Epoch: 11 [8256/9500 (87%)]		Loss: 17.857 (17.996)		Time Dataloader: 0.003 (0.004)		Time Network: 20.789 (18.564)
Train Epoch: 11 [8320/9500 (88%)]		Loss: 18.018 (17.996)		Time Dataloader: 0.007 (0.004)		Time Network: 3.602 (18.450)
Train Epoch: 11 [8384/9500 (88%)]		Loss: 18.349 (17.998)		Time Dataloader: 0.003 (0.004)		Time Network: 20.077 (18.462)
Train Epoch: 11 [8448/9500 (89%)]		Loss: 17.761 (17.997)		Time Dataloader: 0.002 (0.004)		Time Network: 20.630 (18.479)
Train Epoch: 11 [8512/9500 (90%)]		Loss: 18.212 (17.998)		Time Dataloader: 0.002 (0.004)		Time Network: 2.186 (18.357)
Train Epoch: 11 [8576/9500 (90%)]		Loss: 17.962 (17.998)		Time Dataloader: 0.003 (0.004)		Time Network: 21.410 (18.380)
Train Epoch: 11 [8640/9500 (91%)]		Loss: 17.880 (17.997)		Time Dataloader: 0.002 (0.004)		Time Network: 20.654 (18.396)
Train Epoch: 11 [8704/9500 (92%)]		Loss: 17.626 (17.994)		Time Dataloader: 0.002 (0.004)		Time Network: 20.762 (18.414)
Train Epoch: 11 [8768/9500 (92%)]		Loss: 17.695 (17.992)		Time Dataloader: 0.003 (0.004)		Time Network: 21.256 (18.434)
Train Epoch: 11 [8832/9500 (93%)]		Loss: 17.877 (17.991)		Time Dataloader: 0.004 (0.004)		Time Network: 20.728 (18.451)
Train Epoch: 11 [8896/9500 (94%)]		Loss: 17.925 (17.991)		Time Dataloader: 0.006 (0.004)		Time Network: 20.508 (18.465)
Train Epoch: 11 [8960/9500 (94%)]		Loss: 17.703 (17.989)		Time Dataloader: 0.003 (0.004)		Time Network: 0.554 (18.338)
Train Epoch: 11 [9024/9500 (95%)]		Loss: 17.862 (17.988)		Time Dataloader: 0.002 (0.004)		Time Network: 20.401 (18.353)
Train Epoch: 11 [9088/9500 (96%)]		Loss: 18.595 (17.992)		Time Dataloader: 0.003 (0.004)		Time Network: 1.476 (18.235)
Train Epoch: 11 [9152/9500 (96%)]		Loss: 18.085 (17.993)		Time Dataloader: 0.002 (0.004)		Time Network: 0.239 (18.110)
Train Epoch: 11 [9216/9500 (97%)]		Loss: 17.762 (17.991)		Time Dataloader: 0.002 (0.004)		Time Network: 21.268 (18.132)
Train Epoch: 11 [9280/9500 (98%)]		Loss: 18.737 (17.996)		Time Dataloader: 0.004 (0.004)		Time Network: 20.833 (18.150)
Train Epoch: 11 [9344/9500 (98%)]		Loss: 17.801 (17.995)		Time Dataloader: 0.003 (0.004)		Time Network: 20.530 (18.166)
Train Epoch: 11 [9408/9500 (99%)]		Loss: 18.072 (17.996)		Time Dataloader: 0.002 (0.004)		Time Network: 21.278 (18.187)
Train Epoch: 11 [9472/9500 (100%)]		Loss: 17.694 (17.995)		Time Dataloader: 0.003 (0.004)		Time Network: 18.365 (18.189)
Done. This took 45:11 min.
Start testing epoch 11
Test Epoch: 11 [0/500 (0%)]		Loss: 18.180 (18.180)		Time Dataloader: 0.154 (0.154)		Time Network: 3.181 (3.181)
Test Epoch: 11 [64/500 (13%)]		Loss: 18.143 (18.161)		Time Dataloader: 0.003 (0.078)		Time Network: 3.366 (3.273)
Test Epoch: 11 [128/500 (26%)]		Loss: 18.527 (18.283)		Time Dataloader: 0.007 (0.054)		Time Network: 3.070 (3.205)
Test Epoch: 11 [192/500 (38%)]		Loss: 18.086 (18.234)		Time Dataloader: 0.001 (0.041)		Time Network: 2.977 (3.148)
Test Epoch: 11 [256/500 (51%)]		Loss: 18.307 (18.249)		Time Dataloader: 0.001 (0.033)		Time Network: 3.329 (3.184)
Test Epoch: 11 [320/500 (64%)]		Loss: 18.028 (18.212)		Time Dataloader: 0.001 (0.028)		Time Network: 3.148 (3.178)
Test Epoch: 11 [384/500 (77%)]		Loss: 18.144 (18.202)		Time Dataloader: 0.010 (0.025)		Time Network: 3.119 (3.170)
Test Epoch: 11 [448/500 (90%)]		Loss: 17.687 (18.149)		Time Dataloader: 0.003 (0.023)		Time Network: 2.905 (3.137)
Done. This took  0:25 min.
Saving model to training/model_latest.pt. Done.
Finished training epoch 11.


Start training epoch 12 with lr [4.217827674798848e-05]
Train Epoch: 12 [0/9500 (0%)]		Loss: 18.356 (18.356)		Time Dataloader: 0.055 (0.055)		Time Network: 20.620 (20.620)
Train Epoch: 12 [64/9500 (1%)]		Loss: 17.988 (18.172)		Time Dataloader: 0.006 (0.031)		Time Network: 20.569 (20.595)
Train Epoch: 12 [128/9500 (1%)]		Loss: 18.152 (18.165)		Time Dataloader: 0.002 (0.021)		Time Network: 20.716 (20.635)
Train Epoch: 12 [192/9500 (2%)]		Loss: 18.350 (18.211)		Time Dataloader: 0.002 (0.016)		Time Network: 20.609 (20.628)
Train Epoch: 12 [256/9500 (3%)]		Loss: 18.131 (18.195)		Time Dataloader: 0.001 (0.013)		Time Network: 21.292 (20.761)
Train Epoch: 12 [320/9500 (3%)]		Loss: 17.863 (18.140)		Time Dataloader: 0.001 (0.011)		Time Network: 20.110 (20.652)
Train Epoch: 12 [384/9500 (4%)]		Loss: 18.049 (18.127)		Time Dataloader: 0.001 (0.010)		Time Network: 20.285 (20.600)
Train Epoch: 12 [448/9500 (5%)]		Loss: 18.122 (18.126)		Time Dataloader: 0.004 (0.009)		Time Network: 21.106 (20.663)
Train Epoch: 12 [512/9500 (5%)]		Loss: 18.018 (18.114)		Time Dataloader: 0.001 (0.008)		Time Network: 21.049 (20.706)
Train Epoch: 12 [576/9500 (6%)]		Loss: 18.034 (18.106)		Time Dataloader: 0.001 (0.008)		Time Network: 20.103 (20.646)
Train Epoch: 12 [640/9500 (7%)]		Loss: 18.266 (18.121)		Time Dataloader: 0.001 (0.007)		Time Network: 20.093 (20.595)
Train Epoch: 12 [704/9500 (7%)]		Loss: 18.031 (18.113)		Time Dataloader: 0.001 (0.006)		Time Network: 20.397 (20.579)
Train Epoch: 12 [768/9500 (8%)]		Loss: 18.048 (18.108)		Time Dataloader: 0.001 (0.006)		Time Network: 20.381 (20.564)
Train Epoch: 12 [832/9500 (9%)]		Loss: 18.483 (18.135)		Time Dataloader: 0.002 (0.006)		Time Network: 20.395 (20.552)
Train Epoch: 12 [896/9500 (9%)]		Loss: 17.953 (18.123)		Time Dataloader: 0.003 (0.006)		Time Network: 20.471 (20.546)
Train Epoch: 12 [960/9500 (10%)]		Loss: 18.335 (18.136)		Time Dataloader: 0.002 (0.005)		Time Network: 20.448 (20.540)
Train Epoch: 12 [1024/9500 (11%)]		Loss: 18.019 (18.129)		Time Dataloader: 0.003 (0.005)		Time Network: 20.346 (20.529)
Train Epoch: 12 [1088/9500 (11%)]		Loss: 18.125 (18.129)		Time Dataloader: 0.003 (0.005)		Time Network: 20.304 (20.516)
Train Epoch: 12 [1152/9500 (12%)]		Loss: 17.919 (18.118)		Time Dataloader: 0.005 (0.005)		Time Network: 19.707 (20.474)
Train Epoch: 12 [1216/9500 (13%)]		Loss: 17.577 (18.091)		Time Dataloader: 0.003 (0.005)		Time Network: 21.797 (20.540)
Train Epoch: 12 [1280/9500 (13%)]		Loss: 17.952 (18.084)		Time Dataloader: 0.002 (0.005)		Time Network: 21.762 (20.598)
Train Epoch: 12 [1344/9500 (14%)]		Loss: 18.248 (18.092)		Time Dataloader: 0.003 (0.005)		Time Network: 19.917 (20.567)
Train Epoch: 12 [1408/9500 (15%)]		Loss: 18.213 (18.097)		Time Dataloader: 0.002 (0.005)		Time Network: 19.933 (20.539)
Train Epoch: 12 [1472/9500 (15%)]		Loss: 17.747 (18.082)		Time Dataloader: 0.002 (0.005)		Time Network: 19.781 (20.508)
Train Epoch: 12 [1536/9500 (16%)]		Loss: 17.888 (18.075)		Time Dataloader: 0.003 (0.004)		Time Network: 20.166 (20.494)
Train Epoch: 12 [1600/9500 (17%)]		Loss: 18.140 (18.077)		Time Dataloader: 0.002 (0.004)		Time Network: 20.199 (20.483)
Train Epoch: 12 [1664/9500 (18%)]		Loss: 17.983 (18.074)		Time Dataloader: 0.009 (0.005)		Time Network: 20.086 (20.468)
Train Epoch: 12 [1728/9500 (18%)]		Loss: 18.265 (18.081)		Time Dataloader: 0.003 (0.004)		Time Network: 20.334 (20.463)
Train Epoch: 12 [1792/9500 (19%)]		Loss: 17.831 (18.072)		Time Dataloader: 0.002 (0.004)		Time Network: 19.906 (20.444)
Train Epoch: 12 [1856/9500 (20%)]		Loss: 17.966 (18.068)		Time Dataloader: 0.003 (0.004)		Time Network: 19.334 (20.407)
Train Epoch: 12 [1920/9500 (20%)]		Loss: 17.874 (18.062)		Time Dataloader: 0.003 (0.004)		Time Network: 19.775 (20.387)
Train Epoch: 12 [1984/9500 (21%)]		Loss: 17.827 (18.055)		Time Dataloader: 0.003 (0.004)		Time Network: 19.773 (20.368)
Train Epoch: 12 [2048/9500 (22%)]		Loss: 17.948 (18.052)		Time Dataloader: 0.003 (0.004)		Time Network: 19.742 (20.349)
Train Epoch: 12 [2112/9500 (22%)]		Loss: 17.858 (18.046)		Time Dataloader: 0.003 (0.004)		Time Network: 20.164 (20.343)
Train Epoch: 12 [2176/9500 (23%)]		Loss: 17.921 (18.042)		Time Dataloader: 0.002 (0.004)		Time Network: 21.344 (20.372)
Train Epoch: 12 [2240/9500 (24%)]		Loss: 17.931 (18.039)		Time Dataloader: 0.003 (0.004)		Time Network: 20.287 (20.369)
Train Epoch: 12 [2304/9500 (24%)]		Loss: 18.153 (18.042)		Time Dataloader: 0.002 (0.004)		Time Network: 19.400 (20.343)
Train Epoch: 12 [2368/9500 (25%)]		Loss: 18.177 (18.046)		Time Dataloader: 0.002 (0.004)		Time Network: 18.947 (20.306)
Train Epoch: 12 [2432/9500 (26%)]		Loss: 17.265 (18.026)		Time Dataloader: 0.002 (0.004)		Time Network: 20.146 (20.302)
Train Epoch: 12 [2496/9500 (26%)]		Loss: 17.650 (18.016)		Time Dataloader: 0.003 (0.004)		Time Network: 14.083 (20.147)
Train Epoch: 12 [2560/9500 (27%)]		Loss: 17.997 (18.016)		Time Dataloader: 0.002 (0.004)		Time Network: 20.203 (20.148)
Train Epoch: 12 [2624/9500 (28%)]		Loss: 17.838 (18.012)		Time Dataloader: 0.002 (0.004)		Time Network: 19.780 (20.139)
Train Epoch: 12 [2688/9500 (28%)]		Loss: 17.662 (18.004)		Time Dataloader: 0.005 (0.004)		Time Network: 20.443 (20.147)
Train Epoch: 12 [2752/9500 (29%)]		Loss: 18.050 (18.005)		Time Dataloader: 0.002 (0.004)		Time Network: 21.837 (20.185)
Train Epoch: 12 [2816/9500 (30%)]		Loss: 17.808 (18.000)		Time Dataloader: 0.007 (0.004)		Time Network: 21.586 (20.216)
Train Epoch: 12 [2880/9500 (30%)]		Loss: 17.861 (17.997)		Time Dataloader: 0.002 (0.004)		Time Network: 19.785 (20.207)
Train Epoch: 12 [2944/9500 (31%)]		Loss: 17.933 (17.996)		Time Dataloader: 0.002 (0.004)		Time Network: 4.497 (19.872)
Train Epoch: 12 [3008/9500 (32%)]		Loss: 18.279 (18.002)		Time Dataloader: 0.002 (0.004)		Time Network: 19.955 (19.874)
Train Epoch: 12 [3072/9500 (32%)]		Loss: 18.164 (18.005)		Time Dataloader: 0.003 (0.004)		Time Network: 19.335 (19.863)
Train Epoch: 12 [3136/9500 (33%)]		Loss: 17.858 (18.002)		Time Dataloader: 0.002 (0.004)		Time Network: 20.226 (19.870)
Train Epoch: 12 [3200/9500 (34%)]		Loss: 18.105 (18.004)		Time Dataloader: 0.003 (0.004)		Time Network: 23.022 (19.932)
Train Epoch: 12 [3264/9500 (34%)]		Loss: 18.357 (18.011)		Time Dataloader: 0.002 (0.004)		Time Network: 23.150 (19.994)
Train Epoch: 12 [3328/9500 (35%)]		Loss: 18.324 (18.017)		Time Dataloader: 0.003 (0.004)		Time Network: 20.279 (20.000)
Train Epoch: 12 [3392/9500 (36%)]		Loss: 18.202 (18.020)		Time Dataloader: 0.002 (0.004)		Time Network: 20.240 (20.004)
Train Epoch: 12 [3456/9500 (36%)]		Loss: 17.820 (18.017)		Time Dataloader: 0.002 (0.004)		Time Network: 19.921 (20.002)
Train Epoch: 12 [3520/9500 (37%)]		Loss: 18.034 (18.017)		Time Dataloader: 0.003 (0.004)		Time Network: 21.159 (20.023)
Train Epoch: 12 [3584/9500 (38%)]		Loss: 18.072 (18.018)		Time Dataloader: 0.003 (0.004)		Time Network: 20.014 (20.023)
Train Epoch: 12 [3648/9500 (38%)]		Loss: 17.994 (18.017)		Time Dataloader: 0.002 (0.004)		Time Network: 19.615 (20.016)
Train Epoch: 12 [3712/9500 (39%)]		Loss: 17.817 (18.014)		Time Dataloader: 0.002 (0.004)		Time Network: 20.108 (20.017)
Train Epoch: 12 [3776/9500 (40%)]		Loss: 18.427 (18.021)		Time Dataloader: 0.004 (0.004)		Time Network: 20.655 (20.028)
Train Epoch: 12 [3840/9500 (40%)]		Loss: 17.981 (18.020)		Time Dataloader: 0.003 (0.004)		Time Network: 21.298 (20.049)
Train Epoch: 12 [3904/9500 (41%)]		Loss: 17.636 (18.014)		Time Dataloader: 0.003 (0.004)		Time Network: 21.846 (20.078)
Train Epoch: 12 [3968/9500 (42%)]		Loss: 17.995 (18.014)		Time Dataloader: 0.003 (0.003)		Time Network: 21.175 (20.095)
Train Epoch: 12 [4032/9500 (42%)]		Loss: 18.377 (18.019)		Time Dataloader: 0.002 (0.003)		Time Network: 21.925 (20.124)
Train Epoch: 12 [4096/9500 (43%)]		Loss: 18.149 (18.021)		Time Dataloader: 0.003 (0.003)		Time Network: 23.883 (20.182)
Train Epoch: 12 [4160/9500 (44%)]		Loss: 18.085 (18.022)		Time Dataloader: 0.003 (0.003)		Time Network: 23.872 (20.238)
Train Epoch: 12 [4224/9500 (44%)]		Loss: 18.175 (18.025)		Time Dataloader: 0.002 (0.003)		Time Network: 21.426 (20.255)
Train Epoch: 12 [4288/9500 (45%)]		Loss: 18.077 (18.026)		Time Dataloader: 0.009 (0.004)		Time Network: 2.787 (19.999)
Train Epoch: 12 [4352/9500 (46%)]		Loss: 18.155 (18.027)		Time Dataloader: 0.002 (0.003)		Time Network: 21.551 (20.021)
Train Epoch: 12 [4416/9500 (46%)]		Loss: 18.331 (18.032)		Time Dataloader: 0.009 (0.004)		Time Network: 22.535 (20.057)
Train Epoch: 12 [4480/9500 (47%)]		Loss: 18.154 (18.033)		Time Dataloader: 0.003 (0.004)		Time Network: 19.364 (20.047)
Train Epoch: 12 [4544/9500 (48%)]		Loss: 17.785 (18.030)		Time Dataloader: 0.002 (0.004)		Time Network: 20.965 (20.060)
Train Epoch: 12 [4608/9500 (49%)]		Loss: 17.856 (18.028)		Time Dataloader: 0.004 (0.004)		Time Network: 20.999 (20.073)
Train Epoch: 12 [4672/9500 (49%)]		Loss: 17.739 (18.024)		Time Dataloader: 0.003 (0.004)		Time Network: 20.315 (20.076)
Train Epoch: 12 [4736/9500 (50%)]		Loss: 17.743 (18.020)		Time Dataloader: 0.003 (0.004)		Time Network: 1.669 (19.831)
Train Epoch: 12 [4800/9500 (51%)]		Loss: 17.951 (18.019)		Time Dataloader: 0.002 (0.004)		Time Network: 20.941 (19.845)
Train Epoch: 12 [4864/9500 (51%)]		Loss: 18.649 (18.027)		Time Dataloader: 0.003 (0.003)		Time Network: 20.758 (19.857)
Train Epoch: 12 [4928/9500 (52%)]		Loss: 17.724 (18.023)		Time Dataloader: 0.002 (0.003)		Time Network: 20.933 (19.871)
Train Epoch: 12 [4992/9500 (53%)]		Loss: 18.254 (18.026)		Time Dataloader: 0.003 (0.003)		Time Network: 2.644 (19.653)
Train Epoch: 12 [5056/9500 (53%)]		Loss: 17.668 (18.022)		Time Dataloader: 0.003 (0.003)		Time Network: 0.100 (19.408)
Train Epoch: 12 [5120/9500 (54%)]		Loss: 17.730 (18.018)		Time Dataloader: 0.003 (0.003)		Time Network: 21.024 (19.428)
Train Epoch: 12 [5184/9500 (55%)]		Loss: 18.353 (18.022)		Time Dataloader: 0.003 (0.003)		Time Network: 21.331 (19.452)
Train Epoch: 12 [5248/9500 (55%)]		Loss: 18.465 (18.028)		Time Dataloader: 0.011 (0.004)		Time Network: 20.986 (19.470)
Train Epoch: 12 [5312/9500 (56%)]		Loss: 18.201 (18.030)		Time Dataloader: 0.003 (0.004)		Time Network: 21.615 (19.496)
Train Epoch: 12 [5376/9500 (57%)]		Loss: 17.933 (18.029)		Time Dataloader: 0.003 (0.004)		Time Network: 21.922 (19.524)
Train Epoch: 12 [5440/9500 (57%)]		Loss: 17.874 (18.027)		Time Dataloader: 0.002 (0.004)		Time Network: 18.947 (19.517)
Train Epoch: 12 [5504/9500 (58%)]		Loss: 18.075 (18.027)		Time Dataloader: 0.002 (0.003)		Time Network: 20.440 (19.528)
Train Epoch: 12 [5568/9500 (59%)]		Loss: 17.941 (18.026)		Time Dataloader: 0.004 (0.003)		Time Network: 20.883 (19.543)
Train Epoch: 12 [5632/9500 (59%)]		Loss: 17.969 (18.026)		Time Dataloader: 0.002 (0.003)		Time Network: 20.829 (19.558)
Train Epoch: 12 [5696/9500 (60%)]		Loss: 17.900 (18.024)		Time Dataloader: 0.002 (0.003)		Time Network: 20.986 (19.574)
Train Epoch: 12 [5760/9500 (61%)]		Loss: 17.321 (18.017)		Time Dataloader: 0.003 (0.003)		Time Network: 20.922 (19.589)
Train Epoch: 12 [5824/9500 (61%)]		Loss: 18.235 (18.019)		Time Dataloader: 0.002 (0.003)		Time Network: 19.882 (19.592)
Train Epoch: 12 [5888/9500 (62%)]		Loss: 18.165 (18.020)		Time Dataloader: 0.002 (0.003)		Time Network: 21.303 (19.610)
Train Epoch: 12 [5952/9500 (63%)]		Loss: 17.725 (18.017)		Time Dataloader: 0.003 (0.003)		Time Network: 21.099 (19.626)
Train Epoch: 12 [6016/9500 (63%)]		Loss: 18.073 (18.018)		Time Dataloader: 0.002 (0.003)		Time Network: 21.938 (19.650)
Train Epoch: 12 [6080/9500 (64%)]		Loss: 17.725 (18.015)		Time Dataloader: 0.006 (0.003)		Time Network: 21.078 (19.665)
Train Epoch: 12 [6144/9500 (65%)]		Loss: 18.220 (18.017)		Time Dataloader: 0.002 (0.003)		Time Network: 22.588 (19.695)
Train Epoch: 12 [6208/9500 (65%)]		Loss: 18.045 (18.017)		Time Dataloader: 0.002 (0.003)		Time Network: 22.215 (19.721)
Train Epoch: 12 [6272/9500 (66%)]		Loss: 17.930 (18.016)		Time Dataloader: 0.002 (0.003)		Time Network: 21.284 (19.737)
Train Epoch: 12 [6336/9500 (67%)]		Loss: 17.784 (18.014)		Time Dataloader: 0.003 (0.003)		Time Network: 22.179 (19.761)
Train Epoch: 12 [6400/9500 (67%)]		Loss: 18.220 (18.016)		Time Dataloader: 0.003 (0.003)		Time Network: 21.654 (19.780)
Train Epoch: 12 [6464/9500 (68%)]		Loss: 18.060 (18.017)		Time Dataloader: 0.003 (0.003)		Time Network: 21.631 (19.798)
Train Epoch: 12 [6528/9500 (69%)]		Loss: 17.939 (18.016)		Time Dataloader: 0.003 (0.003)		Time Network: 21.880 (19.818)
Train Epoch: 12 [6592/9500 (69%)]		Loss: 18.104 (18.017)		Time Dataloader: 0.002 (0.003)		Time Network: 3.342 (19.660)
Train Epoch: 12 [6656/9500 (70%)]		Loss: 17.805 (18.015)		Time Dataloader: 0.003 (0.003)		Time Network: 21.153 (19.674)
Train Epoch: 12 [6720/9500 (71%)]		Loss: 18.050 (18.015)		Time Dataloader: 0.003 (0.003)		Time Network: 21.692 (19.693)
Train Epoch: 12 [6784/9500 (71%)]		Loss: 17.791 (18.013)		Time Dataloader: 0.002 (0.003)		Time Network: 22.331 (19.718)
Train Epoch: 12 [6848/9500 (72%)]		Loss: 18.008 (18.013)		Time Dataloader: 0.002 (0.003)		Time Network: 21.140 (19.731)
Train Epoch: 12 [6912/9500 (73%)]		Loss: 18.153 (18.014)		Time Dataloader: 0.003 (0.003)		Time Network: 22.047 (19.752)
Train Epoch: 12 [6976/9500 (73%)]		Loss: 18.343 (18.017)		Time Dataloader: 0.009 (0.003)		Time Network: 21.863 (19.771)
Train Epoch: 12 [7040/9500 (74%)]		Loss: 18.067 (18.018)		Time Dataloader: 0.009 (0.003)		Time Network: 13.396 (19.714)
Train Epoch: 12 [7104/9500 (75%)]		Loss: 18.112 (18.018)		Time Dataloader: 0.003 (0.003)		Time Network: 23.442 (19.747)
Train Epoch: 12 [7168/9500 (75%)]		Loss: 17.747 (18.016)		Time Dataloader: 0.003 (0.003)		Time Network: 23.103 (19.777)
Train Epoch: 12 [7232/9500 (76%)]		Loss: 17.710 (18.013)		Time Dataloader: 0.003 (0.003)		Time Network: 21.527 (19.792)
Train Epoch: 12 [7296/9500 (77%)]		Loss: 18.044 (18.014)		Time Dataloader: 0.004 (0.003)		Time Network: 21.450 (19.807)
Train Epoch: 12 [7360/9500 (77%)]		Loss: 17.935 (18.013)		Time Dataloader: 0.003 (0.003)		Time Network: 20.634 (19.814)
Train Epoch: 12 [7424/9500 (78%)]		Loss: 18.000 (18.013)		Time Dataloader: 0.003 (0.003)		Time Network: 22.592 (19.838)
Train Epoch: 12 [7488/9500 (79%)]		Loss: 18.655 (18.018)		Time Dataloader: 0.003 (0.003)		Time Network: 21.099 (19.848)
Train Epoch: 12 [7552/9500 (79%)]		Loss: 18.090 (18.019)		Time Dataloader: 0.003 (0.003)		Time Network: 21.624 (19.863)
Train Epoch: 12 [7616/9500 (80%)]		Loss: 17.664 (18.016)		Time Dataloader: 0.003 (0.003)		Time Network: 21.763 (19.879)
Train Epoch: 12 [7680/9500 (81%)]		Loss: 17.751 (18.014)		Time Dataloader: 0.010 (0.003)		Time Network: 21.793 (19.895)
Train Epoch: 12 [7744/9500 (82%)]		Loss: 18.273 (18.016)		Time Dataloader: 0.003 (0.003)		Time Network: 22.253 (19.914)
Train Epoch: 12 [7808/9500 (82%)]		Loss: 17.980 (18.016)		Time Dataloader: 0.009 (0.003)		Time Network: 3.864 (19.784)
Train Epoch: 12 [7872/9500 (83%)]		Loss: 17.741 (18.013)		Time Dataloader: 0.003 (0.003)		Time Network: 21.255 (19.796)
Train Epoch: 12 [7936/9500 (84%)]		Loss: 17.810 (18.012)		Time Dataloader: 0.002 (0.003)		Time Network: 20.150 (19.798)
Train Epoch: 12 [8000/9500 (84%)]		Loss: 18.091 (18.012)		Time Dataloader: 0.002 (0.003)		Time Network: 19.919 (19.799)
Train Epoch: 12 [8064/9500 (85%)]		Loss: 17.844 (18.011)		Time Dataloader: 0.002 (0.003)		Time Network: 22.593 (19.821)
Train Epoch: 12 [8128/9500 (86%)]		Loss: 18.025 (18.011)		Time Dataloader: 0.002 (0.003)		Time Network: 22.345 (19.841)
Train Epoch: 12 [8192/9500 (86%)]		Loss: 18.073 (18.012)		Time Dataloader: 0.004 (0.003)		Time Network: 21.878 (19.857)
Train Epoch: 12 [8256/9500 (87%)]		Loss: 17.946 (18.011)		Time Dataloader: 0.003 (0.003)		Time Network: 20.931 (19.865)
Train Epoch: 12 [8320/9500 (88%)]		Loss: 17.787 (18.009)		Time Dataloader: 0.003 (0.003)		Time Network: 20.568 (19.871)
Train Epoch: 12 [8384/9500 (88%)]		Loss: 18.372 (18.012)		Time Dataloader: 0.003 (0.003)		Time Network: 21.080 (19.880)
Train Epoch: 12 [8448/9500 (89%)]		Loss: 18.447 (18.015)		Time Dataloader: 0.011 (0.003)		Time Network: 20.848 (19.887)
Train Epoch: 12 [8512/9500 (90%)]		Loss: 18.298 (18.017)		Time Dataloader: 0.010 (0.004)		Time Network: 21.910 (19.902)
Train Epoch: 12 [8576/9500 (90%)]		Loss: 17.145 (18.011)		Time Dataloader: 0.009 (0.004)		Time Network: 22.075 (19.918)
Train Epoch: 12 [8640/9500 (91%)]		Loss: 17.891 (18.010)		Time Dataloader: 0.002 (0.004)		Time Network: 1.833 (19.785)
Train Epoch: 12 [8704/9500 (92%)]		Loss: 17.547 (18.007)		Time Dataloader: 0.004 (0.004)		Time Network: 5.793 (19.683)
Train Epoch: 12 [8768/9500 (92%)]		Loss: 17.916 (18.006)		Time Dataloader: 0.002 (0.004)		Time Network: 21.535 (19.696)
Train Epoch: 12 [8832/9500 (93%)]		Loss: 17.862 (18.005)		Time Dataloader: 0.002 (0.004)		Time Network: 13.879 (19.655)
Train Epoch: 12 [8896/9500 (94%)]		Loss: 18.234 (18.007)		Time Dataloader: 0.002 (0.004)		Time Network: 21.312 (19.666)
Train Epoch: 12 [8960/9500 (94%)]		Loss: 18.233 (18.008)		Time Dataloader: 0.008 (0.004)		Time Network: 21.365 (19.678)
Train Epoch: 12 [9024/9500 (95%)]		Loss: 18.112 (18.009)		Time Dataloader: 0.003 (0.004)		Time Network: 21.306 (19.690)
Train Epoch: 12 [9088/9500 (96%)]		Loss: 18.081 (18.010)		Time Dataloader: 0.002 (0.004)		Time Network: 22.707 (19.711)
Train Epoch: 12 [9152/9500 (96%)]		Loss: 18.152 (18.011)		Time Dataloader: 0.026 (0.004)		Time Network: 21.323 (19.722)
Train Epoch: 12 [9216/9500 (97%)]		Loss: 17.773 (18.009)		Time Dataloader: 0.002 (0.004)		Time Network: 20.220 (19.726)
Train Epoch: 12 [9280/9500 (98%)]		Loss: 18.152 (18.010)		Time Dataloader: 0.002 (0.004)		Time Network: 20.786 (19.733)
Train Epoch: 12 [9344/9500 (98%)]		Loss: 17.765 (18.008)		Time Dataloader: 0.002 (0.004)		Time Network: 20.662 (19.739)
Train Epoch: 12 [9408/9500 (99%)]		Loss: 18.047 (18.008)		Time Dataloader: 0.003 (0.004)		Time Network: 20.753 (19.746)
Train Epoch: 12 [9472/9500 (100%)]		Loss: 17.477 (18.007)		Time Dataloader: 0.002 (0.004)		Time Network: 18.632 (19.739)
Done. This took 49: 2 min.
Start testing epoch 12
Test Epoch: 12 [0/500 (0%)]		Loss: 18.112 (18.112)		Time Dataloader: 0.107 (0.107)		Time Network: 3.250 (3.250)
Test Epoch: 12 [64/500 (13%)]		Loss: 17.888 (18.000)		Time Dataloader: 0.006 (0.056)		Time Network: 3.179 (3.215)
Test Epoch: 12 [128/500 (26%)]		Loss: 18.385 (18.128)		Time Dataloader: 0.001 (0.038)		Time Network: 3.242 (3.224)
Test Epoch: 12 [192/500 (38%)]		Loss: 17.684 (18.017)		Time Dataloader: 0.002 (0.029)		Time Network: 3.571 (3.311)
Test Epoch: 12 [256/500 (51%)]		Loss: 18.394 (18.093)		Time Dataloader: 0.001 (0.023)		Time Network: 3.036 (3.256)
Test Epoch: 12 [320/500 (64%)]		Loss: 17.981 (18.074)		Time Dataloader: 0.002 (0.020)		Time Network: 2.831 (3.185)
Test Epoch: 12 [384/500 (77%)]		Loss: 18.049 (18.070)		Time Dataloader: 0.001 (0.017)		Time Network: 3.027 (3.162)
Test Epoch: 12 [448/500 (90%)]		Loss: 18.116 (18.075)		Time Dataloader: 0.003 (0.015)		Time Network: 3.333 (3.184)
Done. This took  0:26 min.
Saving model to training/model_latest.pt. Done.
Finished training epoch 12.


Start training epoch 13 with lr [3.454915028125264e-05]
Train Epoch: 13 [0/9500 (0%)]		Loss: 17.952 (17.952)		Time Dataloader: 0.208 (0.208)		Time Network: 21.669 (21.669)
Train Epoch: 13 [64/9500 (1%)]		Loss: 18.163 (18.057)		Time Dataloader: 0.004 (0.106)		Time Network: 21.351 (21.510)
Train Epoch: 13 [128/9500 (1%)]		Loss: 18.559 (18.224)		Time Dataloader: 0.003 (0.072)		Time Network: 21.077 (21.366)
Train Epoch: 13 [192/9500 (2%)]		Loss: 18.247 (18.230)		Time Dataloader: 0.001 (0.054)		Time Network: 21.232 (21.332)
Train Epoch: 13 [256/9500 (3%)]		Loss: 17.979 (18.180)		Time Dataloader: 0.001 (0.044)		Time Network: 21.241 (21.314)
Train Epoch: 13 [320/9500 (3%)]		Loss: 17.795 (18.116)		Time Dataloader: 0.001 (0.037)		Time Network: 21.096 (21.278)
Train Epoch: 13 [384/9500 (4%)]		Loss: 18.235 (18.133)		Time Dataloader: 0.005 (0.032)		Time Network: 24.913 (21.797)
Train Epoch: 13 [448/9500 (5%)]		Loss: 18.120 (18.131)		Time Dataloader: 0.004 (0.029)		Time Network: 23.455 (22.004)
Train Epoch: 13 [512/9500 (5%)]		Loss: 17.925 (18.108)		Time Dataloader: 0.010 (0.026)		Time Network: 22.911 (22.105)
Train Epoch: 13 [576/9500 (6%)]		Loss: 17.884 (18.086)		Time Dataloader: 0.001 (0.024)		Time Network: 21.519 (22.046)
Train Epoch: 13 [640/9500 (7%)]		Loss: 18.295 (18.105)		Time Dataloader: 0.001 (0.022)		Time Network: 21.327 (21.981)
Train Epoch: 13 [704/9500 (7%)]		Loss: 17.668 (18.068)		Time Dataloader: 0.002 (0.020)		Time Network: 20.824 (21.885)
Train Epoch: 13 [768/9500 (8%)]		Loss: 17.593 (18.032)		Time Dataloader: 0.002 (0.019)		Time Network: 21.716 (21.872)
Train Epoch: 13 [832/9500 (9%)]		Loss: 17.987 (18.029)		Time Dataloader: 0.004 (0.018)		Time Network: 22.613 (21.925)
Train Epoch: 13 [896/9500 (9%)]		Loss: 17.880 (18.019)		Time Dataloader: 0.003 (0.017)		Time Network: 22.728 (21.978)
Train Epoch: 13 [960/9500 (10%)]		Loss: 18.125 (18.025)		Time Dataloader: 0.003 (0.016)		Time Network: 21.722 (21.962)
Train Epoch: 13 [1024/9500 (11%)]		Loss: 17.656 (18.004)		Time Dataloader: 0.003 (0.015)		Time Network: 22.892 (22.017)
Train Epoch: 13 [1088/9500 (11%)]		Loss: 17.639 (17.983)		Time Dataloader: 0.009 (0.015)		Time Network: 19.093 (21.854)
Train Epoch: 13 [1152/9500 (12%)]		Loss: 18.352 (18.003)		Time Dataloader: 0.003 (0.014)		Time Network: 21.974 (21.861)
Train Epoch: 13 [1216/9500 (13%)]		Loss: 17.820 (17.994)		Time Dataloader: 0.002 (0.014)		Time Network: 19.185 (21.727)
Train Epoch: 13 [1280/9500 (13%)]		Loss: 17.704 (17.980)		Time Dataloader: 0.002 (0.013)		Time Network: 22.900 (21.783)
Train Epoch: 13 [1344/9500 (14%)]		Loss: 18.252 (17.992)		Time Dataloader: 0.002 (0.013)		Time Network: 20.882 (21.742)
Train Epoch: 13 [1408/9500 (15%)]		Loss: 17.462 (17.969)		Time Dataloader: 0.002 (0.012)		Time Network: 22.637 (21.781)
Train Epoch: 13 [1472/9500 (15%)]		Loss: 17.550 (17.952)		Time Dataloader: 0.002 (0.012)		Time Network: 21.855 (21.784)
Train Epoch: 13 [1536/9500 (16%)]		Loss: 18.027 (17.955)		Time Dataloader: 0.002 (0.011)		Time Network: 23.314 (21.845)
Train Epoch: 13 [1600/9500 (17%)]		Loss: 17.891 (17.952)		Time Dataloader: 0.002 (0.011)		Time Network: 22.323 (21.863)
Train Epoch: 13 [1664/9500 (18%)]		Loss: 18.105 (17.958)		Time Dataloader: 0.003 (0.011)		Time Network: 15.364 (21.623)
Train Epoch: 13 [1728/9500 (18%)]		Loss: 18.046 (17.961)		Time Dataloader: 0.002 (0.010)		Time Network: 2.190 (20.929)
Train Epoch: 13 [1792/9500 (19%)]		Loss: 17.989 (17.962)		Time Dataloader: 0.003 (0.010)		Time Network: 1.567 (20.261)
Train Epoch: 13 [1856/9500 (20%)]		Loss: 18.206 (17.970)		Time Dataloader: 0.003 (0.010)		Time Network: 22.962 (20.351)
Train Epoch: 13 [1920/9500 (20%)]		Loss: 17.895 (17.968)		Time Dataloader: 0.003 (0.010)		Time Network: 22.565 (20.423)
Train Epoch: 13 [1984/9500 (21%)]		Loss: 17.712 (17.960)		Time Dataloader: 0.003 (0.009)		Time Network: 22.680 (20.493)
Train Epoch: 13 [2048/9500 (22%)]		Loss: 18.047 (17.962)		Time Dataloader: 0.002 (0.009)		Time Network: 22.011 (20.539)
Train Epoch: 13 [2112/9500 (22%)]		Loss: 17.790 (17.957)		Time Dataloader: 0.006 (0.009)		Time Network: 21.367 (20.563)
Train Epoch: 13 [2176/9500 (23%)]		Loss: 18.598 (17.976)		Time Dataloader: 0.003 (0.009)		Time Network: 22.994 (20.633)
Train Epoch: 13 [2240/9500 (24%)]		Loss: 18.225 (17.983)		Time Dataloader: 0.003 (0.009)		Time Network: 24.528 (20.741)
Train Epoch: 13 [2304/9500 (24%)]		Loss: 17.636 (17.973)		Time Dataloader: 0.003 (0.009)		Time Network: 24.272 (20.836)
Train Epoch: 13 [2368/9500 (25%)]		Loss: 18.073 (17.976)		Time Dataloader: 0.003 (0.008)		Time Network: 22.340 (20.876)
Train Epoch: 13 [2432/9500 (26%)]		Loss: 17.693 (17.969)		Time Dataloader: 0.002 (0.008)		Time Network: 22.831 (20.926)
Train Epoch: 13 [2496/9500 (26%)]		Loss: 17.566 (17.958)		Time Dataloader: 0.004 (0.008)		Time Network: 22.647 (20.969)
Train Epoch: 13 [2560/9500 (27%)]		Loss: 17.760 (17.954)		Time Dataloader: 0.003 (0.008)		Time Network: 21.983 (20.994)
Train Epoch: 13 [2624/9500 (28%)]		Loss: 18.062 (17.956)		Time Dataloader: 0.009 (0.008)		Time Network: 25.141 (21.093)
Train Epoch: 13 [2688/9500 (28%)]		Loss: 17.768 (17.952)		Time Dataloader: 0.006 (0.008)		Time Network: 22.538 (21.126)
Train Epoch: 13 [2752/9500 (29%)]		Loss: 17.534 (17.942)		Time Dataloader: 0.003 (0.008)		Time Network: 21.630 (21.138)
Train Epoch: 13 [2816/9500 (30%)]		Loss: 18.411 (17.953)		Time Dataloader: 0.003 (0.008)		Time Network: 21.298 (21.141)
Train Epoch: 13 [2880/9500 (30%)]		Loss: 17.831 (17.950)		Time Dataloader: 0.006 (0.008)		Time Network: 21.023 (21.139)
Train Epoch: 13 [2944/9500 (31%)]		Loss: 18.095 (17.953)		Time Dataloader: 0.010 (0.008)		Time Network: 21.211 (21.140)
Train Epoch: 13 [3008/9500 (32%)]		Loss: 18.004 (17.954)		Time Dataloader: 0.005 (0.008)		Time Network: 21.621 (21.150)
Train Epoch: 13 [3072/9500 (32%)]		Loss: 18.164 (17.959)		Time Dataloader: 0.005 (0.008)		Time Network: 24.258 (21.214)
Train Epoch: 13 [3136/9500 (33%)]		Loss: 17.799 (17.955)		Time Dataloader: 0.004 (0.008)		Time Network: 24.636 (21.282)
Train Epoch: 13 [3200/9500 (34%)]		Loss: 18.035 (17.957)		Time Dataloader: 0.009 (0.008)		Time Network: 24.175 (21.339)
Train Epoch: 13 [3264/9500 (34%)]		Loss: 18.424 (17.966)		Time Dataloader: 0.003 (0.008)		Time Network: 22.227 (21.356)
Train Epoch: 13 [3328/9500 (35%)]		Loss: 18.032 (17.967)		Time Dataloader: 0.003 (0.007)		Time Network: 21.811 (21.365)
Train Epoch: 13 [3392/9500 (36%)]		Loss: 18.317 (17.974)		Time Dataloader: 0.004 (0.007)		Time Network: 22.853 (21.392)
Train Epoch: 13 [3456/9500 (36%)]		Loss: 17.761 (17.970)		Time Dataloader: 0.003 (0.007)		Time Network: 22.477 (21.412)
Train Epoch: 13 [3520/9500 (37%)]		Loss: 18.268 (17.975)		Time Dataloader: 0.007 (0.007)		Time Network: 22.792 (21.436)
Train Epoch: 13 [3584/9500 (38%)]		Loss: 17.892 (17.974)		Time Dataloader: 0.003 (0.007)		Time Network: 22.347 (21.452)
Train Epoch: 13 [3648/9500 (38%)]		Loss: 17.948 (17.973)		Time Dataloader: 0.009 (0.007)		Time Network: 22.871 (21.477)
Train Epoch: 13 [3712/9500 (39%)]		Loss: 17.929 (17.972)		Time Dataloader: 0.002 (0.007)		Time Network: 22.865 (21.500)
Train Epoch: 13 [3776/9500 (40%)]		Loss: 18.151 (17.975)		Time Dataloader: 0.013 (0.007)		Time Network: 22.497 (21.517)
Train Epoch: 13 [3840/9500 (40%)]		Loss: 17.917 (17.974)		Time Dataloader: 0.002 (0.007)		Time Network: 23.035 (21.542)
Train Epoch: 13 [3904/9500 (41%)]		Loss: 18.359 (17.981)		Time Dataloader: 0.003 (0.007)		Time Network: 22.229 (21.553)
Train Epoch: 13 [3968/9500 (42%)]		Loss: 18.152 (17.983)		Time Dataloader: 0.002 (0.007)		Time Network: 23.301 (21.581)
Train Epoch: 13 [4032/9500 (42%)]		Loss: 17.672 (17.979)		Time Dataloader: 0.004 (0.007)		Time Network: 25.314 (21.639)
Train Epoch: 13 [4096/9500 (43%)]		Loss: 18.035 (17.979)		Time Dataloader: 0.003 (0.007)		Time Network: 23.754 (21.672)
Train Epoch: 13 [4160/9500 (44%)]		Loss: 17.858 (17.978)		Time Dataloader: 0.002 (0.007)		Time Network: 23.278 (21.696)
Train Epoch: 13 [4224/9500 (44%)]		Loss: 18.131 (17.980)		Time Dataloader: 0.003 (0.007)		Time Network: 22.958 (21.715)
Train Epoch: 13 [4288/9500 (45%)]		Loss: 17.894 (17.979)		Time Dataloader: 0.006 (0.007)		Time Network: 23.726 (21.744)
Train Epoch: 13 [4352/9500 (46%)]		Loss: 18.122 (17.981)		Time Dataloader: 0.004 (0.007)		Time Network: 24.238 (21.781)
Train Epoch: 13 [4416/9500 (46%)]		Loss: 17.662 (17.976)		Time Dataloader: 0.002 (0.007)		Time Network: 26.471 (21.848)
Train Epoch: 13 [4480/9500 (47%)]		Loss: 18.174 (17.979)		Time Dataloader: 0.004 (0.007)		Time Network: 27.981 (21.934)
Train Epoch: 13 [4544/9500 (48%)]		Loss: 18.109 (17.981)		Time Dataloader: 0.003 (0.007)		Time Network: 28.000 (22.018)
Train Epoch: 13 [4608/9500 (49%)]		Loss: 18.300 (17.985)		Time Dataloader: 0.003 (0.007)		Time Network: 28.235 (22.103)
Train Epoch: 13 [4672/9500 (49%)]		Loss: 17.670 (17.981)		Time Dataloader: 0.004 (0.006)		Time Network: 35.470 (22.284)
Train Epoch: 13 [4736/9500 (50%)]		Loss: 18.004 (17.981)		Time Dataloader: 0.002 (0.006)		Time Network: 30.017 (22.387)
Train Epoch: 13 [4800/9500 (51%)]		Loss: 18.302 (17.985)		Time Dataloader: 0.004 (0.006)		Time Network: 23.313 (22.399)
Train Epoch: 13 [4864/9500 (51%)]		Loss: 17.639 (17.981)		Time Dataloader: 0.002 (0.006)		Time Network: 31.745 (22.521)
Train Epoch: 13 [4928/9500 (52%)]		Loss: 17.456 (17.974)		Time Dataloader: 0.007 (0.006)		Time Network: 25.557 (22.560)
Train Epoch: 13 [4992/9500 (53%)]		Loss: 18.186 (17.977)		Time Dataloader: 0.005 (0.006)		Time Network: 21.595 (22.547)
Train Epoch: 13 [5056/9500 (53%)]		Loss: 18.074 (17.978)		Time Dataloader: 0.002 (0.006)		Time Network: 21.731 (22.537)
Train Epoch: 13 [5120/9500 (54%)]		Loss: 17.993 (17.978)		Time Dataloader: 0.003 (0.006)		Time Network: 22.017 (22.531)
Train Epoch: 13 [5184/9500 (55%)]		Loss: 17.835 (17.976)		Time Dataloader: 0.003 (0.006)		Time Network: 21.486 (22.518)
Train Epoch: 13 [5248/9500 (55%)]		Loss: 17.918 (17.976)		Time Dataloader: 0.005 (0.006)		Time Network: 21.663 (22.508)
Train Epoch: 13 [5312/9500 (56%)]		Loss: 18.347 (17.980)		Time Dataloader: 0.003 (0.006)		Time Network: 22.395 (22.506)
Train Epoch: 13 [5376/9500 (57%)]		Loss: 18.200 (17.983)		Time Dataloader: 0.005 (0.006)		Time Network: 21.975 (22.500)
Train Epoch: 13 [5440/9500 (57%)]		Loss: 17.994 (17.983)		Time Dataloader: 0.002 (0.006)		Time Network: 23.179 (22.508)
Train Epoch: 13 [5504/9500 (58%)]		Loss: 18.414 (17.988)		Time Dataloader: 0.002 (0.006)		Time Network: 23.483 (22.519)
Train Epoch: 13 [5568/9500 (59%)]		Loss: 18.262 (17.991)		Time Dataloader: 0.003 (0.006)		Time Network: 22.329 (22.517)
Train Epoch: 13 [5632/9500 (59%)]		Loss: 17.615 (17.987)		Time Dataloader: 0.002 (0.006)		Time Network: 22.225 (22.514)
Train Epoch: 13 [5696/9500 (60%)]		Loss: 18.239 (17.990)		Time Dataloader: 0.006 (0.006)		Time Network: 21.409 (22.501)
Train Epoch: 13 [5760/9500 (61%)]		Loss: 18.265 (17.993)		Time Dataloader: 0.002 (0.006)		Time Network: 21.647 (22.492)
Train Epoch: 13 [5824/9500 (61%)]		Loss: 18.101 (17.994)		Time Dataloader: 0.002 (0.006)		Time Network: 20.418 (22.470)
Train Epoch: 13 [5888/9500 (62%)]		Loss: 17.732 (17.991)		Time Dataloader: 0.004 (0.006)		Time Network: 20.794 (22.452)
Train Epoch: 13 [5952/9500 (63%)]		Loss: 18.242 (17.994)		Time Dataloader: 0.002 (0.006)		Time Network: 20.872 (22.435)
Train Epoch: 13 [6016/9500 (63%)]		Loss: 18.227 (17.996)		Time Dataloader: 0.002 (0.006)		Time Network: 21.296 (22.423)
Train Epoch: 13 [6080/9500 (64%)]		Loss: 17.686 (17.993)		Time Dataloader: 0.003 (0.006)		Time Network: 21.238 (22.410)
Train Epoch: 13 [6144/9500 (65%)]		Loss: 18.232 (17.995)		Time Dataloader: 0.005 (0.006)		Time Network: 21.274 (22.399)
Train Epoch: 13 [6208/9500 (65%)]		Loss: 17.626 (17.992)		Time Dataloader: 0.003 (0.006)		Time Network: 14.923 (22.322)
Train Epoch: 13 [6272/9500 (66%)]		Loss: 17.798 (17.990)		Time Dataloader: 0.002 (0.006)		Time Network: 21.067 (22.310)
Train Epoch: 13 [6336/9500 (67%)]		Loss: 18.321 (17.993)		Time Dataloader: 0.003 (0.006)		Time Network: 20.846 (22.295)
Train Epoch: 13 [6400/9500 (67%)]		Loss: 18.117 (17.994)		Time Dataloader: 0.003 (0.006)		Time Network: 22.980 (22.302)
Train Epoch: 13 [6464/9500 (68%)]		Loss: 17.830 (17.993)		Time Dataloader: 0.004 (0.006)		Time Network: 16.543 (22.245)
Train Epoch: 13 [6528/9500 (69%)]		Loss: 17.324 (17.986)		Time Dataloader: 0.003 (0.006)		Time Network: 20.658 (22.230)
Train Epoch: 13 [6592/9500 (69%)]		Loss: 18.315 (17.989)		Time Dataloader: 0.002 (0.006)		Time Network: 20.971 (22.218)
Train Epoch: 13 [6656/9500 (70%)]		Loss: 18.278 (17.992)		Time Dataloader: 0.009 (0.006)		Time Network: 21.076 (22.207)
Train Epoch: 13 [6720/9500 (71%)]		Loss: 17.866 (17.991)		Time Dataloader: 0.002 (0.006)		Time Network: 16.001 (22.148)
Train Epoch: 13 [6784/9500 (71%)]		Loss: 18.246 (17.993)		Time Dataloader: 0.002 (0.006)		Time Network: 20.104 (22.129)
Train Epoch: 13 [6848/9500 (72%)]		Loss: 17.687 (17.990)		Time Dataloader: 0.002 (0.005)		Time Network: 21.248 (22.121)
Train Epoch: 13 [6912/9500 (73%)]		Loss: 18.105 (17.991)		Time Dataloader: 0.002 (0.005)		Time Network: 21.791 (22.118)
Train Epoch: 13 [6976/9500 (73%)]		Loss: 17.712 (17.989)		Time Dataloader: 0.010 (0.005)		Time Network: 21.178 (22.110)
Train Epoch: 13 [7040/9500 (74%)]		Loss: 18.075 (17.990)		Time Dataloader: 0.002 (0.005)		Time Network: 19.302 (22.084)
Train Epoch: 13 [7104/9500 (75%)]		Loss: 17.941 (17.989)		Time Dataloader: 0.002 (0.005)		Time Network: 2.729 (21.912)
Train Epoch: 13 [7168/9500 (75%)]		Loss: 17.951 (17.989)		Time Dataloader: 0.008 (0.005)		Time Network: 21.294 (21.906)
Train Epoch: 13 [7232/9500 (76%)]		Loss: 17.641 (17.986)		Time Dataloader: 0.002 (0.005)		Time Network: 20.914 (21.897)
Train Epoch: 13 [7296/9500 (77%)]		Loss: 18.018 (17.986)		Time Dataloader: 0.002 (0.005)		Time Network: 16.599 (21.851)
Train Epoch: 13 [7360/9500 (77%)]		Loss: 18.029 (17.986)		Time Dataloader: 0.002 (0.005)		Time Network: 21.572 (21.849)
Train Epoch: 13 [7424/9500 (78%)]		Loss: 18.044 (17.987)		Time Dataloader: 0.003 (0.005)		Time Network: 21.953 (21.850)
Train Epoch: 13 [7488/9500 (79%)]		Loss: 17.811 (17.985)		Time Dataloader: 0.002 (0.005)		Time Network: 18.444 (21.821)
Train Epoch: 13 [7552/9500 (79%)]		Loss: 17.875 (17.985)		Time Dataloader: 0.002 (0.005)		Time Network: 0.154 (21.639)
Train Epoch: 13 [7616/9500 (80%)]		Loss: 17.748 (17.983)		Time Dataloader: 0.002 (0.005)		Time Network: 21.331 (21.636)
Train Epoch: 13 [7680/9500 (81%)]		Loss: 18.276 (17.985)		Time Dataloader: 0.010 (0.005)		Time Network: 18.869 (21.613)
Train Epoch: 13 [7744/9500 (82%)]		Loss: 17.938 (17.985)		Time Dataloader: 0.010 (0.005)		Time Network: 0.104 (21.437)
Train Epoch: 13 [7808/9500 (82%)]		Loss: 17.647 (17.982)		Time Dataloader: 0.003 (0.005)		Time Network: 21.021 (21.434)
Train Epoch: 13 [7872/9500 (83%)]		Loss: 17.929 (17.981)		Time Dataloader: 0.002 (0.005)		Time Network: 21.386 (21.433)
Train Epoch: 13 [7936/9500 (84%)]		Loss: 17.895 (17.981)		Time Dataloader: 0.003 (0.005)		Time Network: 21.449 (21.433)
Train Epoch: 13 [8000/9500 (84%)]		Loss: 17.947 (17.980)		Time Dataloader: 0.004 (0.005)		Time Network: 21.175 (21.431)
Train Epoch: 13 [8064/9500 (85%)]		Loss: 18.359 (17.983)		Time Dataloader: 0.003 (0.005)		Time Network: 0.139 (21.264)
Train Epoch: 13 [8128/9500 (86%)]		Loss: 17.922 (17.983)		Time Dataloader: 0.009 (0.005)		Time Network: 21.872 (21.269)
Train Epoch: 13 [8192/9500 (86%)]		Loss: 18.012 (17.983)		Time Dataloader: 0.004 (0.005)		Time Network: 19.640 (21.256)
Train Epoch: 13 [8256/9500 (87%)]		Loss: 17.849 (17.982)		Time Dataloader: 0.003 (0.005)		Time Network: 21.982 (21.261)
Train Epoch: 13 [8320/9500 (88%)]		Loss: 17.965 (17.982)		Time Dataloader: 0.012 (0.005)		Time Network: 21.882 (21.266)
Train Epoch: 13 [8384/9500 (88%)]		Loss: 18.087 (17.983)		Time Dataloader: 0.002 (0.005)		Time Network: 23.355 (21.282)
Train Epoch: 13 [8448/9500 (89%)]		Loss: 18.032 (17.983)		Time Dataloader: 0.004 (0.005)		Time Network: 22.297 (21.290)
Train Epoch: 13 [8512/9500 (90%)]		Loss: 17.902 (17.983)		Time Dataloader: 0.003 (0.005)		Time Network: 26.145 (21.326)
Train Epoch: 13 [8576/9500 (90%)]		Loss: 17.999 (17.983)		Time Dataloader: 0.002 (0.005)		Time Network: 22.482 (21.334)
Train Epoch: 13 [8640/9500 (91%)]		Loss: 17.656 (17.980)		Time Dataloader: 0.003 (0.005)		Time Network: 22.991 (21.347)
Train Epoch: 13 [8704/9500 (92%)]		Loss: 18.348 (17.983)		Time Dataloader: 0.007 (0.005)		Time Network: 22.731 (21.357)
Train Epoch: 13 [8768/9500 (92%)]		Loss: 17.754 (17.981)		Time Dataloader: 0.008 (0.005)		Time Network: 22.216 (21.363)
Train Epoch: 13 [8832/9500 (93%)]		Loss: 18.050 (17.982)		Time Dataloader: 0.002 (0.005)		Time Network: 22.027 (21.368)
Train Epoch: 13 [8896/9500 (94%)]		Loss: 17.620 (17.979)		Time Dataloader: 0.002 (0.005)		Time Network: 22.266 (21.374)
Train Epoch: 13 [8960/9500 (94%)]		Loss: 18.385 (17.982)		Time Dataloader: 0.004 (0.005)		Time Network: 20.640 (21.369)
Train Epoch: 13 [9024/9500 (95%)]		Loss: 18.150 (17.983)		Time Dataloader: 0.011 (0.005)		Time Network: 19.380 (21.355)
Train Epoch: 13 [9088/9500 (96%)]		Loss: 17.810 (17.982)		Time Dataloader: 0.003 (0.005)		Time Network: 22.843 (21.365)
Train Epoch: 13 [9152/9500 (96%)]		Loss: 17.852 (17.981)		Time Dataloader: 0.003 (0.005)		Time Network: 21.899 (21.369)
Train Epoch: 13 [9216/9500 (97%)]		Loss: 18.110 (17.982)		Time Dataloader: 0.002 (0.005)		Time Network: 21.755 (21.372)
Train Epoch: 13 [9280/9500 (98%)]		Loss: 18.038 (17.982)		Time Dataloader: 0.003 (0.005)		Time Network: 0.217 (21.227)
Train Epoch: 13 [9344/9500 (98%)]		Loss: 17.980 (17.982)		Time Dataloader: 0.002 (0.005)		Time Network: 0.191 (21.084)
Train Epoch: 13 [9408/9500 (99%)]		Loss: 18.173 (17.984)		Time Dataloader: 0.003 (0.005)		Time Network: 21.165 (21.084)
Train Epoch: 13 [9472/9500 (100%)]		Loss: 17.667 (17.983)		Time Dataloader: 0.003 (0.005)		Time Network: 20.194 (21.078)
Done. This took 52:21 min.
Start testing epoch 13
Test Epoch: 13 [0/500 (0%)]		Loss: 18.059 (18.059)		Time Dataloader: 0.165 (0.165)		Time Network: 3.812 (3.812)
Test Epoch: 13 [64/500 (13%)]		Loss: 17.962 (18.011)		Time Dataloader: 0.001 (0.083)		Time Network: 3.533 (3.673)
Test Epoch: 13 [128/500 (26%)]		Loss: 18.174 (18.065)		Time Dataloader: 0.001 (0.056)		Time Network: 3.834 (3.727)
Test Epoch: 13 [192/500 (38%)]		Loss: 18.141 (18.084)		Time Dataloader: 0.001 (0.042)		Time Network: 3.585 (3.691)
Test Epoch: 13 [256/500 (51%)]		Loss: 18.279 (18.123)		Time Dataloader: 0.001 (0.034)		Time Network: 3.460 (3.645)
Test Epoch: 13 [320/500 (64%)]		Loss: 18.189 (18.134)		Time Dataloader: 0.001 (0.028)		Time Network: 3.092 (3.553)
Test Epoch: 13 [384/500 (77%)]		Loss: 17.995 (18.114)		Time Dataloader: 0.002 (0.025)		Time Network: 3.288 (3.515)
Test Epoch: 13 [448/500 (90%)]		Loss: 17.915 (18.093)		Time Dataloader: 0.003 (0.022)		Time Network: 3.355 (3.495)
Done. This took  0:28 min.
Saving model to training/model_latest.pt. Done.
Finished training epoch 13.


Start training epoch 14 with lr [2.730047501302267e-05]
Train Epoch: 14 [0/9500 (0%)]		Loss: 17.748 (17.748)		Time Dataloader: 0.141 (0.141)		Time Network: 21.913 (21.913)
Train Epoch: 14 [64/9500 (1%)]		Loss: 17.890 (17.819)		Time Dataloader: 0.021 (0.081)		Time Network: 21.301 (21.607)
Train Epoch: 14 [128/9500 (1%)]		Loss: 18.448 (18.029)		Time Dataloader: 0.002 (0.054)		Time Network: 21.787 (21.667)
Train Epoch: 14 [192/9500 (2%)]		Loss: 17.661 (17.937)		Time Dataloader: 0.002 (0.041)		Time Network: 21.242 (21.561)
Train Epoch: 14 [256/9500 (3%)]		Loss: 17.613 (17.872)		Time Dataloader: 0.002 (0.033)		Time Network: 13.102 (19.869)
Train Epoch: 14 [320/9500 (3%)]		Loss: 18.081 (17.907)		Time Dataloader: 0.001 (0.028)		Time Network: 21.052 (20.066)
Train Epoch: 14 [384/9500 (4%)]		Loss: 17.427 (17.838)		Time Dataloader: 0.004 (0.025)		Time Network: 20.077 (20.068)
Train Epoch: 14 [448/9500 (5%)]		Loss: 17.566 (17.804)		Time Dataloader: 0.001 (0.022)		Time Network: 21.676 (20.269)
Train Epoch: 14 [512/9500 (5%)]		Loss: 17.803 (17.804)		Time Dataloader: 0.006 (0.020)		Time Network: 21.478 (20.403)
Train Epoch: 14 [576/9500 (6%)]		Loss: 18.547 (17.878)		Time Dataloader: 0.002 (0.018)		Time Network: 22.466 (20.610)
Train Epoch: 14 [640/9500 (7%)]		Loss: 17.627 (17.856)		Time Dataloader: 0.002 (0.017)		Time Network: 21.404 (20.682)
Train Epoch: 14 [704/9500 (7%)]		Loss: 18.283 (17.891)		Time Dataloader: 0.002 (0.015)		Time Network: 18.631 (20.511)
Train Epoch: 14 [768/9500 (8%)]		Loss: 18.410 (17.931)		Time Dataloader: 0.003 (0.014)		Time Network: 22.744 (20.683)
Train Epoch: 14 [832/9500 (9%)]		Loss: 18.098 (17.943)		Time Dataloader: 0.004 (0.014)		Time Network: 24.539 (20.958)
Train Epoch: 14 [896/9500 (9%)]		Loss: 18.078 (17.952)		Time Dataloader: 0.005 (0.013)		Time Network: 22.698 (21.074)
Train Epoch: 14 [960/9500 (10%)]		Loss: 18.017 (17.956)		Time Dataloader: 0.002 (0.012)		Time Network: 22.341 (21.153)
Train Epoch: 14 [1024/9500 (11%)]		Loss: 18.044 (17.961)		Time Dataloader: 0.009 (0.012)		Time Network: 18.734 (21.011)
Train Epoch: 14 [1088/9500 (11%)]		Loss: 17.452 (17.933)		Time Dataloader: 0.002 (0.012)		Time Network: 10.825 (20.445)
Train Epoch: 14 [1152/9500 (12%)]		Loss: 18.141 (17.944)		Time Dataloader: 0.008 (0.012)		Time Network: 9.130 (19.850)
Train Epoch: 14 [1216/9500 (13%)]		Loss: 17.831 (17.938)		Time Dataloader: 0.002 (0.011)		Time Network: 22.856 (20.000)
Train Epoch: 14 [1280/9500 (13%)]		Loss: 17.855 (17.934)		Time Dataloader: 0.003 (0.011)		Time Network: 22.311 (20.110)
Train Epoch: 14 [1344/9500 (14%)]		Loss: 17.877 (17.932)		Time Dataloader: 0.003 (0.010)		Time Network: 22.558 (20.221)
Train Epoch: 14 [1408/9500 (15%)]		Loss: 17.770 (17.925)		Time Dataloader: 0.003 (0.010)		Time Network: 22.302 (20.312)
Train Epoch: 14 [1472/9500 (15%)]		Loss: 18.538 (17.950)		Time Dataloader: 0.002 (0.010)		Time Network: 22.593 (20.407)
Train Epoch: 14 [1536/9500 (16%)]		Loss: 18.520 (17.973)		Time Dataloader: 0.003 (0.009)		Time Network: 22.271 (20.481)
Train Epoch: 14 [1600/9500 (17%)]		Loss: 18.419 (17.990)		Time Dataloader: 0.005 (0.009)		Time Network: 22.834 (20.572)
Train Epoch: 14 [1664/9500 (18%)]		Loss: 17.884 (17.986)		Time Dataloader: 0.009 (0.009)		Time Network: 23.024 (20.663)
Train Epoch: 14 [1728/9500 (18%)]		Loss: 17.860 (17.982)		Time Dataloader: 0.003 (0.009)		Time Network: 25.685 (20.842)
Train Epoch: 14 [1792/9500 (19%)]		Loss: 17.794 (17.975)		Time Dataloader: 0.005 (0.009)		Time Network: 23.692 (20.940)
Train Epoch: 14 [1856/9500 (20%)]		Loss: 17.833 (17.971)		Time Dataloader: 0.003 (0.009)		Time Network: 22.136 (20.980)
Train Epoch: 14 [1920/9500 (20%)]		Loss: 18.083 (17.974)		Time Dataloader: 0.003 (0.008)		Time Network: 22.378 (21.025)
Train Epoch: 14 [1984/9500 (21%)]		Loss: 17.882 (17.971)		Time Dataloader: 0.002 (0.008)		Time Network: 22.407 (21.068)
Train Epoch: 14 [2048/9500 (22%)]		Loss: 17.750 (17.965)		Time Dataloader: 0.009 (0.008)		Time Network: 21.711 (21.088)
Train Epoch: 14 [2112/9500 (22%)]		Loss: 17.790 (17.959)		Time Dataloader: 0.007 (0.008)		Time Network: 21.635 (21.104)
Train Epoch: 14 [2176/9500 (23%)]		Loss: 18.103 (17.964)		Time Dataloader: 0.002 (0.008)		Time Network: 21.487 (21.115)
Train Epoch: 14 [2240/9500 (24%)]		Loss: 18.022 (17.965)		Time Dataloader: 0.002 (0.008)		Time Network: 21.860 (21.136)
Train Epoch: 14 [2304/9500 (24%)]		Loss: 18.087 (17.968)		Time Dataloader: 0.006 (0.008)		Time Network: 20.609 (21.121)
Train Epoch: 14 [2368/9500 (25%)]		Loss: 18.085 (17.972)		Time Dataloader: 0.002 (0.008)		Time Network: 20.353 (21.101)
Train Epoch: 14 [2432/9500 (26%)]		Loss: 17.815 (17.968)		Time Dataloader: 0.003 (0.008)		Time Network: 18.079 (21.024)
Train Epoch: 14 [2496/9500 (26%)]		Loss: 18.028 (17.969)		Time Dataloader: 0.003 (0.007)		Time Network: 21.003 (21.023)
Train Epoch: 14 [2560/9500 (27%)]		Loss: 17.665 (17.962)		Time Dataloader: 0.003 (0.007)		Time Network: 21.841 (21.043)
Train Epoch: 14 [2624/9500 (28%)]		Loss: 17.985 (17.962)		Time Dataloader: 0.014 (0.008)		Time Network: 23.088 (21.092)
Train Epoch: 14 [2688/9500 (28%)]		Loss: 18.230 (17.968)		Time Dataloader: 0.009 (0.008)		Time Network: 22.442 (21.123)
Train Epoch: 14 [2752/9500 (29%)]		Loss: 17.872 (17.966)		Time Dataloader: 0.003 (0.007)		Time Network: 22.956 (21.165)
Train Epoch: 14 [2816/9500 (30%)]		Loss: 18.232 (17.972)		Time Dataloader: 0.004 (0.007)		Time Network: 21.734 (21.177)
Train Epoch: 14 [2880/9500 (30%)]		Loss: 17.979 (17.972)		Time Dataloader: 0.006 (0.007)		Time Network: 22.197 (21.200)
Train Epoch: 14 [2944/9500 (31%)]		Loss: 18.275 (17.979)		Time Dataloader: 0.007 (0.007)		Time Network: 21.618 (21.209)
Train Epoch: 14 [3008/9500 (32%)]		Loss: 17.984 (17.979)		Time Dataloader: 0.003 (0.007)		Time Network: 21.942 (21.224)
Train Epoch: 14 [3072/9500 (32%)]		Loss: 17.922 (17.978)		Time Dataloader: 0.002 (0.007)		Time Network: 20.866 (21.217)
Train Epoch: 14 [3136/9500 (33%)]		Loss: 17.523 (17.969)		Time Dataloader: 0.002 (0.007)		Time Network: 20.907 (21.210)
Train Epoch: 14 [3200/9500 (34%)]		Loss: 17.974 (17.969)		Time Dataloader: 0.017 (0.007)		Time Network: 21.837 (21.223)
Train Epoch: 14 [3264/9500 (34%)]		Loss: 18.200 (17.973)		Time Dataloader: 0.003 (0.007)		Time Network: 22.451 (21.246)
Train Epoch: 14 [3328/9500 (35%)]		Loss: 17.686 (17.968)		Time Dataloader: 0.003 (0.007)		Time Network: 22.387 (21.268)
Train Epoch: 14 [3392/9500 (36%)]		Loss: 17.568 (17.960)		Time Dataloader: 0.002 (0.007)		Time Network: 15.508 (21.161)
Train Epoch: 14 [3456/9500 (36%)]		Loss: 18.008 (17.961)		Time Dataloader: 0.002 (0.007)		Time Network: 21.324 (21.164)
Train Epoch: 14 [3520/9500 (37%)]		Loss: 18.300 (17.967)		Time Dataloader: 0.010 (0.007)		Time Network: 22.498 (21.188)
Train Epoch: 14 [3584/9500 (38%)]		Loss: 18.345 (17.974)		Time Dataloader: 0.002 (0.007)		Time Network: 21.345 (21.191)
Train Epoch: 14 [3648/9500 (38%)]		Loss: 17.677 (17.969)		Time Dataloader: 0.002 (0.007)		Time Network: 22.571 (21.214)
Train Epoch: 14 [3712/9500 (39%)]		Loss: 18.170 (17.972)		Time Dataloader: 0.002 (0.007)		Time Network: 21.485 (21.219)
Train Epoch: 14 [3776/9500 (40%)]		Loss: 17.811 (17.969)		Time Dataloader: 0.009 (0.007)		Time Network: 21.046 (21.216)
Train Epoch: 14 [3840/9500 (40%)]		Loss: 17.998 (17.970)		Time Dataloader: 0.002 (0.007)		Time Network: 20.097 (21.198)
Train Epoch: 14 [3904/9500 (41%)]		Loss: 18.128 (17.972)		Time Dataloader: 0.002 (0.007)		Time Network: 13.456 (21.073)
Train Epoch: 14 [3968/9500 (42%)]		Loss: 18.167 (17.976)		Time Dataloader: 0.003 (0.007)		Time Network: 1.015 (20.755)
Train Epoch: 14 [4032/9500 (42%)]		Loss: 17.392 (17.966)		Time Dataloader: 0.003 (0.006)		Time Network: 17.509 (20.704)
Train Epoch: 14 [4096/9500 (43%)]		Loss: 18.207 (17.970)		Time Dataloader: 0.002 (0.006)		Time Network: 20.137 (20.695)
Train Epoch: 14 [4160/9500 (44%)]		Loss: 18.050 (17.971)		Time Dataloader: 0.002 (0.006)		Time Network: 20.231 (20.688)
Train Epoch: 14 [4224/9500 (44%)]		Loss: 18.038 (17.972)		Time Dataloader: 0.002 (0.006)		Time Network: 20.264 (20.682)
Train Epoch: 14 [4288/9500 (45%)]		Loss: 17.927 (17.972)		Time Dataloader: 0.003 (0.006)		Time Network: 18.246 (20.646)
Train Epoch: 14 [4352/9500 (46%)]		Loss: 18.173 (17.975)		Time Dataloader: 0.002 (0.006)		Time Network: 20.626 (20.646)
Train Epoch: 14 [4416/9500 (46%)]		Loss: 18.408 (17.981)		Time Dataloader: 0.003 (0.006)		Time Network: 21.102 (20.652)
Train Epoch: 14 [4480/9500 (47%)]		Loss: 17.580 (17.975)		Time Dataloader: 0.003 (0.006)		Time Network: 22.469 (20.678)
Train Epoch: 14 [4544/9500 (48%)]		Loss: 18.075 (17.977)		Time Dataloader: 0.003 (0.006)		Time Network: 21.985 (20.696)
Train Epoch: 14 [4608/9500 (49%)]		Loss: 17.864 (17.975)		Time Dataloader: 0.002 (0.006)		Time Network: 21.625 (20.709)
Train Epoch: 14 [4672/9500 (49%)]		Loss: 17.605 (17.970)		Time Dataloader: 0.002 (0.006)		Time Network: 16.405 (20.651)
Train Epoch: 14 [4736/9500 (50%)]		Loss: 18.255 (17.974)		Time Dataloader: 0.011 (0.006)		Time Network: 16.994 (20.602)
Train Epoch: 14 [4800/9500 (51%)]		Loss: 18.214 (17.977)		Time Dataloader: 0.003 (0.006)		Time Network: 20.762 (20.604)
Train Epoch: 14 [4864/9500 (51%)]		Loss: 17.989 (17.977)		Time Dataloader: 0.002 (0.006)		Time Network: 0.749 (20.346)
Train Epoch: 14 [4928/9500 (52%)]		Loss: 18.619 (17.985)		Time Dataloader: 0.002 (0.006)		Time Network: 21.419 (20.360)
Train Epoch: 14 [4992/9500 (53%)]		Loss: 17.889 (17.984)		Time Dataloader: 0.002 (0.006)		Time Network: 21.583 (20.375)
Train Epoch: 14 [5056/9500 (53%)]		Loss: 18.045 (17.985)		Time Dataloader: 0.003 (0.006)		Time Network: 22.015 (20.396)
Train Epoch: 14 [5120/9500 (54%)]		Loss: 18.226 (17.988)		Time Dataloader: 0.002 (0.006)		Time Network: 21.752 (20.412)
Train Epoch: 14 [5184/9500 (55%)]		Loss: 18.063 (17.989)		Time Dataloader: 0.003 (0.006)		Time Network: 20.851 (20.418)
Train Epoch: 14 [5248/9500 (55%)]		Loss: 18.073 (17.990)		Time Dataloader: 0.011 (0.006)		Time Network: 20.792 (20.422)
Train Epoch: 14 [5312/9500 (56%)]		Loss: 18.214 (17.992)		Time Dataloader: 0.002 (0.006)		Time Network: 22.131 (20.443)
Train Epoch: 14 [5376/9500 (57%)]		Loss: 17.815 (17.990)		Time Dataloader: 0.003 (0.006)		Time Network: 18.164 (20.416)
Train Epoch: 14 [5440/9500 (57%)]		Loss: 18.163 (17.992)		Time Dataloader: 0.002 (0.006)		Time Network: 21.353 (20.427)
Train Epoch: 14 [5504/9500 (58%)]		Loss: 17.973 (17.992)		Time Dataloader: 0.002 (0.006)		Time Network: 2.750 (20.224)
Train Epoch: 14 [5568/9500 (59%)]		Loss: 18.187 (17.994)		Time Dataloader: 0.002 (0.006)		Time Network: 2.104 (20.018)
Train Epoch: 14 [5632/9500 (59%)]		Loss: 18.067 (17.995)		Time Dataloader: 0.003 (0.006)		Time Network: 22.054 (20.041)
Train Epoch: 14 [5696/9500 (60%)]		Loss: 17.976 (17.995)		Time Dataloader: 0.003 (0.005)		Time Network: 21.806 (20.060)
Train Epoch: 14 [5760/9500 (61%)]		Loss: 18.268 (17.998)		Time Dataloader: 0.003 (0.005)		Time Network: 0.514 (19.845)
Train Epoch: 14 [5824/9500 (61%)]		Loss: 17.794 (17.996)		Time Dataloader: 0.002 (0.005)		Time Network: 21.671 (19.865)
Train Epoch: 14 [5888/9500 (62%)]		Loss: 18.034 (17.996)		Time Dataloader: 0.003 (0.005)		Time Network: 2.615 (19.680)
Train Epoch: 14 [5952/9500 (63%)]		Loss: 18.221 (17.999)		Time Dataloader: 0.002 (0.005)		Time Network: 0.824 (19.479)
Train Epoch: 14 [6016/9500 (63%)]		Loss: 18.083 (17.999)		Time Dataloader: 0.002 (0.005)		Time Network: 0.136 (19.276)
Train Epoch: 14 [6080/9500 (64%)]		Loss: 17.683 (17.996)		Time Dataloader: 0.003 (0.005)		Time Network: 17.752 (19.260)
Train Epoch: 14 [6144/9500 (65%)]		Loss: 18.170 (17.998)		Time Dataloader: 0.004 (0.005)		Time Network: 21.828 (19.286)
Train Epoch: 14 [6208/9500 (65%)]		Loss: 18.429 (18.002)		Time Dataloader: 0.007 (0.005)		Time Network: 21.637 (19.310)
Train Epoch: 14 [6272/9500 (66%)]		Loss: 17.698 (17.999)		Time Dataloader: 0.002 (0.005)		Time Network: 20.547 (19.323)
Train Epoch: 14 [6336/9500 (67%)]		Loss: 17.711 (17.996)		Time Dataloader: 0.003 (0.005)		Time Network: 22.029 (19.350)
Train Epoch: 14 [6400/9500 (67%)]		Loss: 18.034 (17.997)		Time Dataloader: 0.004 (0.005)		Time Network: 4.708 (19.205)
Train Epoch: 14 [6464/9500 (68%)]		Loss: 18.501 (18.002)		Time Dataloader: 0.003 (0.005)		Time Network: 23.479 (19.247)
Train Epoch: 14 [6528/9500 (69%)]		Loss: 17.723 (17.999)		Time Dataloader: 0.003 (0.005)		Time Network: 22.070 (19.274)
Train Epoch: 14 [6592/9500 (69%)]		Loss: 18.348 (18.002)		Time Dataloader: 0.003 (0.005)		Time Network: 22.377 (19.304)
Train Epoch: 14 [6656/9500 (70%)]		Loss: 18.190 (18.004)		Time Dataloader: 0.003 (0.005)		Time Network: 22.493 (19.334)
Train Epoch: 14 [6720/9500 (71%)]		Loss: 17.936 (18.004)		Time Dataloader: 0.003 (0.005)		Time Network: 22.640 (19.365)
Train Epoch: 14 [6784/9500 (71%)]		Loss: 18.167 (18.005)		Time Dataloader: 0.002 (0.005)		Time Network: 24.426 (19.413)
Train Epoch: 14 [6848/9500 (72%)]		Loss: 17.816 (18.003)		Time Dataloader: 0.002 (0.005)		Time Network: 22.098 (19.438)
Train Epoch: 14 [6912/9500 (73%)]		Loss: 18.214 (18.005)		Time Dataloader: 0.003 (0.005)		Time Network: 22.596 (19.467)
Train Epoch: 14 [6976/9500 (73%)]		Loss: 18.206 (18.007)		Time Dataloader: 0.003 (0.005)		Time Network: 22.723 (19.496)
Train Epoch: 14 [7040/9500 (74%)]		Loss: 18.099 (18.008)		Time Dataloader: 0.006 (0.005)		Time Network: 22.016 (19.519)
Train Epoch: 14 [7104/9500 (75%)]		Loss: 18.023 (18.008)		Time Dataloader: 0.003 (0.005)		Time Network: 21.801 (19.539)
Train Epoch: 14 [7168/9500 (75%)]		Loss: 17.896 (18.007)		Time Dataloader: 0.003 (0.005)		Time Network: 22.777 (19.568)
Train Epoch: 14 [7232/9500 (76%)]		Loss: 17.695 (18.004)		Time Dataloader: 0.003 (0.005)		Time Network: 23.706 (19.604)
Train Epoch: 14 [7296/9500 (77%)]		Loss: 17.806 (18.003)		Time Dataloader: 0.002 (0.005)		Time Network: 22.959 (19.633)
Train Epoch: 14 [7360/9500 (77%)]		Loss: 18.108 (18.003)		Time Dataloader: 0.011 (0.005)		Time Network: 22.157 (19.655)
Train Epoch: 14 [7424/9500 (78%)]		Loss: 17.781 (18.002)		Time Dataloader: 0.002 (0.005)		Time Network: 22.039 (19.676)
Train Epoch: 14 [7488/9500 (79%)]		Loss: 17.960 (18.001)		Time Dataloader: 0.002 (0.005)		Time Network: 21.808 (19.694)
Train Epoch: 14 [7552/9500 (79%)]		Loss: 18.289 (18.004)		Time Dataloader: 0.002 (0.005)		Time Network: 22.065 (19.714)
Train Epoch: 14 [7616/9500 (80%)]		Loss: 17.772 (18.002)		Time Dataloader: 0.003 (0.005)		Time Network: 22.758 (19.739)
Train Epoch: 14 [7680/9500 (81%)]		Loss: 17.724 (17.999)		Time Dataloader: 0.003 (0.005)		Time Network: 24.100 (19.775)
Train Epoch: 14 [7744/9500 (82%)]		Loss: 17.738 (17.997)		Time Dataloader: 0.002 (0.005)		Time Network: 20.975 (19.785)
Train Epoch: 14 [7808/9500 (82%)]		Loss: 18.096 (17.998)		Time Dataloader: 0.002 (0.005)		Time Network: 1.219 (19.634)
Train Epoch: 14 [7872/9500 (83%)]		Loss: 18.147 (17.999)		Time Dataloader: 0.003 (0.005)		Time Network: 22.033 (19.653)
Train Epoch: 14 [7936/9500 (84%)]		Loss: 17.766 (17.997)		Time Dataloader: 0.002 (0.005)		Time Network: 1.671 (19.509)
Train Epoch: 14 [8000/9500 (84%)]		Loss: 18.541 (18.002)		Time Dataloader: 0.002 (0.005)		Time Network: 21.519 (19.525)
Train Epoch: 14 [8064/9500 (85%)]		Loss: 17.780 (18.000)		Time Dataloader: 0.003 (0.005)		Time Network: 21.775 (19.543)
Train Epoch: 14 [8128/9500 (86%)]		Loss: 18.487 (18.004)		Time Dataloader: 0.004 (0.005)		Time Network: 21.454 (19.558)
Train Epoch: 14 [8192/9500 (86%)]		Loss: 17.399 (17.999)		Time Dataloader: 0.004 (0.005)		Time Network: 4.091 (19.438)
Train Epoch: 14 [8256/9500 (87%)]		Loss: 18.025 (17.999)		Time Dataloader: 0.003 (0.005)		Time Network: 1.469 (19.300)
Train Epoch: 14 [8320/9500 (88%)]		Loss: 18.079 (18.000)		Time Dataloader: 0.003 (0.005)		Time Network: 0.312 (19.155)
Train Epoch: 14 [8384/9500 (88%)]		Loss: 18.094 (18.001)		Time Dataloader: 0.002 (0.005)		Time Network: 1.170 (19.019)
Train Epoch: 14 [8448/9500 (89%)]		Loss: 17.660 (17.998)		Time Dataloader: 0.007 (0.005)		Time Network: 0.342 (18.878)
Train Epoch: 14 [8512/9500 (90%)]		Loss: 17.833 (17.997)		Time Dataloader: 0.002 (0.005)		Time Network: 0.076 (18.738)
Train Epoch: 14 [8576/9500 (90%)]		Loss: 17.925 (17.996)		Time Dataloader: 0.002 (0.005)		Time Network: 0.513 (18.603)
Train Epoch: 14 [8640/9500 (91%)]		Loss: 18.151 (17.997)		Time Dataloader: 0.002 (0.005)		Time Network: 0.074 (18.467)
Train Epoch: 14 [8704/9500 (92%)]		Loss: 18.371 (18.000)		Time Dataloader: 0.002 (0.005)		Time Network: 0.067 (18.332)
Train Epoch: 14 [8768/9500 (92%)]		Loss: 17.930 (18.000)		Time Dataloader: 0.002 (0.005)		Time Network: 0.367 (18.202)
Train Epoch: 14 [8832/9500 (93%)]		Loss: 18.213 (18.001)		Time Dataloader: 0.002 (0.005)		Time Network: 0.097 (18.072)
Train Epoch: 14 [8896/9500 (94%)]		Loss: 17.771 (18.000)		Time Dataloader: 0.002 (0.005)		Time Network: 0.071 (17.943)
Train Epoch: 14 [8960/9500 (94%)]		Loss: 18.285 (18.002)		Time Dataloader: 0.002 (0.005)		Time Network: 0.060 (17.816)
Train Epoch: 14 [9024/9500 (95%)]		Loss: 18.016 (18.002)		Time Dataloader: 0.002 (0.005)		Time Network: 0.070 (17.691)
Train Epoch: 14 [9088/9500 (96%)]		Loss: 17.968 (18.001)		Time Dataloader: 0.002 (0.005)		Time Network: 0.060 (17.568)
Train Epoch: 14 [9152/9500 (96%)]		Loss: 17.603 (17.999)		Time Dataloader: 0.002 (0.005)		Time Network: 0.066 (17.447)
Train Epoch: 14 [9216/9500 (97%)]		Loss: 17.630 (17.996)		Time Dataloader: 0.002 (0.005)		Time Network: 0.085 (17.327)
Train Epoch: 14 [9280/9500 (98%)]		Loss: 17.943 (17.996)		Time Dataloader: 0.002 (0.005)		Time Network: 0.074 (17.209)
Train Epoch: 14 [9344/9500 (98%)]		Loss: 18.077 (17.996)		Time Dataloader: 0.002 (0.004)		Time Network: 0.653 (17.096)
Train Epoch: 14 [9408/9500 (99%)]		Loss: 17.671 (17.994)		Time Dataloader: 0.003 (0.004)		Time Network: 0.394 (16.983)
Train Epoch: 14 [9472/9500 (100%)]		Loss: 17.987 (17.994)		Time Dataloader: 0.002 (0.004)		Time Network: 0.278 (16.871)
Done. This took 41:54 min.
Start testing epoch 14
Test Epoch: 14 [0/500 (0%)]		Loss: 18.130 (18.130)		Time Dataloader: 0.131 (0.131)		Time Network: 3.115 (3.115)
Test Epoch: 14 [64/500 (13%)]		Loss: 18.265 (18.198)		Time Dataloader: 0.001 (0.066)		Time Network: 3.279 (3.197)
Test Epoch: 14 [128/500 (26%)]		Loss: 18.279 (18.225)		Time Dataloader: 0.003 (0.045)		Time Network: 3.322 (3.239)
Test Epoch: 14 [192/500 (38%)]		Loss: 18.455 (18.282)		Time Dataloader: 0.003 (0.034)		Time Network: 3.707 (3.356)
Test Epoch: 14 [256/500 (51%)]		Loss: 18.184 (18.263)		Time Dataloader: 0.002 (0.028)		Time Network: 3.256 (3.336)
Test Epoch: 14 [320/500 (64%)]		Loss: 17.975 (18.215)		Time Dataloader: 0.001 (0.024)		Time Network: 3.126 (3.301)
Test Epoch: 14 [384/500 (77%)]		Loss: 18.166 (18.208)		Time Dataloader: 0.006 (0.021)		Time Network: 3.314 (3.303)
Test Epoch: 14 [448/500 (90%)]		Loss: 17.928 (18.179)		Time Dataloader: 0.001 (0.019)		Time Network: 3.303 (3.303)
Done. This took  0:27 min.
Saving model to training/model_latest.pt. Done.
Finished training epoch 14.


Start training epoch 15 with lr [2.0610737385376356e-05]
Train Epoch: 15 [0/9500 (0%)]		Loss: 17.725 (17.725)		Time Dataloader: 0.156 (0.156)		Time Network: 13.674 (13.674)
Train Epoch: 15 [64/9500 (1%)]		Loss: 18.046 (17.886)		Time Dataloader: 0.004 (0.080)		Time Network: 21.304 (17.489)
Train Epoch: 15 [128/9500 (1%)]		Loss: 18.034 (17.935)		Time Dataloader: 0.002 (0.054)		Time Network: 0.678 (11.885)
Train Epoch: 15 [192/9500 (2%)]		Loss: 17.708 (17.878)		Time Dataloader: 0.001 (0.041)		Time Network: 20.262 (13.980)
Train Epoch: 15 [256/9500 (3%)]		Loss: 17.788 (17.860)		Time Dataloader: 0.001 (0.033)		Time Network: 2.065 (11.597)
Train Epoch: 15 [320/9500 (3%)]		Loss: 18.220 (17.920)		Time Dataloader: 0.001 (0.028)		Time Network: 0.988 (9.828)
Train Epoch: 15 [384/9500 (4%)]		Loss: 18.125 (17.949)		Time Dataloader: 0.004 (0.024)		Time Network: 0.894 (8.552)
Train Epoch: 15 [448/9500 (5%)]		Loss: 17.955 (17.950)		Time Dataloader: 0.003 (0.022)		Time Network: 0.847 (7.589)
Train Epoch: 15 [512/9500 (5%)]		Loss: 18.270 (17.986)		Time Dataloader: 0.002 (0.019)		Time Network: 0.344 (6.784)
Train Epoch: 15 [576/9500 (6%)]		Loss: 18.090 (17.996)		Time Dataloader: 0.002 (0.018)		Time Network: 0.185 (6.124)
Train Epoch: 15 [640/9500 (7%)]		Loss: 17.867 (17.984)		Time Dataloader: 0.001 (0.016)		Time Network: 0.334 (5.598)
Train Epoch: 15 [704/9500 (7%)]		Loss: 18.333 (18.014)		Time Dataloader: 0.001 (0.015)		Time Network: 0.137 (5.143)
Train Epoch: 15 [768/9500 (8%)]		Loss: 18.153 (18.024)		Time Dataloader: 0.002 (0.014)		Time Network: 0.126 (4.757)
Train Epoch: 15 [832/9500 (9%)]		Loss: 17.675 (17.999)		Time Dataloader: 0.002 (0.013)		Time Network: 0.323 (4.440)
Train Epoch: 15 [896/9500 (9%)]		Loss: 17.779 (17.985)		Time Dataloader: 0.002 (0.012)		Time Network: 0.807 (4.198)
Train Epoch: 15 [960/9500 (10%)]		Loss: 18.408 (18.011)		Time Dataloader: 0.002 (0.012)		Time Network: 0.379 (3.959)
Train Epoch: 15 [1024/9500 (11%)]		Loss: 17.365 (17.973)		Time Dataloader: 0.002 (0.011)		Time Network: 0.179 (3.737)
Train Epoch: 15 [1088/9500 (11%)]		Loss: 17.707 (17.958)		Time Dataloader: 0.002 (0.011)		Time Network: 0.158 (3.538)
Train Epoch: 15 [1152/9500 (12%)]		Loss: 18.042 (17.963)		Time Dataloader: 0.003 (0.010)		Time Network: 0.418 (3.374)
Train Epoch: 15 [1216/9500 (13%)]		Loss: 18.270 (17.978)		Time Dataloader: 0.003 (0.010)		Time Network: 0.599 (3.235)
Train Epoch: 15 [1280/9500 (13%)]		Loss: 18.783 (18.016)		Time Dataloader: 0.006 (0.010)		Time Network: 0.332 (3.097)
Train Epoch: 15 [1344/9500 (14%)]		Loss: 18.055 (18.018)		Time Dataloader: 0.002 (0.009)		Time Network: 0.563 (2.982)
Train Epoch: 15 [1408/9500 (15%)]		Loss: 17.896 (18.013)		Time Dataloader: 0.003 (0.009)		Time Network: 0.141 (2.858)
Train Epoch: 15 [1472/9500 (15%)]		Loss: 17.892 (18.008)		Time Dataloader: 0.004 (0.009)		Time Network: 0.293 (2.751)
Train Epoch: 15 [1536/9500 (16%)]		Loss: 17.955 (18.006)		Time Dataloader: 0.002 (0.009)		Time Network: 0.231 (2.650)
Train Epoch: 15 [1600/9500 (17%)]		Loss: 17.695 (17.994)		Time Dataloader: 0.002 (0.008)		Time Network: 0.530 (2.569)
Train Epoch: 15 [1664/9500 (18%)]		Loss: 17.708 (17.983)		Time Dataloader: 0.003 (0.008)		Time Network: 0.547 (2.494)
Train Epoch: 15 [1728/9500 (18%)]		Loss: 17.889 (17.980)		Time Dataloader: 0.013 (0.008)		Time Network: 0.521 (2.423)
Train Epoch: 15 [1792/9500 (19%)]		Loss: 17.675 (17.969)		Time Dataloader: 0.003 (0.008)		Time Network: 0.459 (2.356)
Train Epoch: 15 [1856/9500 (20%)]		Loss: 17.899 (17.967)		Time Dataloader: 0.003 (0.008)		Time Network: 2.971 (2.376)
Train Epoch: 15 [1920/9500 (20%)]		Loss: 17.523 (17.953)		Time Dataloader: 0.002 (0.008)		Time Network: 0.325 (2.310)
Train Epoch: 15 [1984/9500 (21%)]		Loss: 18.073 (17.956)		Time Dataloader: 0.002 (0.008)		Time Network: 0.426 (2.251)
Train Epoch: 15 [2048/9500 (22%)]		Loss: 17.641 (17.947)		Time Dataloader: 0.002 (0.007)		Time Network: 0.323 (2.193)
Train Epoch: 15 [2112/9500 (22%)]		Loss: 18.012 (17.949)		Time Dataloader: 0.002 (0.007)		Time Network: 0.494 (2.143)
Train Epoch: 15 [2176/9500 (23%)]		Loss: 18.066 (17.952)		Time Dataloader: 0.003 (0.007)		Time Network: 0.155 (2.086)
Train Epoch: 15 [2240/9500 (24%)]		Loss: 17.919 (17.951)		Time Dataloader: 0.002 (0.007)		Time Network: 0.703 (2.048)
Train Epoch: 15 [2304/9500 (24%)]		Loss: 17.722 (17.945)		Time Dataloader: 0.002 (0.007)		Time Network: 0.248 (1.999)
Train Epoch: 15 [2368/9500 (25%)]		Loss: 18.134 (17.950)		Time Dataloader: 0.002 (0.007)		Time Network: 0.621 (1.963)
Train Epoch: 15 [2432/9500 (26%)]		Loss: 17.864 (17.948)		Time Dataloader: 0.002 (0.007)		Time Network: 0.610 (1.928)
Train Epoch: 15 [2496/9500 (26%)]		Loss: 18.107 (17.952)		Time Dataloader: 0.003 (0.007)		Time Network: 0.764 (1.899)
Train Epoch: 15 [2560/9500 (27%)]		Loss: 17.591 (17.943)		Time Dataloader: 0.002 (0.006)		Time Network: 0.896 (1.874)
Train Epoch: 15 [2624/9500 (28%)]		Loss: 17.541 (17.933)		Time Dataloader: 0.002 (0.006)		Time Network: 0.564 (1.843)
Train Epoch: 15 [2688/9500 (28%)]		Loss: 17.846 (17.931)		Time Dataloader: 0.002 (0.006)		Time Network: 1.206 (1.828)
Train Epoch: 15 [2752/9500 (29%)]		Loss: 18.462 (17.943)		Time Dataloader: 0.003 (0.006)		Time Network: 0.127 (1.790)
Train Epoch: 15 [2816/9500 (30%)]		Loss: 18.484 (17.955)		Time Dataloader: 0.002 (0.006)		Time Network: 21.200 (2.221)
Train Epoch: 15 [2880/9500 (30%)]		Loss: 18.183 (17.960)		Time Dataloader: 0.002 (0.006)		Time Network: 20.808 (2.625)
Train Epoch: 15 [2944/9500 (31%)]		Loss: 17.951 (17.960)		Time Dataloader: 0.003 (0.006)		Time Network: 22.724 (3.053)
Train Epoch: 15 [3008/9500 (32%)]		Loss: 17.929 (17.960)		Time Dataloader: 0.003 (0.006)		Time Network: 0.397 (2.997)
Train Epoch: 15 [3072/9500 (32%)]		Loss: 18.276 (17.966)		Time Dataloader: 0.003 (0.006)		Time Network: 0.182 (2.940)
Train Epoch: 15 [3136/9500 (33%)]		Loss: 17.730 (17.961)		Time Dataloader: 0.002 (0.006)		Time Network: 0.238 (2.886)
Train Epoch: 15 [3200/9500 (34%)]		Loss: 17.999 (17.962)		Time Dataloader: 0.002 (0.006)		Time Network: 0.532 (2.840)
Train Epoch: 15 [3264/9500 (34%)]		Loss: 17.791 (17.959)		Time Dataloader: 0.002 (0.006)		Time Network: 0.588 (2.796)
Train Epoch: 15 [3328/9500 (35%)]		Loss: 17.919 (17.958)		Time Dataloader: 0.002 (0.006)		Time Network: 0.110 (2.746)
Train Epoch: 15 [3392/9500 (36%)]		Loss: 18.010 (17.959)		Time Dataloader: 0.002 (0.005)		Time Network: 0.302 (2.701)
Train Epoch: 15 [3456/9500 (36%)]		Loss: 18.182 (17.963)		Time Dataloader: 0.002 (0.005)		Time Network: 0.174 (2.655)
Train Epoch: 15 [3520/9500 (37%)]		Loss: 17.624 (17.957)		Time Dataloader: 0.002 (0.005)		Time Network: 0.133 (2.610)
Train Epoch: 15 [3584/9500 (38%)]		Loss: 17.678 (17.952)		Time Dataloader: 0.002 (0.005)		Time Network: 0.414 (2.571)
Train Epoch: 15 [3648/9500 (38%)]		Loss: 18.023 (17.953)		Time Dataloader: 0.002 (0.005)		Time Network: 0.541 (2.536)
Train Epoch: 15 [3712/9500 (39%)]		Loss: 17.926 (17.953)		Time Dataloader: 0.002 (0.005)		Time Network: 0.178 (2.496)
Train Epoch: 15 [3776/9500 (40%)]		Loss: 17.859 (17.951)		Time Dataloader: 0.002 (0.005)		Time Network: 0.255 (2.459)
Train Epoch: 15 [3840/9500 (40%)]		Loss: 17.945 (17.951)		Time Dataloader: 0.002 (0.005)		Time Network: 0.614 (2.428)
Train Epoch: 15 [3904/9500 (41%)]		Loss: 17.805 (17.949)		Time Dataloader: 0.002 (0.005)		Time Network: 0.311 (2.394)
Train Epoch: 15 [3968/9500 (42%)]		Loss: 17.675 (17.944)		Time Dataloader: 0.002 (0.005)		Time Network: 1.059 (2.373)
Train Epoch: 15 [4032/9500 (42%)]		Loss: 18.049 (17.946)		Time Dataloader: 0.002 (0.005)		Time Network: 0.582 (2.345)
Train Epoch: 15 [4096/9500 (43%)]		Loss: 18.039 (17.947)		Time Dataloader: 0.003 (0.005)		Time Network: 0.799 (2.321)
Train Epoch: 15 [4160/9500 (44%)]		Loss: 18.276 (17.952)		Time Dataloader: 0.002 (0.005)		Time Network: 20.877 (2.603)
Train Epoch: 15 [4224/9500 (44%)]		Loss: 17.531 (17.946)		Time Dataloader: 0.002 (0.005)		Time Network: 22.538 (2.900)
Train Epoch: 15 [4288/9500 (45%)]		Loss: 17.647 (17.942)		Time Dataloader: 0.007 (0.005)		Time Network: 23.616 (3.205)
Train Epoch: 15 [4352/9500 (46%)]		Loss: 18.206 (17.946)		Time Dataloader: 0.008 (0.005)		Time Network: 3.303 (3.206)
Train Epoch: 15 [4416/9500 (46%)]		Loss: 17.771 (17.943)		Time Dataloader: 0.002 (0.005)		Time Network: 1.623 (3.184)
Train Epoch: 15 [4480/9500 (47%)]		Loss: 18.177 (17.946)		Time Dataloader: 0.002 (0.005)		Time Network: 1.663 (3.162)
Train Epoch: 15 [4544/9500 (48%)]		Loss: 18.049 (17.948)		Time Dataloader: 0.003 (0.005)		Time Network: 5.879 (3.200)
Train Epoch: 15 [4608/9500 (49%)]		Loss: 18.028 (17.949)		Time Dataloader: 0.003 (0.005)		Time Network: 0.389 (3.161)
Train Epoch: 15 [4672/9500 (49%)]		Loss: 17.794 (17.947)		Time Dataloader: 0.003 (0.005)		Time Network: 0.354 (3.123)
Train Epoch: 15 [4736/9500 (50%)]		Loss: 18.066 (17.948)		Time Dataloader: 0.003 (0.005)		Time Network: 1.480 (3.101)
Train Epoch: 15 [4800/9500 (51%)]		Loss: 17.722 (17.945)		Time Dataloader: 0.002 (0.005)		Time Network: 21.857 (3.348)
Train Epoch: 15 [4864/9500 (51%)]		Loss: 18.146 (17.948)		Time Dataloader: 0.003 (0.005)		Time Network: 20.045 (3.565)
Train Epoch: 15 [4928/9500 (52%)]		Loss: 18.270 (17.952)		Time Dataloader: 0.003 (0.005)		Time Network: 1.070 (3.533)
Train Epoch: 15 [4992/9500 (53%)]		Loss: 17.809 (17.950)		Time Dataloader: 0.002 (0.005)		Time Network: 0.410 (3.494)
Train Epoch: 15 [5056/9500 (53%)]		Loss: 17.804 (17.949)		Time Dataloader: 0.003 (0.005)		Time Network: 0.145 (3.452)
Train Epoch: 15 [5120/9500 (54%)]		Loss: 17.955 (17.949)		Time Dataloader: 0.003 (0.005)		Time Network: 0.159 (3.411)
Train Epoch: 15 [5184/9500 (55%)]		Loss: 17.837 (17.947)		Time Dataloader: 0.003 (0.005)		Time Network: 0.679 (3.378)
Train Epoch: 15 [5248/9500 (55%)]		Loss: 17.826 (17.946)		Time Dataloader: 0.002 (0.005)		Time Network: 0.170 (3.339)
Train Epoch: 15 [5312/9500 (56%)]		Loss: 17.764 (17.944)		Time Dataloader: 0.006 (0.005)		Time Network: 0.215 (3.302)
Train Epoch: 15 [5376/9500 (57%)]		Loss: 17.303 (17.936)		Time Dataloader: 0.002 (0.005)		Time Network: 0.438 (3.268)
Train Epoch: 15 [5440/9500 (57%)]		Loss: 18.024 (17.937)		Time Dataloader: 0.002 (0.004)		Time Network: 0.601 (3.237)
Train Epoch: 15 [5504/9500 (58%)]		Loss: 17.312 (17.930)		Time Dataloader: 0.002 (0.004)		Time Network: 0.269 (3.203)
Train Epoch: 15 [5568/9500 (59%)]		Loss: 17.664 (17.927)		Time Dataloader: 0.002 (0.004)		Time Network: 0.265 (3.170)
Train Epoch: 15 [5632/9500 (59%)]		Loss: 17.977 (17.927)		Time Dataloader: 0.002 (0.004)		Time Network: 0.480 (3.139)
Train Epoch: 15 [5696/9500 (60%)]		Loss: 17.871 (17.927)		Time Dataloader: 0.004 (0.004)		Time Network: 0.236 (3.107)
Train Epoch: 15 [5760/9500 (61%)]		Loss: 17.683 (17.924)		Time Dataloader: 0.003 (0.004)		Time Network: 1.066 (3.085)
Train Epoch: 15 [5824/9500 (61%)]		Loss: 17.605 (17.921)		Time Dataloader: 0.003 (0.004)		Time Network: 0.478 (3.056)
Train Epoch: 15 [5888/9500 (62%)]		Loss: 17.763 (17.919)		Time Dataloader: 0.002 (0.004)		Time Network: 0.250 (3.026)
Train Epoch: 15 [5952/9500 (63%)]		Loss: 17.663 (17.916)		Time Dataloader: 0.002 (0.004)		Time Network: 0.146 (2.996)
Train Epoch: 15 [6016/9500 (63%)]		Loss: 18.160 (17.919)		Time Dataloader: 0.002 (0.004)		Time Network: 16.022 (3.133)
Train Epoch: 15 [6080/9500 (64%)]		Loss: 18.355 (17.923)		Time Dataloader: 0.007 (0.004)		Time Network: 9.450 (3.199)
Train Epoch: 15 [6144/9500 (65%)]		Loss: 18.372 (17.928)		Time Dataloader: 0.003 (0.004)		Time Network: 0.726 (3.173)
Train Epoch: 15 [6208/9500 (65%)]		Loss: 17.875 (17.927)		Time Dataloader: 0.002 (0.004)		Time Network: 0.681 (3.148)
Train Epoch: 15 [6272/9500 (66%)]		Loss: 17.948 (17.928)		Time Dataloader: 0.003 (0.004)		Time Network: 0.652 (3.122)
Train Epoch: 15 [6336/9500 (67%)]		Loss: 18.289 (17.931)		Time Dataloader: 0.002 (0.004)		Time Network: 0.729 (3.098)
Train Epoch: 15 [6400/9500 (67%)]		Loss: 18.332 (17.935)		Time Dataloader: 0.002 (0.004)		Time Network: 2.267 (3.090)
Train Epoch: 15 [6464/9500 (68%)]		Loss: 18.408 (17.940)		Time Dataloader: 0.003 (0.004)		Time Network: 0.370 (3.064)
Train Epoch: 15 [6528/9500 (69%)]		Loss: 17.681 (17.937)		Time Dataloader: 0.002 (0.004)		Time Network: 0.997 (3.044)
Train Epoch: 15 [6592/9500 (69%)]		Loss: 18.160 (17.940)		Time Dataloader: 0.002 (0.004)		Time Network: 0.166 (3.016)
Train Epoch: 15 [6656/9500 (70%)]		Loss: 17.806 (17.938)		Time Dataloader: 0.002 (0.004)		Time Network: 1.187 (2.998)
Train Epoch: 15 [6720/9500 (71%)]		Loss: 18.237 (17.941)		Time Dataloader: 0.002 (0.004)		Time Network: 0.541 (2.975)
Train Epoch: 15 [6784/9500 (71%)]		Loss: 17.624 (17.938)		Time Dataloader: 0.003 (0.004)		Time Network: 22.207 (3.155)
Train Epoch: 15 [6848/9500 (72%)]		Loss: 17.922 (17.938)		Time Dataloader: 0.003 (0.004)		Time Network: 21.873 (3.328)
Train Epoch: 15 [6912/9500 (73%)]		Loss: 17.952 (17.938)		Time Dataloader: 0.002 (0.004)		Time Network: 22.179 (3.501)
Train Epoch: 15 [6976/9500 (73%)]		Loss: 17.804 (17.937)		Time Dataloader: 0.003 (0.004)		Time Network: 3.563 (3.502)
Train Epoch: 15 [7040/9500 (74%)]		Loss: 17.834 (17.936)		Time Dataloader: 0.002 (0.004)		Time Network: 1.739 (3.486)
Train Epoch: 15 [7104/9500 (75%)]		Loss: 17.957 (17.936)		Time Dataloader: 0.002 (0.004)		Time Network: 0.968 (3.463)
Train Epoch: 15 [7168/9500 (75%)]		Loss: 17.808 (17.935)		Time Dataloader: 0.002 (0.004)		Time Network: 0.186 (3.434)
Train Epoch: 15 [7232/9500 (76%)]		Loss: 18.256 (17.938)		Time Dataloader: 0.002 (0.004)		Time Network: 0.256 (3.407)
Train Epoch: 15 [7296/9500 (77%)]		Loss: 17.869 (17.937)		Time Dataloader: 0.003 (0.004)		Time Network: 0.210 (3.379)
Train Epoch: 15 [7360/9500 (77%)]		Loss: 18.273 (17.940)		Time Dataloader: 0.002 (0.004)		Time Network: 0.192 (3.351)
Train Epoch: 15 [7424/9500 (78%)]		Loss: 18.471 (17.945)		Time Dataloader: 0.010 (0.004)		Time Network: 0.375 (3.326)
Train Epoch: 15 [7488/9500 (79%)]		Loss: 18.299 (17.948)		Time Dataloader: 0.002 (0.004)		Time Network: 0.253 (3.300)
Train Epoch: 15 [7552/9500 (79%)]		Loss: 17.839 (17.947)		Time Dataloader: 0.003 (0.004)		Time Network: 0.520 (3.276)
Train Epoch: 15 [7616/9500 (80%)]		Loss: 18.047 (17.948)		Time Dataloader: 0.003 (0.004)		Time Network: 0.329 (3.252)
Train Epoch: 15 [7680/9500 (81%)]		Loss: 17.982 (17.948)		Time Dataloader: 0.002 (0.004)		Time Network: 0.128 (3.226)
Train Epoch: 15 [7744/9500 (82%)]		Loss: 18.403 (17.952)		Time Dataloader: 0.002 (0.004)		Time Network: 0.385 (3.203)
Train Epoch: 15 [7808/9500 (82%)]		Loss: 17.818 (17.950)		Time Dataloader: 0.002 (0.004)		Time Network: 0.304 (3.179)
Train Epoch: 15 [7872/9500 (83%)]		Loss: 17.830 (17.950)		Time Dataloader: 0.003 (0.004)		Time Network: 0.082 (3.154)
Train Epoch: 15 [7936/9500 (84%)]		Loss: 18.048 (17.950)		Time Dataloader: 0.003 (0.004)		Time Network: 0.335 (3.132)
Train Epoch: 15 [8000/9500 (84%)]		Loss: 17.962 (17.950)		Time Dataloader: 0.002 (0.004)		Time Network: 0.892 (3.114)
Train Epoch: 15 [8064/9500 (85%)]		Loss: 18.132 (17.952)		Time Dataloader: 0.002 (0.004)		Time Network: 0.554 (3.094)
Train Epoch: 15 [8128/9500 (86%)]		Loss: 17.901 (17.951)		Time Dataloader: 0.002 (0.004)		Time Network: 1.138 (3.078)
Train Epoch: 15 [8192/9500 (86%)]		Loss: 18.203 (17.953)		Time Dataloader: 0.002 (0.004)		Time Network: 0.517 (3.059)
Train Epoch: 15 [8256/9500 (87%)]		Loss: 17.740 (17.952)		Time Dataloader: 0.007 (0.004)		Time Network: 0.354 (3.038)
Train Epoch: 15 [8320/9500 (88%)]		Loss: 17.699 (17.950)		Time Dataloader: 0.002 (0.004)		Time Network: 0.763 (3.020)
Train Epoch: 15 [8384/9500 (88%)]		Loss: 18.364 (17.953)		Time Dataloader: 0.005 (0.004)		Time Network: 0.685 (3.003)
Train Epoch: 15 [8448/9500 (89%)]		Loss: 18.123 (17.954)		Time Dataloader: 0.003 (0.004)		Time Network: 0.790 (2.986)
Train Epoch: 15 [8512/9500 (90%)]		Loss: 18.489 (17.958)		Time Dataloader: 0.002 (0.004)		Time Network: 0.601 (2.968)
Train Epoch: 15 [8576/9500 (90%)]		Loss: 18.164 (17.960)		Time Dataloader: 0.002 (0.004)		Time Network: 0.309 (2.949)
Train Epoch: 15 [8640/9500 (91%)]		Loss: 17.977 (17.960)		Time Dataloader: 0.003 (0.004)		Time Network: 0.249 (2.929)
Train Epoch: 15 [8704/9500 (92%)]		Loss: 17.852 (17.959)		Time Dataloader: 0.003 (0.004)		Time Network: 0.287 (2.909)
Train Epoch: 15 [8768/9500 (92%)]		Loss: 17.701 (17.957)		Time Dataloader: 0.004 (0.004)		Time Network: 0.131 (2.889)
Train Epoch: 15 [8832/9500 (93%)]		Loss: 18.112 (17.958)		Time Dataloader: 0.010 (0.004)		Time Network: 0.544 (2.872)
Train Epoch: 15 [8896/9500 (94%)]		Loss: 18.178 (17.960)		Time Dataloader: 0.002 (0.004)		Time Network: 1.423 (2.862)
Train Epoch: 15 [8960/9500 (94%)]		Loss: 18.079 (17.961)		Time Dataloader: 0.002 (0.004)		Time Network: 0.386 (2.845)
Train Epoch: 15 [9024/9500 (95%)]		Loss: 17.841 (17.960)		Time Dataloader: 0.002 (0.004)		Time Network: 0.362 (2.827)
Train Epoch: 15 [9088/9500 (96%)]		Loss: 18.082 (17.961)		Time Dataloader: 0.002 (0.004)		Time Network: 1.239 (2.816)
Train Epoch: 15 [9152/9500 (96%)]		Loss: 18.082 (17.962)		Time Dataloader: 0.002 (0.004)		Time Network: 0.288 (2.798)
Train Epoch: 15 [9216/9500 (97%)]		Loss: 17.894 (17.961)		Time Dataloader: 0.003 (0.004)		Time Network: 0.107 (2.780)
Train Epoch: 15 [9280/9500 (98%)]		Loss: 17.487 (17.958)		Time Dataloader: 0.002 (0.004)		Time Network: 0.109 (2.762)
Train Epoch: 15 [9344/9500 (98%)]		Loss: 18.095 (17.959)		Time Dataloader: 0.002 (0.004)		Time Network: 21.970 (2.892)
Train Epoch: 15 [9408/9500 (99%)]		Loss: 18.246 (17.961)		Time Dataloader: 0.002 (0.004)		Time Network: 20.596 (3.012)
Train Epoch: 15 [9472/9500 (100%)]		Loss: 18.259 (17.962)		Time Dataloader: 0.003 (0.004)		Time Network: 20.525 (3.129)
Done. This took  7:47 min.
Start testing epoch 15
Test Epoch: 15 [0/500 (0%)]		Loss: 18.532 (18.532)		Time Dataloader: 0.187 (0.187)		Time Network: 3.730 (3.730)
Test Epoch: 15 [64/500 (13%)]		Loss: 18.172 (18.352)		Time Dataloader: 0.003 (0.095)		Time Network: 3.576 (3.653)
Test Epoch: 15 [128/500 (26%)]		Loss: 18.139 (18.281)		Time Dataloader: 0.002 (0.064)		Time Network: 4.005 (3.770)
Test Epoch: 15 [192/500 (38%)]		Loss: 18.116 (18.240)		Time Dataloader: 0.002 (0.049)		Time Network: 3.644 (3.739)
Test Epoch: 15 [256/500 (51%)]		Loss: 18.030 (18.198)		Time Dataloader: 0.001 (0.039)		Time Network: 3.472 (3.685)
Test Epoch: 15 [320/500 (64%)]		Loss: 17.954 (18.157)		Time Dataloader: 0.002 (0.033)		Time Network: 3.733 (3.693)
Test Epoch: 15 [384/500 (77%)]		Loss: 18.071 (18.145)		Time Dataloader: 0.002 (0.028)		Time Network: 3.942 (3.729)
Test Epoch: 15 [448/500 (90%)]		Loss: 17.915 (18.121)		Time Dataloader: 0.003 (0.025)		Time Network: 3.451 (3.694)
Done. This took  0:30 min.
Saving model to training/model_latest.pt. Done.
Copy model to checkpoint training/model_015.pt. Done.
Finished training epoch 15.


Start training epoch 16 with lr [1.464466094067263e-05]
Train Epoch: 16 [0/9500 (0%)]		Loss: 18.202 (18.202)		Time Dataloader: 0.115 (0.115)		Time Network: 24.116 (24.116)
Train Epoch: 16 [64/9500 (1%)]		Loss: 17.723 (17.962)		Time Dataloader: 0.001 (0.058)		Time Network: 23.761 (23.938)
Train Epoch: 16 [128/9500 (1%)]		Loss: 17.798 (17.907)		Time Dataloader: 0.002 (0.040)		Time Network: 22.909 (23.595)
Train Epoch: 16 [192/9500 (2%)]		Loss: 17.820 (17.885)		Time Dataloader: 0.001 (0.030)		Time Network: 22.547 (23.333)
Train Epoch: 16 [256/9500 (3%)]		Loss: 18.417 (17.992)		Time Dataloader: 0.004 (0.025)		Time Network: 24.287 (23.524)
Train Epoch: 16 [320/9500 (3%)]		Loss: 18.027 (17.998)		Time Dataloader: 0.005 (0.021)		Time Network: 23.259 (23.480)
Train Epoch: 16 [384/9500 (4%)]		Loss: 18.133 (18.017)		Time Dataloader: 0.005 (0.019)		Time Network: 22.123 (23.286)
Train Epoch: 16 [448/9500 (5%)]		Loss: 17.967 (18.011)		Time Dataloader: 0.001 (0.017)		Time Network: 21.680 (23.085)
Train Epoch: 16 [512/9500 (5%)]		Loss: 17.202 (17.921)		Time Dataloader: 0.002 (0.015)		Time Network: 10.391 (21.675)
Train Epoch: 16 [576/9500 (6%)]		Loss: 17.892 (17.918)		Time Dataloader: 0.001 (0.014)		Time Network: 0.692 (19.576)
Train Epoch: 16 [640/9500 (7%)]		Loss: 18.104 (17.935)		Time Dataloader: 0.001 (0.013)		Time Network: 0.423 (17.835)
Train Epoch: 16 [704/9500 (7%)]		Loss: 17.951 (17.936)		Time Dataloader: 0.001 (0.012)		Time Network: 0.331 (16.377)
Train Epoch: 16 [768/9500 (8%)]		Loss: 17.841 (17.929)		Time Dataloader: 0.002 (0.011)		Time Network: 0.465 (15.153)
Train Epoch: 16 [832/9500 (9%)]		Loss: 17.938 (17.930)		Time Dataloader: 0.002 (0.010)		Time Network: 4.966 (14.425)
Train Epoch: 16 [896/9500 (9%)]		Loss: 18.061 (17.938)		Time Dataloader: 0.002 (0.010)		Time Network: 1.703 (13.577)
Train Epoch: 16 [960/9500 (10%)]		Loss: 18.267 (17.959)		Time Dataloader: 0.002 (0.009)		Time Network: 0.641 (12.768)
Train Epoch: 16 [1024/9500 (11%)]		Loss: 17.959 (17.959)		Time Dataloader: 0.008 (0.009)		Time Network: 21.741 (13.296)
Train Epoch: 16 [1088/9500 (11%)]		Loss: 17.991 (17.961)		Time Dataloader: 0.002 (0.009)		Time Network: 23.398 (13.857)
Train Epoch: 16 [1152/9500 (12%)]		Loss: 17.888 (17.957)		Time Dataloader: 0.003 (0.008)		Time Network: 20.947 (14.231)
Train Epoch: 16 [1216/9500 (13%)]		Loss: 18.330 (17.975)		Time Dataloader: 0.002 (0.008)		Time Network: 21.740 (14.606)
Train Epoch: 16 [1280/9500 (13%)]		Loss: 18.316 (17.992)		Time Dataloader: 0.002 (0.008)		Time Network: 21.609 (14.939)
Train Epoch: 16 [1344/9500 (14%)]		Loss: 17.535 (17.971)		Time Dataloader: 0.009 (0.008)		Time Network: 3.451 (14.417)
Train Epoch: 16 [1408/9500 (15%)]		Loss: 17.981 (17.971)		Time Dataloader: 0.002 (0.008)		Time Network: 20.448 (14.679)
Train Epoch: 16 [1472/9500 (15%)]		Loss: 17.980 (17.972)		Time Dataloader: 0.002 (0.007)		Time Network: 20.481 (14.921)
Train Epoch: 16 [1536/9500 (16%)]		Loss: 17.607 (17.957)		Time Dataloader: 0.003 (0.007)		Time Network: 1.602 (14.388)
Train Epoch: 16 [1600/9500 (17%)]		Loss: 18.001 (17.959)		Time Dataloader: 0.003 (0.007)		Time Network: 1.591 (13.896)
Train Epoch: 16 [1664/9500 (18%)]		Loss: 17.917 (17.957)		Time Dataloader: 0.009 (0.007)		Time Network: 0.390 (13.396)
Train Epoch: 16 [1728/9500 (18%)]		Loss: 18.142 (17.964)		Time Dataloader: 0.002 (0.007)		Time Network: 0.809 (12.946)
Train Epoch: 16 [1792/9500 (19%)]		Loss: 17.661 (17.953)		Time Dataloader: 0.003 (0.007)		Time Network: 0.585 (12.520)
Train Epoch: 16 [1856/9500 (20%)]		Loss: 18.381 (17.968)		Time Dataloader: 0.002 (0.007)		Time Network: 0.774 (12.129)
Train Epoch: 16 [1920/9500 (20%)]		Loss: 17.812 (17.963)		Time Dataloader: 0.003 (0.007)		Time Network: 0.290 (11.747)
Train Epoch: 16 [1984/9500 (21%)]		Loss: 18.364 (17.975)		Time Dataloader: 0.002 (0.006)		Time Network: 0.286 (11.389)
Train Epoch: 16 [2048/9500 (22%)]		Loss: 18.226 (17.983)		Time Dataloader: 0.002 (0.006)		Time Network: 0.296 (11.052)
Train Epoch: 16 [2112/9500 (22%)]		Loss: 18.099 (17.986)		Time Dataloader: 0.005 (0.006)		Time Network: 0.477 (10.741)
Train Epoch: 16 [2176/9500 (23%)]		Loss: 17.849 (17.982)		Time Dataloader: 0.002 (0.006)		Time Network: 0.460 (10.448)
Train Epoch: 16 [2240/9500 (24%)]		Loss: 17.806 (17.977)		Time Dataloader: 0.003 (0.006)		Time Network: 0.732 (10.178)
Train Epoch: 16 [2304/9500 (24%)]		Loss: 18.046 (17.979)		Time Dataloader: 0.002 (0.006)		Time Network: 1.441 (9.942)
Train Epoch: 16 [2368/9500 (25%)]		Loss: 17.735 (17.973)		Time Dataloader: 0.002 (0.006)		Time Network: 0.482 (9.693)
Train Epoch: 16 [2432/9500 (26%)]		Loss: 17.848 (17.970)		Time Dataloader: 0.002 (0.006)		Time Network: 0.922 (9.468)
Train Epoch: 16 [2496/9500 (26%)]		Loss: 17.934 (17.969)		Time Dataloader: 0.002 (0.006)		Time Network: 0.289 (9.238)
Train Epoch: 16 [2560/9500 (27%)]		Loss: 17.889 (17.967)		Time Dataloader: 0.002 (0.006)		Time Network: 0.062 (9.015)
Train Epoch: 16 [2624/9500 (28%)]		Loss: 17.785 (17.962)		Time Dataloader: 0.002 (0.005)		Time Network: 0.488 (8.812)
Train Epoch: 16 [2688/9500 (28%)]		Loss: 18.085 (17.965)		Time Dataloader: 0.002 (0.005)		Time Network: 0.483 (8.618)
Train Epoch: 16 [2752/9500 (29%)]		Loss: 17.976 (17.966)		Time Dataloader: 0.002 (0.005)		Time Network: 0.135 (8.425)
Train Epoch: 16 [2816/9500 (30%)]		Loss: 17.675 (17.959)		Time Dataloader: 0.003 (0.005)		Time Network: 0.155 (8.241)
Train Epoch: 16 [2880/9500 (30%)]		Loss: 17.863 (17.957)		Time Dataloader: 0.002 (0.005)		Time Network: 0.476 (8.072)
Train Epoch: 16 [2944/9500 (31%)]		Loss: 17.718 (17.952)		Time Dataloader: 0.002 (0.005)		Time Network: 0.154 (7.904)
Train Epoch: 16 [3008/9500 (32%)]		Loss: 18.455 (17.962)		Time Dataloader: 0.002 (0.005)		Time Network: 0.108 (7.742)
Train Epoch: 16 [3072/9500 (32%)]		Loss: 18.144 (17.966)		Time Dataloader: 0.002 (0.005)		Time Network: 0.560 (7.595)
Train Epoch: 16 [3136/9500 (33%)]		Loss: 18.103 (17.969)		Time Dataloader: 0.002 (0.005)		Time Network: 0.763 (7.458)
Train Epoch: 16 [3200/9500 (34%)]		Loss: 18.166 (17.973)		Time Dataloader: 0.003 (0.005)		Time Network: 0.283 (7.318)
Train Epoch: 16 [3264/9500 (34%)]		Loss: 17.691 (17.967)		Time Dataloader: 0.004 (0.005)		Time Network: 0.230 (7.181)
Train Epoch: 16 [3328/9500 (35%)]		Loss: 17.611 (17.961)		Time Dataloader: 0.009 (0.005)		Time Network: 0.430 (7.054)
Train Epoch: 16 [3392/9500 (36%)]		Loss: 17.558 (17.953)		Time Dataloader: 0.001 (0.005)		Time Network: 0.141 (6.926)
Train Epoch: 16 [3456/9500 (36%)]		Loss: 17.815 (17.951)		Time Dataloader: 0.002 (0.005)		Time Network: 0.180 (6.803)
Train Epoch: 16 [3520/9500 (37%)]		Loss: 17.934 (17.950)		Time Dataloader: 0.002 (0.005)		Time Network: 0.455 (6.690)
Train Epoch: 16 [3584/9500 (38%)]		Loss: 17.897 (17.949)		Time Dataloader: 0.010 (0.005)		Time Network: 1.961 (6.607)
Train Epoch: 16 [3648/9500 (38%)]		Loss: 17.988 (17.950)		Time Dataloader: 0.002 (0.005)		Time Network: 0.428 (6.500)
Train Epoch: 16 [3712/9500 (39%)]		Loss: 18.218 (17.955)		Time Dataloader: 0.002 (0.005)		Time Network: 0.195 (6.394)
Train Epoch: 16 [3776/9500 (40%)]		Loss: 18.212 (17.959)		Time Dataloader: 0.002 (0.005)		Time Network: 0.334 (6.293)
Train Epoch: 16 [3840/9500 (40%)]		Loss: 18.064 (17.961)		Time Dataloader: 0.002 (0.005)		Time Network: 0.167 (6.192)
Train Epoch: 16 [3904/9500 (41%)]		Loss: 17.787 (17.958)		Time Dataloader: 0.002 (0.005)		Time Network: 0.541 (6.101)
Train Epoch: 16 [3968/9500 (42%)]		Loss: 17.903 (17.957)		Time Dataloader: 0.002 (0.005)		Time Network: 17.103 (6.276)
Train Epoch: 16 [4032/9500 (42%)]		Loss: 18.387 (17.964)		Time Dataloader: 0.009 (0.005)		Time Network: 21.066 (6.507)
Train Epoch: 16 [4096/9500 (43%)]		Loss: 17.893 (17.963)		Time Dataloader: 0.010 (0.005)		Time Network: 4.784 (6.480)
Train Epoch: 16 [4160/9500 (44%)]		Loss: 18.011 (17.963)		Time Dataloader: 0.002 (0.005)		Time Network: 0.180 (6.385)
Train Epoch: 16 [4224/9500 (44%)]		Loss: 18.160 (17.966)		Time Dataloader: 0.002 (0.005)		Time Network: 20.440 (6.595)
Train Epoch: 16 [4288/9500 (45%)]		Loss: 17.823 (17.964)		Time Dataloader: 0.003 (0.005)		Time Network: 1.985 (6.527)
Train Epoch: 16 [4352/9500 (46%)]		Loss: 18.072 (17.966)		Time Dataloader: 0.002 (0.005)		Time Network: 5.204 (6.508)
Train Epoch: 16 [4416/9500 (46%)]		Loss: 17.785 (17.963)		Time Dataloader: 0.009 (0.005)		Time Network: 3.853 (6.470)
Train Epoch: 16 [4480/9500 (47%)]		Loss: 17.794 (17.961)		Time Dataloader: 0.002 (0.005)		Time Network: 2.987 (6.421)
Train Epoch: 16 [4544/9500 (48%)]		Loss: 17.801 (17.959)		Time Dataloader: 0.003 (0.005)		Time Network: 2.035 (6.360)
Train Epoch: 16 [4608/9500 (49%)]		Loss: 17.674 (17.955)		Time Dataloader: 0.002 (0.005)		Time Network: 3.750 (6.324)
Train Epoch: 16 [4672/9500 (49%)]		Loss: 17.987 (17.955)		Time Dataloader: 0.002 (0.005)		Time Network: 21.408 (6.528)
Train Epoch: 16 [4736/9500 (50%)]		Loss: 18.166 (17.958)		Time Dataloader: 0.002 (0.005)		Time Network: 20.842 (6.719)
Train Epoch: 16 [4800/9500 (51%)]		Loss: 18.382 (17.963)		Time Dataloader: 0.002 (0.005)		Time Network: 4.150 (6.685)
Train Epoch: 16 [4864/9500 (51%)]		Loss: 18.306 (17.968)		Time Dataloader: 0.004 (0.005)		Time Network: 0.665 (6.607)
Train Epoch: 16 [4928/9500 (52%)]		Loss: 18.109 (17.970)		Time Dataloader: 0.009 (0.005)		Time Network: 1.140 (6.537)
Train Epoch: 16 [4992/9500 (53%)]		Loss: 17.938 (17.969)		Time Dataloader: 0.002 (0.005)		Time Network: 1.361 (6.471)
Train Epoch: 16 [5056/9500 (53%)]		Loss: 18.226 (17.973)		Time Dataloader: 0.003 (0.005)		Time Network: 0.505 (6.397)
Train Epoch: 16 [5120/9500 (54%)]		Loss: 17.913 (17.972)		Time Dataloader: 0.002 (0.005)		Time Network: 0.388 (6.322)
Train Epoch: 16 [5184/9500 (55%)]		Loss: 18.034 (17.973)		Time Dataloader: 0.002 (0.004)		Time Network: 0.209 (6.248)
Train Epoch: 16 [5248/9500 (55%)]		Loss: 18.035 (17.973)		Time Dataloader: 0.003 (0.004)		Time Network: 7.587 (6.264)
Train Epoch: 16 [5312/9500 (56%)]		Loss: 18.150 (17.975)		Time Dataloader: 0.002 (0.004)		Time Network: 22.008 (6.451)
Train Epoch: 16 [5376/9500 (57%)]		Loss: 18.228 (17.978)		Time Dataloader: 0.002 (0.004)		Time Network: 22.504 (6.640)
Train Epoch: 16 [5440/9500 (57%)]		Loss: 17.945 (17.978)		Time Dataloader: 0.003 (0.004)		Time Network: 15.876 (6.748)
Train Epoch: 16 [5504/9500 (58%)]		Loss: 18.157 (17.980)		Time Dataloader: 0.003 (0.004)		Time Network: 2.223 (6.696)
Train Epoch: 16 [5568/9500 (59%)]		Loss: 17.572 (17.975)		Time Dataloader: 0.004 (0.004)		Time Network: 4.023 (6.665)
Train Epoch: 16 [5632/9500 (59%)]		Loss: 18.355 (17.980)		Time Dataloader: 0.002 (0.004)		Time Network: 20.535 (6.821)
Train Epoch: 16 [5696/9500 (60%)]		Loss: 17.490 (17.974)		Time Dataloader: 0.009 (0.004)		Time Network: 20.783 (6.976)
Train Epoch: 16 [5760/9500 (61%)]		Loss: 17.850 (17.973)		Time Dataloader: 0.003 (0.004)		Time Network: 21.011 (7.130)
Train Epoch: 16 [5824/9500 (61%)]		Loss: 17.938 (17.972)		Time Dataloader: 0.002 (0.004)		Time Network: 21.219 (7.284)
Train Epoch: 16 [5888/9500 (62%)]		Loss: 18.174 (17.975)		Time Dataloader: 0.003 (0.004)		Time Network: 20.750 (7.428)
Train Epoch: 16 [5952/9500 (63%)]		Loss: 17.832 (17.973)		Time Dataloader: 0.002 (0.004)		Time Network: 20.381 (7.566)
Train Epoch: 16 [6016/9500 (63%)]		Loss: 18.601 (17.980)		Time Dataloader: 0.003 (0.004)		Time Network: 20.334 (7.701)
Train Epoch: 16 [6080/9500 (64%)]		Loss: 17.944 (17.979)		Time Dataloader: 0.003 (0.004)		Time Network: 21.035 (7.839)
Train Epoch: 16 [6144/9500 (65%)]		Loss: 18.332 (17.983)		Time Dataloader: 0.010 (0.004)		Time Network: 21.353 (7.979)
Train Epoch: 16 [6208/9500 (65%)]		Loss: 18.329 (17.987)		Time Dataloader: 0.002 (0.004)		Time Network: 21.210 (8.114)
Train Epoch: 16 [6272/9500 (66%)]		Loss: 18.089 (17.988)		Time Dataloader: 0.004 (0.004)		Time Network: 21.609 (8.250)
Train Epoch: 16 [6336/9500 (67%)]		Loss: 18.132 (17.989)		Time Dataloader: 0.002 (0.004)		Time Network: 22.191 (8.390)
Train Epoch: 16 [6400/9500 (67%)]		Loss: 17.913 (17.988)		Time Dataloader: 0.002 (0.004)		Time Network: 21.105 (8.515)
Train Epoch: 16 [6464/9500 (68%)]		Loss: 17.921 (17.988)		Time Dataloader: 0.003 (0.004)		Time Network: 20.754 (8.635)
Train Epoch: 16 [6528/9500 (69%)]		Loss: 17.756 (17.985)		Time Dataloader: 0.003 (0.004)		Time Network: 21.135 (8.757)
Train Epoch: 16 [6592/9500 (69%)]		Loss: 18.276 (17.988)		Time Dataloader: 0.003 (0.004)		Time Network: 19.028 (8.856)
Train Epoch: 16 [6656/9500 (70%)]		Loss: 17.666 (17.985)		Time Dataloader: 0.002 (0.004)		Time Network: 0.740 (8.778)
Train Epoch: 16 [6720/9500 (71%)]		Loss: 17.926 (17.985)		Time Dataloader: 0.002 (0.004)		Time Network: 0.654 (8.702)
Train Epoch: 16 [6784/9500 (71%)]		Loss: 17.960 (17.984)		Time Dataloader: 0.004 (0.004)		Time Network: 0.633 (8.626)
Train Epoch: 16 [6848/9500 (72%)]		Loss: 18.322 (17.987)		Time Dataloader: 0.003 (0.004)		Time Network: 20.561 (8.737)
Train Epoch: 16 [6912/9500 (73%)]		Loss: 18.220 (17.990)		Time Dataloader: 0.003 (0.004)		Time Network: 0.594 (8.662)
Train Epoch: 16 [6976/9500 (73%)]		Loss: 17.888 (17.989)		Time Dataloader: 0.002 (0.004)		Time Network: 2.149 (8.603)
Train Epoch: 16 [7040/9500 (74%)]		Loss: 17.924 (17.988)		Time Dataloader: 0.002 (0.004)		Time Network: 1.083 (8.535)
Train Epoch: 16 [7104/9500 (75%)]		Loss: 18.355 (17.991)		Time Dataloader: 0.002 (0.004)		Time Network: 0.759 (8.466)
Train Epoch: 16 [7168/9500 (75%)]		Loss: 17.772 (17.989)		Time Dataloader: 0.003 (0.004)		Time Network: 0.791 (8.398)
Train Epoch: 16 [7232/9500 (76%)]		Loss: 18.093 (17.990)		Time Dataloader: 0.002 (0.004)		Time Network: 0.440 (8.328)
Train Epoch: 16 [7296/9500 (77%)]		Loss: 17.954 (17.990)		Time Dataloader: 0.002 (0.004)		Time Network: 0.707 (8.262)
Train Epoch: 16 [7360/9500 (77%)]		Loss: 17.813 (17.988)		Time Dataloader: 0.003 (0.004)		Time Network: 0.083 (8.191)
Train Epoch: 16 [7424/9500 (78%)]		Loss: 17.615 (17.985)		Time Dataloader: 0.002 (0.004)		Time Network: 1.871 (8.137)
Train Epoch: 16 [7488/9500 (79%)]		Loss: 17.949 (17.985)		Time Dataloader: 0.003 (0.004)		Time Network: 0.321 (8.071)
Train Epoch: 16 [7552/9500 (79%)]		Loss: 18.023 (17.985)		Time Dataloader: 0.002 (0.004)		Time Network: 0.166 (8.004)
Train Epoch: 16 [7616/9500 (80%)]		Loss: 18.424 (17.989)		Time Dataloader: 0.002 (0.004)		Time Network: 0.410 (7.941)
Train Epoch: 16 [7680/9500 (81%)]		Loss: 17.372 (17.984)		Time Dataloader: 0.002 (0.004)		Time Network: 0.846 (7.882)
Train Epoch: 16 [7744/9500 (82%)]		Loss: 17.951 (17.984)		Time Dataloader: 0.002 (0.004)		Time Network: 0.584 (7.823)
Train Epoch: 16 [7808/9500 (82%)]		Loss: 18.413 (17.987)		Time Dataloader: 0.002 (0.004)		Time Network: 0.469 (7.763)
Train Epoch: 16 [7872/9500 (83%)]		Loss: 18.261 (17.989)		Time Dataloader: 0.004 (0.004)		Time Network: 1.031 (7.709)
Train Epoch: 16 [7936/9500 (84%)]		Loss: 18.011 (17.989)		Time Dataloader: 0.002 (0.004)		Time Network: 0.069 (7.647)
Train Epoch: 16 [8000/9500 (84%)]		Loss: 17.968 (17.989)		Time Dataloader: 0.002 (0.004)		Time Network: 0.909 (7.594)
Train Epoch: 16 [8064/9500 (85%)]		Loss: 18.420 (17.993)		Time Dataloader: 0.002 (0.004)		Time Network: 0.446 (7.538)
Train Epoch: 16 [8128/9500 (86%)]		Loss: 18.274 (17.995)		Time Dataloader: 0.003 (0.004)		Time Network: 0.302 (7.481)
Train Epoch: 16 [8192/9500 (86%)]		Loss: 18.159 (17.996)		Time Dataloader: 0.002 (0.004)		Time Network: 0.882 (7.430)
Train Epoch: 16 [8256/9500 (87%)]		Loss: 18.071 (17.997)		Time Dataloader: 0.002 (0.004)		Time Network: 1.249 (7.382)
Train Epoch: 16 [8320/9500 (88%)]		Loss: 17.953 (17.996)		Time Dataloader: 0.002 (0.004)		Time Network: 0.255 (7.328)
Train Epoch: 16 [8384/9500 (88%)]		Loss: 18.251 (17.998)		Time Dataloader: 0.002 (0.004)		Time Network: 1.023 (7.280)
Train Epoch: 16 [8448/9500 (89%)]		Loss: 18.057 (17.999)		Time Dataloader: 0.002 (0.004)		Time Network: 0.105 (7.226)
Train Epoch: 16 [8512/9500 (90%)]		Loss: 18.023 (17.999)		Time Dataloader: 0.002 (0.004)		Time Network: 0.744 (7.178)
Train Epoch: 16 [8576/9500 (90%)]		Loss: 17.851 (17.998)		Time Dataloader: 0.002 (0.004)		Time Network: 0.369 (7.128)
Train Epoch: 16 [8640/9500 (91%)]		Loss: 17.852 (17.997)		Time Dataloader: 0.003 (0.004)		Time Network: 0.116 (7.076)
Train Epoch: 16 [8704/9500 (92%)]		Loss: 18.297 (17.999)		Time Dataloader: 0.005 (0.004)		Time Network: 0.276 (7.026)
Train Epoch: 16 [8768/9500 (92%)]		Loss: 17.351 (17.994)		Time Dataloader: 0.001 (0.004)		Time Network: 0.064 (6.976)
Train Epoch: 16 [8832/9500 (93%)]		Loss: 17.888 (17.993)		Time Dataloader: 0.002 (0.004)		Time Network: 0.063 (6.926)
Train Epoch: 16 [8896/9500 (94%)]		Loss: 17.951 (17.993)		Time Dataloader: 0.002 (0.004)		Time Network: 0.076 (6.877)
Train Epoch: 16 [8960/9500 (94%)]		Loss: 18.189 (17.995)		Time Dataloader: 0.002 (0.004)		Time Network: 0.061 (6.829)
Train Epoch: 16 [9024/9500 (95%)]		Loss: 17.976 (17.994)		Time Dataloader: 0.002 (0.004)		Time Network: 0.067 (6.781)
Train Epoch: 16 [9088/9500 (96%)]		Loss: 18.063 (17.995)		Time Dataloader: 0.002 (0.004)		Time Network: 0.067 (6.734)
Train Epoch: 16 [9152/9500 (96%)]		Loss: 18.050 (17.995)		Time Dataloader: 0.002 (0.004)		Time Network: 0.058 (6.688)
Train Epoch: 16 [9216/9500 (97%)]		Loss: 17.662 (17.993)		Time Dataloader: 0.002 (0.004)		Time Network: 0.202 (6.643)
Train Epoch: 16 [9280/9500 (98%)]		Loss: 17.911 (17.992)		Time Dataloader: 0.002 (0.004)		Time Network: 0.060 (6.598)
Train Epoch: 16 [9344/9500 (98%)]		Loss: 17.791 (17.991)		Time Dataloader: 0.002 (0.004)		Time Network: 0.056 (6.554)
Train Epoch: 16 [9408/9500 (99%)]		Loss: 18.212 (17.993)		Time Dataloader: 0.002 (0.004)		Time Network: 0.179 (6.511)
Train Epoch: 16 [9472/9500 (100%)]		Loss: 18.213 (17.993)		Time Dataloader: 0.002 (0.004)		Time Network: 0.050 (6.467)
Done. This took 16: 4 min.
Start testing epoch 16
Test Epoch: 16 [0/500 (0%)]		Loss: 18.021 (18.021)		Time Dataloader: 0.098 (0.098)		Time Network: 0.178 (0.178)
Test Epoch: 16 [64/500 (13%)]		Loss: 18.162 (18.091)		Time Dataloader: 0.005 (0.052)		Time Network: 0.063 (0.120)
Test Epoch: 16 [128/500 (26%)]		Loss: 18.202 (18.128)		Time Dataloader: 0.004 (0.036)		Time Network: 0.026 (0.089)
Test Epoch: 16 [192/500 (38%)]		Loss: 18.296 (18.170)		Time Dataloader: 0.001 (0.027)		Time Network: 0.040 (0.077)
Test Epoch: 16 [256/500 (51%)]		Loss: 18.094 (18.155)		Time Dataloader: 0.001 (0.022)		Time Network: 3.132 (0.688)
Test Epoch: 16 [320/500 (64%)]		Loss: 18.048 (18.137)		Time Dataloader: 0.002 (0.018)		Time Network: 3.064 (1.084)
Test Epoch: 16 [384/500 (77%)]		Loss: 18.032 (18.122)		Time Dataloader: 0.003 (0.016)		Time Network: 3.374 (1.411)
Test Epoch: 16 [448/500 (90%)]		Loss: 17.927 (18.102)		Time Dataloader: 0.003 (0.015)		Time Network: 3.159 (1.629)
Done. This took  0:13 min.
Saving model to training/model_latest.pt. Done.
Finished training epoch 16.


Start training epoch 17 with lr [9.549150281252635e-06]
Train Epoch: 17 [0/9500 (0%)]		Loss: 17.954 (17.954)		Time Dataloader: 0.079 (0.079)		Time Network: 8.115 (8.115)
Train Epoch: 17 [64/9500 (1%)]		Loss: 17.939 (17.946)		Time Dataloader: 0.002 (0.041)		Time Network: 20.347 (14.231)
Train Epoch: 17 [128/9500 (1%)]		Loss: 17.791 (17.895)		Time Dataloader: 0.001 (0.027)		Time Network: 1.781 (10.081)
Train Epoch: 17 [192/9500 (2%)]		Loss: 18.160 (17.961)		Time Dataloader: 0.008 (0.023)		Time Network: 0.128 (7.593)
Train Epoch: 17 [256/9500 (3%)]		Loss: 17.674 (17.904)		Time Dataloader: 0.001 (0.018)		Time Network: 0.291 (6.133)
Train Epoch: 17 [320/9500 (3%)]		Loss: 17.734 (17.875)		Time Dataloader: 0.001 (0.016)		Time Network: 0.143 (5.134)
Train Epoch: 17 [384/9500 (4%)]		Loss: 18.413 (17.952)		Time Dataloader: 0.010 (0.015)		Time Network: 20.688 (7.356)
Train Epoch: 17 [448/9500 (5%)]		Loss: 18.232 (17.987)		Time Dataloader: 0.002 (0.013)		Time Network: 20.331 (8.978)
Train Epoch: 17 [512/9500 (5%)]		Loss: 17.777 (17.964)		Time Dataloader: 0.002 (0.012)		Time Network: 19.925 (10.194)
Train Epoch: 17 [576/9500 (6%)]		Loss: 17.862 (17.954)		Time Dataloader: 0.002 (0.011)		Time Network: 20.431 (11.218)
Train Epoch: 17 [640/9500 (7%)]		Loss: 17.571 (17.919)		Time Dataloader: 0.001 (0.010)		Time Network: 0.873 (10.278)
Train Epoch: 17 [704/9500 (7%)]		Loss: 17.689 (17.900)		Time Dataloader: 0.004 (0.010)		Time Network: 20.272 (11.111)
Train Epoch: 17 [768/9500 (8%)]		Loss: 17.945 (17.903)		Time Dataloader: 0.003 (0.009)		Time Network: 0.431 (10.289)
Train Epoch: 17 [832/9500 (9%)]		Loss: 17.753 (17.893)		Time Dataloader: 0.002 (0.009)		Time Network: 0.109 (9.562)
Train Epoch: 17 [896/9500 (9%)]		Loss: 17.775 (17.885)		Time Dataloader: 0.002 (0.008)		Time Network: 0.687 (8.970)
Train Epoch: 17 [960/9500 (10%)]		Loss: 17.778 (17.878)		Time Dataloader: 0.002 (0.008)		Time Network: 0.240 (8.425)
Train Epoch: 17 [1024/9500 (11%)]		Loss: 17.899 (17.879)		Time Dataloader: 0.002 (0.007)		Time Network: 0.289 (7.946)
Train Epoch: 17 [1088/9500 (11%)]		Loss: 17.817 (17.876)		Time Dataloader: 0.002 (0.007)		Time Network: 0.466 (7.530)
Train Epoch: 17 [1152/9500 (12%)]		Loss: 17.679 (17.865)		Time Dataloader: 0.002 (0.007)		Time Network: 0.787 (7.176)
Train Epoch: 17 [1216/9500 (13%)]		Loss: 18.020 (17.873)		Time Dataloader: 0.002 (0.007)		Time Network: 0.619 (6.848)
Train Epoch: 17 [1280/9500 (13%)]		Loss: 18.117 (17.885)		Time Dataloader: 0.002 (0.006)		Time Network: 1.625 (6.599)
Train Epoch: 17 [1344/9500 (14%)]		Loss: 18.084 (17.894)		Time Dataloader: 0.002 (0.006)		Time Network: 0.241 (6.310)
Train Epoch: 17 [1408/9500 (15%)]		Loss: 18.333 (17.913)		Time Dataloader: 0.005 (0.006)		Time Network: 2.220 (6.132)
Train Epoch: 17 [1472/9500 (15%)]		Loss: 18.157 (17.923)		Time Dataloader: 0.002 (0.006)		Time Network: 1.842 (5.953)
Train Epoch: 17 [1536/9500 (16%)]		Loss: 17.927 (17.923)		Time Dataloader: 0.002 (0.006)		Time Network: 2.556 (5.818)
Train Epoch: 17 [1600/9500 (17%)]		Loss: 18.017 (17.927)		Time Dataloader: 0.003 (0.006)		Time Network: 23.115 (6.483)
Train Epoch: 17 [1664/9500 (18%)]		Loss: 18.015 (17.930)		Time Dataloader: 0.003 (0.006)		Time Network: 6.072 (6.468)
Train Epoch: 17 [1728/9500 (18%)]		Loss: 18.162 (17.938)		Time Dataloader: 0.003 (0.006)		Time Network: 0.636 (6.259)
Train Epoch: 17 [1792/9500 (19%)]		Loss: 17.631 (17.928)		Time Dataloader: 0.003 (0.005)		Time Network: 0.156 (6.049)
Train Epoch: 17 [1856/9500 (20%)]		Loss: 17.800 (17.924)		Time Dataloader: 0.002 (0.005)		Time Network: 0.828 (5.875)
Train Epoch: 17 [1920/9500 (20%)]		Loss: 18.330 (17.937)		Time Dataloader: 0.003 (0.005)		Time Network: 0.115 (5.689)
Train Epoch: 17 [1984/9500 (21%)]		Loss: 18.086 (17.941)		Time Dataloader: 0.002 (0.005)		Time Network: 0.868 (5.538)
Train Epoch: 17 [2048/9500 (22%)]		Loss: 17.852 (17.939)		Time Dataloader: 0.002 (0.005)		Time Network: 0.208 (5.377)
Train Epoch: 17 [2112/9500 (22%)]		Loss: 18.061 (17.942)		Time Dataloader: 0.003 (0.005)		Time Network: 0.255 (5.226)
Train Epoch: 17 [2176/9500 (23%)]		Loss: 18.074 (17.946)		Time Dataloader: 0.002 (0.005)		Time Network: 0.215 (5.083)
Train Epoch: 17 [2240/9500 (24%)]		Loss: 17.618 (17.937)		Time Dataloader: 0.002 (0.005)		Time Network: 0.260 (4.949)
Train Epoch: 17 [2304/9500 (24%)]		Loss: 17.780 (17.933)		Time Dataloader: 0.002 (0.005)		Time Network: 2.204 (4.875)
Train Epoch: 17 [2368/9500 (25%)]		Loss: 17.989 (17.934)		Time Dataloader: 0.003 (0.005)		Time Network: 0.461 (4.759)
Train Epoch: 17 [2432/9500 (26%)]		Loss: 17.750 (17.929)		Time Dataloader: 0.002 (0.005)		Time Network: 0.540 (4.651)
Train Epoch: 17 [2496/9500 (26%)]		Loss: 18.318 (17.939)		Time Dataloader: 0.002 (0.005)		Time Network: 0.470 (4.546)
Train Epoch: 17 [2560/9500 (27%)]		Loss: 18.350 (17.949)		Time Dataloader: 0.002 (0.004)		Time Network: 1.377 (4.469)
Train Epoch: 17 [2624/9500 (28%)]		Loss: 17.843 (17.947)		Time Dataloader: 0.010 (0.005)		Time Network: 1.401 (4.396)
Train Epoch: 17 [2688/9500 (28%)]		Loss: 17.511 (17.937)		Time Dataloader: 0.002 (0.005)		Time Network: 1.558 (4.330)
Train Epoch: 17 [2752/9500 (29%)]		Loss: 17.909 (17.936)		Time Dataloader: 0.002 (0.005)		Time Network: 19.270 (4.669)
Train Epoch: 17 [2816/9500 (30%)]		Loss: 18.035 (17.938)		Time Dataloader: 0.010 (0.005)		Time Network: 21.452 (5.042)
Train Epoch: 17 [2880/9500 (30%)]		Loss: 17.620 (17.931)		Time Dataloader: 0.002 (0.005)		Time Network: 21.380 (5.397)
Train Epoch: 17 [2944/9500 (31%)]		Loss: 17.974 (17.932)		Time Dataloader: 0.003 (0.005)		Time Network: 8.775 (5.469)
Train Epoch: 17 [3008/9500 (32%)]		Loss: 17.640 (17.926)		Time Dataloader: 0.002 (0.004)		Time Network: 22.812 (5.831)
Train Epoch: 17 [3072/9500 (32%)]		Loss: 17.627 (17.920)		Time Dataloader: 0.016 (0.005)		Time Network: 2.549 (5.764)
Train Epoch: 17 [3136/9500 (33%)]		Loss: 18.083 (17.923)		Time Dataloader: 0.003 (0.005)		Time Network: 22.089 (6.090)
Train Epoch: 17 [3200/9500 (34%)]		Loss: 17.700 (17.919)		Time Dataloader: 0.003 (0.005)		Time Network: 6.268 (6.094)
Train Epoch: 17 [3264/9500 (34%)]		Loss: 17.885 (17.918)		Time Dataloader: 0.002 (0.005)		Time Network: 4.947 (6.072)
Train Epoch: 17 [3328/9500 (35%)]		Loss: 18.125 (17.922)		Time Dataloader: 0.002 (0.005)		Time Network: 0.353 (5.964)
Train Epoch: 17 [3392/9500 (36%)]		Loss: 18.314 (17.929)		Time Dataloader: 0.002 (0.005)		Time Network: 1.030 (5.872)
Train Epoch: 17 [3456/9500 (36%)]		Loss: 17.648 (17.924)		Time Dataloader: 0.003 (0.005)		Time Network: 0.235 (5.770)
Train Epoch: 17 [3520/9500 (37%)]		Loss: 17.863 (17.923)		Time Dataloader: 0.002 (0.004)		Time Network: 1.697 (5.697)
Train Epoch: 17 [3584/9500 (38%)]		Loss: 18.314 (17.930)		Time Dataloader: 0.002 (0.004)		Time Network: 0.574 (5.607)
Train Epoch: 17 [3648/9500 (38%)]		Loss: 17.506 (17.923)		Time Dataloader: 0.002 (0.004)		Time Network: 0.159 (5.513)
Train Epoch: 17 [3712/9500 (39%)]		Loss: 17.820 (17.921)		Time Dataloader: 0.002 (0.004)		Time Network: 0.152 (5.422)
Train Epoch: 17 [3776/9500 (40%)]		Loss: 17.650 (17.916)		Time Dataloader: 0.002 (0.004)		Time Network: 0.213 (5.336)
Train Epoch: 17 [3840/9500 (40%)]		Loss: 17.666 (17.912)		Time Dataloader: 0.002 (0.004)		Time Network: 0.362 (5.254)
Train Epoch: 17 [3904/9500 (41%)]		Loss: 17.933 (17.913)		Time Dataloader: 0.003 (0.004)		Time Network: 0.699 (5.181)
Train Epoch: 17 [3968/9500 (42%)]		Loss: 18.069 (17.915)		Time Dataloader: 0.002 (0.004)		Time Network: 0.348 (5.104)
Train Epoch: 17 [4032/9500 (42%)]		Loss: 18.097 (17.918)		Time Dataloader: 0.002 (0.004)		Time Network: 0.195 (5.027)
Train Epoch: 17 [4096/9500 (43%)]		Loss: 17.716 (17.915)		Time Dataloader: 0.002 (0.004)		Time Network: 0.279 (4.954)
Train Epoch: 17 [4160/9500 (44%)]		Loss: 17.796 (17.913)		Time Dataloader: 0.002 (0.004)		Time Network: 0.246 (4.883)
Train Epoch: 17 [4224/9500 (44%)]		Loss: 18.114 (17.916)		Time Dataloader: 0.003 (0.004)		Time Network: 0.471 (4.817)
Train Epoch: 17 [4288/9500 (45%)]		Loss: 18.271 (17.921)		Time Dataloader: 0.002 (0.004)		Time Network: 0.206 (4.749)
Train Epoch: 17 [4352/9500 (46%)]		Loss: 17.374 (17.913)		Time Dataloader: 0.003 (0.004)		Time Network: 0.447 (4.687)
Train Epoch: 17 [4416/9500 (46%)]		Loss: 18.025 (17.915)		Time Dataloader: 0.003 (0.004)		Time Network: 0.217 (4.623)
Train Epoch: 17 [4480/9500 (47%)]		Loss: 18.237 (17.919)		Time Dataloader: 0.004 (0.004)		Time Network: 0.364 (4.563)
Train Epoch: 17 [4544/9500 (48%)]		Loss: 18.706 (17.930)		Time Dataloader: 0.002 (0.004)		Time Network: 0.811 (4.511)
Train Epoch: 17 [4608/9500 (49%)]		Loss: 18.089 (17.933)		Time Dataloader: 0.003 (0.004)		Time Network: 0.976 (4.462)
Train Epoch: 17 [4672/9500 (49%)]		Loss: 18.078 (17.935)		Time Dataloader: 0.003 (0.004)		Time Network: 0.405 (4.408)
Train Epoch: 17 [4736/9500 (50%)]		Loss: 18.126 (17.937)		Time Dataloader: 0.003 (0.004)		Time Network: 0.686 (4.358)
Train Epoch: 17 [4800/9500 (51%)]		Loss: 18.120 (17.939)		Time Dataloader: 0.002 (0.004)		Time Network: 0.234 (4.304)
Train Epoch: 17 [4864/9500 (51%)]		Loss: 17.941 (17.940)		Time Dataloader: 0.002 (0.004)		Time Network: 0.383 (4.253)
Train Epoch: 17 [4928/9500 (52%)]		Loss: 17.840 (17.938)		Time Dataloader: 0.003 (0.004)		Time Network: 0.146 (4.200)
Train Epoch: 17 [4992/9500 (53%)]		Loss: 18.146 (17.941)		Time Dataloader: 0.003 (0.004)		Time Network: 0.270 (4.150)
Train Epoch: 17 [5056/9500 (53%)]		Loss: 18.045 (17.942)		Time Dataloader: 0.003 (0.004)		Time Network: 0.149 (4.100)
Train Epoch: 17 [5120/9500 (54%)]		Loss: 18.671 (17.951)		Time Dataloader: 0.003 (0.004)		Time Network: 0.195 (4.052)
Train Epoch: 17 [5184/9500 (55%)]		Loss: 17.728 (17.948)		Time Dataloader: 0.002 (0.004)		Time Network: 0.328 (4.007)
Train Epoch: 17 [5248/9500 (55%)]		Loss: 17.806 (17.947)		Time Dataloader: 0.003 (0.004)		Time Network: 0.136 (3.960)
Train Epoch: 17 [5312/9500 (56%)]		Loss: 18.066 (17.948)		Time Dataloader: 0.002 (0.004)		Time Network: 0.317 (3.917)
Train Epoch: 17 [5376/9500 (57%)]		Loss: 17.846 (17.947)		Time Dataloader: 0.002 (0.004)		Time Network: 1.582 (3.889)
Train Epoch: 17 [5440/9500 (57%)]		Loss: 18.064 (17.948)		Time Dataloader: 0.002 (0.004)		Time Network: 0.382 (3.848)
Train Epoch: 17 [5504/9500 (58%)]		Loss: 18.258 (17.952)		Time Dataloader: 0.003 (0.004)		Time Network: 1.738 (3.824)
Train Epoch: 17 [5568/9500 (59%)]		Loss: 18.038 (17.953)		Time Dataloader: 0.002 (0.004)		Time Network: 0.447 (3.786)
Train Epoch: 17 [5632/9500 (59%)]		Loss: 17.657 (17.950)		Time Dataloader: 0.003 (0.004)		Time Network: 2.052 (3.766)
Train Epoch: 17 [5696/9500 (60%)]		Loss: 17.874 (17.949)		Time Dataloader: 0.003 (0.004)		Time Network: 1.945 (3.746)
Train Epoch: 17 [5760/9500 (61%)]		Loss: 18.334 (17.953)		Time Dataloader: 0.004 (0.004)		Time Network: 0.274 (3.708)
Train Epoch: 17 [5824/9500 (61%)]		Loss: 17.296 (17.946)		Time Dataloader: 0.007 (0.004)		Time Network: 1.722 (3.686)
Train Epoch: 17 [5888/9500 (62%)]		Loss: 17.820 (17.944)		Time Dataloader: 0.004 (0.004)		Time Network: 21.346 (3.876)
Train Epoch: 17 [5952/9500 (63%)]		Loss: 17.682 (17.942)		Time Dataloader: 0.003 (0.004)		Time Network: 20.980 (4.058)
Train Epoch: 17 [6016/9500 (63%)]		Loss: 17.667 (17.939)		Time Dataloader: 0.002 (0.004)		Time Network: 3.836 (4.056)
Train Epoch: 17 [6080/9500 (64%)]		Loss: 17.720 (17.936)		Time Dataloader: 0.002 (0.004)		Time Network: 0.265 (4.016)
Train Epoch: 17 [6144/9500 (65%)]		Loss: 18.187 (17.939)		Time Dataloader: 0.002 (0.004)		Time Network: 18.171 (4.162)
Train Epoch: 17 [6208/9500 (65%)]		Loss: 18.006 (17.940)		Time Dataloader: 0.007 (0.004)		Time Network: 5.664 (4.178)
Train Epoch: 17 [6272/9500 (66%)]		Loss: 17.760 (17.938)		Time Dataloader: 0.003 (0.004)		Time Network: 0.449 (4.140)
Train Epoch: 17 [6336/9500 (67%)]		Loss: 17.903 (17.938)		Time Dataloader: 0.003 (0.004)		Time Network: 0.489 (4.103)
Train Epoch: 17 [6400/9500 (67%)]		Loss: 18.115 (17.939)		Time Dataloader: 0.003 (0.004)		Time Network: 1.186 (4.075)
Train Epoch: 17 [6464/9500 (68%)]		Loss: 18.398 (17.944)		Time Dataloader: 0.002 (0.004)		Time Network: 21.581 (4.246)
Train Epoch: 17 [6528/9500 (69%)]		Loss: 18.399 (17.948)		Time Dataloader: 0.003 (0.004)		Time Network: 1.684 (4.221)
Train Epoch: 17 [6592/9500 (69%)]		Loss: 18.194 (17.951)		Time Dataloader: 0.002 (0.004)		Time Network: 0.925 (4.190)
Train Epoch: 17 [6656/9500 (70%)]		Loss: 17.931 (17.950)		Time Dataloader: 0.010 (0.004)		Time Network: 0.180 (4.151)
Train Epoch: 17 [6720/9500 (71%)]		Loss: 17.978 (17.951)		Time Dataloader: 0.003 (0.004)		Time Network: 1.088 (4.123)
Train Epoch: 17 [6784/9500 (71%)]		Loss: 18.014 (17.951)		Time Dataloader: 0.003 (0.004)		Time Network: 1.352 (4.097)
Train Epoch: 17 [6848/9500 (72%)]		Loss: 17.416 (17.946)		Time Dataloader: 0.003 (0.004)		Time Network: 3.282 (4.089)
Train Epoch: 17 [6912/9500 (73%)]		Loss: 18.399 (17.950)		Time Dataloader: 0.002 (0.004)		Time Network: 0.671 (4.058)
Train Epoch: 17 [6976/9500 (73%)]		Loss: 18.516 (17.956)		Time Dataloader: 0.002 (0.004)		Time Network: 0.958 (4.030)
Train Epoch: 17 [7040/9500 (74%)]		Loss: 18.099 (17.957)		Time Dataloader: 0.003 (0.004)		Time Network: 0.487 (3.998)
Train Epoch: 17 [7104/9500 (75%)]		Loss: 17.895 (17.956)		Time Dataloader: 0.002 (0.004)		Time Network: 0.377 (3.965)
Train Epoch: 17 [7168/9500 (75%)]		Loss: 17.828 (17.955)		Time Dataloader: 0.003 (0.004)		Time Network: 0.119 (3.931)
Train Epoch: 17 [7232/9500 (76%)]		Loss: 17.851 (17.954)		Time Dataloader: 0.003 (0.004)		Time Network: 0.182 (3.898)
Train Epoch: 17 [7296/9500 (77%)]		Loss: 18.473 (17.959)		Time Dataloader: 0.002 (0.004)		Time Network: 0.416 (3.868)
Train Epoch: 17 [7360/9500 (77%)]		Loss: 17.937 (17.959)		Time Dataloader: 0.003 (0.004)		Time Network: 0.150 (3.836)
Train Epoch: 17 [7424/9500 (78%)]		Loss: 17.602 (17.956)		Time Dataloader: 0.002 (0.004)		Time Network: 1.520 (3.816)
Train Epoch: 17 [7488/9500 (79%)]		Loss: 17.947 (17.956)		Time Dataloader: 0.004 (0.004)		Time Network: 0.496 (3.788)
Train Epoch: 17 [7552/9500 (79%)]		Loss: 18.127 (17.957)		Time Dataloader: 0.011 (0.004)		Time Network: 1.778 (3.771)
Train Epoch: 17 [7616/9500 (80%)]		Loss: 17.716 (17.955)		Time Dataloader: 0.003 (0.004)		Time Network: 0.901 (3.747)
Train Epoch: 17 [7680/9500 (81%)]		Loss: 18.290 (17.958)		Time Dataloader: 0.002 (0.004)		Time Network: 1.898 (3.732)
Train Epoch: 17 [7744/9500 (82%)]		Loss: 17.649 (17.955)		Time Dataloader: 0.003 (0.004)		Time Network: 3.007 (3.726)
Train Epoch: 17 [7808/9500 (82%)]		Loss: 17.987 (17.955)		Time Dataloader: 0.003 (0.004)		Time Network: 5.105 (3.737)
Train Epoch: 17 [7872/9500 (83%)]		Loss: 17.962 (17.955)		Time Dataloader: 0.002 (0.004)		Time Network: 0.868 (3.714)
Train Epoch: 17 [7936/9500 (84%)]		Loss: 18.141 (17.957)		Time Dataloader: 0.002 (0.004)		Time Network: 3.024 (3.709)
Train Epoch: 17 [8000/9500 (84%)]		Loss: 17.942 (17.957)		Time Dataloader: 0.003 (0.004)		Time Network: 21.933 (3.853)
Train Epoch: 17 [8064/9500 (85%)]		Loss: 18.559 (17.962)		Time Dataloader: 0.002 (0.004)		Time Network: 4.398 (3.858)
Train Epoch: 17 [8128/9500 (86%)]		Loss: 17.975 (17.962)		Time Dataloader: 0.003 (0.004)		Time Network: 1.582 (3.840)
Train Epoch: 17 [8192/9500 (86%)]		Loss: 17.927 (17.961)		Time Dataloader: 0.003 (0.004)		Time Network: 4.809 (3.847)
Train Epoch: 17 [8256/9500 (87%)]		Loss: 17.923 (17.961)		Time Dataloader: 0.011 (0.004)		Time Network: 21.587 (3.984)
Train Epoch: 17 [8320/9500 (88%)]		Loss: 18.268 (17.963)		Time Dataloader: 0.008 (0.004)		Time Network: 21.248 (4.116)
Train Epoch: 17 [8384/9500 (88%)]		Loss: 18.025 (17.964)		Time Dataloader: 0.009 (0.004)		Time Network: 20.063 (4.236)
Train Epoch: 17 [8448/9500 (89%)]		Loss: 18.231 (17.966)		Time Dataloader: 0.002 (0.004)		Time Network: 17.657 (4.337)
Train Epoch: 17 [8512/9500 (90%)]		Loss: 18.430 (17.969)		Time Dataloader: 0.002 (0.004)		Time Network: 22.676 (4.474)
Train Epoch: 17 [8576/9500 (90%)]		Loss: 17.802 (17.968)		Time Dataloader: 0.002 (0.004)		Time Network: 21.652 (4.601)
Train Epoch: 17 [8640/9500 (91%)]		Loss: 17.745 (17.967)		Time Dataloader: 0.002 (0.004)		Time Network: 21.831 (4.728)
Train Epoch: 17 [8704/9500 (92%)]		Loss: 18.280 (17.969)		Time Dataloader: 0.011 (0.004)		Time Network: 21.156 (4.848)
Train Epoch: 17 [8768/9500 (92%)]		Loss: 18.008 (17.969)		Time Dataloader: 0.008 (0.004)		Time Network: 20.964 (4.965)
Train Epoch: 17 [8832/9500 (93%)]		Loss: 18.157 (17.970)		Time Dataloader: 0.002 (0.004)		Time Network: 9.112 (4.995)
Train Epoch: 17 [8896/9500 (94%)]		Loss: 17.928 (17.970)		Time Dataloader: 0.003 (0.004)		Time Network: 20.765 (5.107)
Train Epoch: 17 [8960/9500 (94%)]		Loss: 18.353 (17.973)		Time Dataloader: 0.002 (0.004)		Time Network: 21.279 (5.222)
Train Epoch: 17 [9024/9500 (95%)]		Loss: 17.882 (17.972)		Time Dataloader: 0.002 (0.004)		Time Network: 22.300 (5.342)
Train Epoch: 17 [9088/9500 (96%)]		Loss: 18.038 (17.973)		Time Dataloader: 0.003 (0.004)		Time Network: 21.027 (5.452)
Train Epoch: 17 [9152/9500 (96%)]		Loss: 17.730 (17.971)		Time Dataloader: 0.002 (0.004)		Time Network: 0.862 (5.420)
Train Epoch: 17 [9216/9500 (97%)]		Loss: 17.812 (17.970)		Time Dataloader: 0.002 (0.004)		Time Network: 0.077 (5.383)
Train Epoch: 17 [9280/9500 (98%)]		Loss: 17.626 (17.968)		Time Dataloader: 0.005 (0.004)		Time Network: 0.269 (5.348)
Train Epoch: 17 [9344/9500 (98%)]		Loss: 18.069 (17.968)		Time Dataloader: 0.002 (0.004)		Time Network: 20.993 (5.455)
Train Epoch: 17 [9408/9500 (99%)]		Loss: 18.190 (17.970)		Time Dataloader: 0.003 (0.004)		Time Network: 21.232 (5.561)
Train Epoch: 17 [9472/9500 (100%)]		Loss: 17.676 (17.969)		Time Dataloader: 0.002 (0.004)		Time Network: 18.326 (5.647)
Done. This took 14: 2 min.
Start testing epoch 17
Test Epoch: 17 [0/500 (0%)]		Loss: 17.816 (17.816)		Time Dataloader: 0.116 (0.116)		Time Network: 3.555 (3.555)
Test Epoch: 17 [64/500 (13%)]		Loss: 18.405 (18.110)		Time Dataloader: 0.001 (0.058)		Time Network: 3.165 (3.360)
Test Epoch: 17 [128/500 (26%)]		Loss: 18.148 (18.123)		Time Dataloader: 0.001 (0.039)		Time Network: 3.191 (3.304)
Test Epoch: 17 [192/500 (38%)]		Loss: 18.420 (18.197)		Time Dataloader: 0.001 (0.030)		Time Network: 3.298 (3.303)
Test Epoch: 17 [256/500 (51%)]		Loss: 18.196 (18.197)		Time Dataloader: 0.002 (0.024)		Time Network: 3.761 (3.394)
Test Epoch: 17 [320/500 (64%)]		Loss: 17.910 (18.149)		Time Dataloader: 0.002 (0.020)		Time Network: 3.525 (3.416)
Test Epoch: 17 [384/500 (77%)]		Loss: 18.233 (18.161)		Time Dataloader: 0.004 (0.018)		Time Network: 3.446 (3.420)
Test Epoch: 17 [448/500 (90%)]		Loss: 17.864 (18.130)		Time Dataloader: 0.001 (0.016)		Time Network: 3.360 (3.413)
Done. This took  0:27 min.
Saving model to training/model_latest.pt. Done.
Finished training epoch 17.


Start training epoch 18 with lr [5.4496737905816115e-06]
Train Epoch: 18 [0/9500 (0%)]		Loss: 18.308 (18.308)		Time Dataloader: 0.169 (0.169)		Time Network: 19.609 (19.609)
Train Epoch: 18 [64/9500 (1%)]		Loss: 18.292 (18.300)		Time Dataloader: 0.005 (0.087)		Time Network: 21.980 (20.795)
Train Epoch: 18 [128/9500 (1%)]		Loss: 17.688 (18.096)		Time Dataloader: 0.001 (0.058)		Time Network: 17.395 (19.661)
Train Epoch: 18 [192/9500 (2%)]		Loss: 18.122 (18.103)		Time Dataloader: 0.003 (0.044)		Time Network: 22.271 (20.314)
Train Epoch: 18 [256/9500 (3%)]		Loss: 17.916 (18.065)		Time Dataloader: 0.001 (0.036)		Time Network: 8.046 (17.860)
Train Epoch: 18 [320/9500 (3%)]		Loss: 17.955 (18.047)		Time Dataloader: 0.001 (0.030)		Time Network: 0.195 (14.916)
Train Epoch: 18 [384/9500 (4%)]		Loss: 17.351 (17.947)		Time Dataloader: 0.012 (0.027)		Time Network: 1.371 (12.981)
Train Epoch: 18 [448/9500 (5%)]		Loss: 17.762 (17.924)		Time Dataloader: 0.004 (0.024)		Time Network: 1.070 (11.492)
Train Epoch: 18 [512/9500 (5%)]		Loss: 18.120 (17.946)		Time Dataloader: 0.002 (0.022)		Time Network: 21.591 (12.614)
Train Epoch: 18 [576/9500 (6%)]		Loss: 17.940 (17.945)		Time Dataloader: 0.001 (0.020)		Time Network: 2.932 (11.646)
Train Epoch: 18 [640/9500 (7%)]		Loss: 17.229 (17.880)		Time Dataloader: 0.002 (0.018)		Time Network: 22.158 (12.602)
Train Epoch: 18 [704/9500 (7%)]		Loss: 17.864 (17.879)		Time Dataloader: 0.002 (0.017)		Time Network: 22.300 (13.410)
Train Epoch: 18 [768/9500 (8%)]		Loss: 17.960 (17.885)		Time Dataloader: 0.004 (0.016)		Time Network: 22.856 (14.136)
Train Epoch: 18 [832/9500 (9%)]		Loss: 18.109 (17.901)		Time Dataloader: 0.005 (0.015)		Time Network: 24.001 (14.841)
Train Epoch: 18 [896/9500 (9%)]		Loss: 17.842 (17.897)		Time Dataloader: 0.005 (0.014)		Time Network: 23.559 (15.422)
Train Epoch: 18 [960/9500 (10%)]		Loss: 18.278 (17.921)		Time Dataloader: 0.004 (0.014)		Time Network: 21.999 (15.833)
Train Epoch: 18 [1024/9500 (11%)]		Loss: 17.947 (17.923)		Time Dataloader: 0.003 (0.013)		Time Network: 21.808 (16.185)
Train Epoch: 18 [1088/9500 (11%)]		Loss: 17.924 (17.923)		Time Dataloader: 0.010 (0.013)		Time Network: 24.330 (16.637)
Train Epoch: 18 [1152/9500 (12%)]		Loss: 17.778 (17.915)		Time Dataloader: 0.003 (0.012)		Time Network: 25.032 (17.079)
Train Epoch: 18 [1216/9500 (13%)]		Loss: 18.397 (17.939)		Time Dataloader: 0.003 (0.012)		Time Network: 24.112 (17.431)
Train Epoch: 18 [1280/9500 (13%)]		Loss: 18.180 (17.951)		Time Dataloader: 0.002 (0.011)		Time Network: 23.812 (17.735)
Train Epoch: 18 [1344/9500 (14%)]		Loss: 17.738 (17.941)		Time Dataloader: 0.003 (0.011)		Time Network: 22.997 (17.974)
Train Epoch: 18 [1408/9500 (15%)]		Loss: 18.415 (17.961)		Time Dataloader: 0.003 (0.011)		Time Network: 24.153 (18.242)
Train Epoch: 18 [1472/9500 (15%)]		Loss: 18.147 (17.969)		Time Dataloader: 0.004 (0.010)		Time Network: 28.748 (18.680)
Train Epoch: 18 [1536/9500 (16%)]		Loss: 18.271 (17.981)		Time Dataloader: 0.003 (0.010)		Time Network: 24.029 (18.894)
Train Epoch: 18 [1600/9500 (17%)]		Loss: 18.355 (17.996)		Time Dataloader: 0.002 (0.010)		Time Network: 24.939 (19.127)
Train Epoch: 18 [1664/9500 (18%)]		Loss: 18.125 (18.000)		Time Dataloader: 0.002 (0.010)		Time Network: 25.824 (19.375)
Train Epoch: 18 [1728/9500 (18%)]		Loss: 17.995 (18.000)		Time Dataloader: 0.010 (0.010)		Time Network: 23.584 (19.525)
Train Epoch: 18 [1792/9500 (19%)]		Loss: 17.639 (17.988)		Time Dataloader: 0.004 (0.009)		Time Network: 24.341 (19.691)
Train Epoch: 18 [1856/9500 (20%)]		Loss: 17.579 (17.974)		Time Dataloader: 0.002 (0.009)		Time Network: 22.414 (19.782)
Train Epoch: 18 [1920/9500 (20%)]		Loss: 17.898 (17.972)		Time Dataloader: 0.016 (0.009)		Time Network: 23.057 (19.888)
Train Epoch: 18 [1984/9500 (21%)]		Loss: 17.787 (17.966)		Time Dataloader: 0.002 (0.009)		Time Network: 22.714 (19.976)
Train Epoch: 18 [2048/9500 (22%)]		Loss: 17.604 (17.955)		Time Dataloader: 0.004 (0.009)		Time Network: 20.848 (20.002)
Train Epoch: 18 [2112/9500 (22%)]		Loss: 17.618 (17.945)		Time Dataloader: 0.003 (0.009)		Time Network: 20.629 (20.021)
Train Epoch: 18 [2176/9500 (23%)]		Loss: 17.972 (17.946)		Time Dataloader: 0.003 (0.009)		Time Network: 22.550 (20.093)
Train Epoch: 18 [2240/9500 (24%)]		Loss: 18.147 (17.951)		Time Dataloader: 0.003 (0.008)		Time Network: 23.739 (20.194)
Train Epoch: 18 [2304/9500 (24%)]		Loss: 17.979 (17.952)		Time Dataloader: 0.010 (0.008)		Time Network: 22.465 (20.256)
Train Epoch: 18 [2368/9500 (25%)]		Loss: 17.892 (17.951)		Time Dataloader: 0.002 (0.008)		Time Network: 22.616 (20.318)
Train Epoch: 18 [2432/9500 (26%)]		Loss: 17.951 (17.951)		Time Dataloader: 0.002 (0.008)		Time Network: 21.658 (20.352)
Train Epoch: 18 [2496/9500 (26%)]		Loss: 18.219 (17.957)		Time Dataloader: 0.003 (0.008)		Time Network: 16.636 (20.259)
Train Epoch: 18 [2560/9500 (27%)]		Loss: 17.549 (17.947)		Time Dataloader: 0.002 (0.008)		Time Network: 1.051 (19.791)
Train Epoch: 18 [2624/9500 (28%)]		Loss: 18.191 (17.953)		Time Dataloader: 0.002 (0.008)		Time Network: 14.375 (19.662)
Train Epoch: 18 [2688/9500 (28%)]		Loss: 18.094 (17.956)		Time Dataloader: 0.002 (0.008)		Time Network: 1.047 (19.229)
Train Epoch: 18 [2752/9500 (29%)]		Loss: 17.873 (17.955)		Time Dataloader: 0.003 (0.007)		Time Network: 21.100 (19.271)
Train Epoch: 18 [2816/9500 (30%)]		Loss: 18.058 (17.957)		Time Dataloader: 0.002 (0.007)		Time Network: 21.613 (19.323)
Train Epoch: 18 [2880/9500 (30%)]		Loss: 17.849 (17.954)		Time Dataloader: 0.003 (0.007)		Time Network: 20.999 (19.360)
Train Epoch: 18 [2944/9500 (31%)]		Loss: 17.530 (17.945)		Time Dataloader: 0.002 (0.007)		Time Network: 20.679 (19.388)
Train Epoch: 18 [3008/9500 (32%)]		Loss: 18.230 (17.951)		Time Dataloader: 0.002 (0.007)		Time Network: 20.513 (19.411)
Train Epoch: 18 [3072/9500 (32%)]		Loss: 18.045 (17.953)		Time Dataloader: 0.002 (0.007)		Time Network: 16.140 (19.345)
Train Epoch: 18 [3136/9500 (33%)]		Loss: 17.534 (17.945)		Time Dataloader: 0.002 (0.007)		Time Network: 20.322 (19.364)
Train Epoch: 18 [3200/9500 (34%)]		Loss: 18.571 (17.957)		Time Dataloader: 0.002 (0.007)		Time Network: 0.836 (19.001)
Train Epoch: 18 [3264/9500 (34%)]		Loss: 18.091 (17.960)		Time Dataloader: 0.002 (0.007)		Time Network: 21.224 (19.044)
Train Epoch: 18 [3328/9500 (35%)]		Loss: 17.875 (17.958)		Time Dataloader: 0.002 (0.007)		Time Network: 20.968 (19.080)
Train Epoch: 18 [3392/9500 (36%)]		Loss: 17.817 (17.956)		Time Dataloader: 0.003 (0.007)		Time Network: 20.404 (19.104)
Train Epoch: 18 [3456/9500 (36%)]		Loss: 17.464 (17.947)		Time Dataloader: 0.002 (0.006)		Time Network: 20.662 (19.133)
Train Epoch: 18 [3520/9500 (37%)]		Loss: 18.329 (17.953)		Time Dataloader: 0.003 (0.006)		Time Network: 20.588 (19.159)
Train Epoch: 18 [3584/9500 (38%)]		Loss: 17.591 (17.947)		Time Dataloader: 0.007 (0.006)		Time Network: 22.762 (19.222)
Train Epoch: 18 [3648/9500 (38%)]		Loss: 18.154 (17.951)		Time Dataloader: 0.003 (0.006)		Time Network: 21.363 (19.259)
Train Epoch: 18 [3712/9500 (39%)]		Loss: 17.417 (17.942)		Time Dataloader: 0.008 (0.006)		Time Network: 14.097 (19.171)
Train Epoch: 18 [3776/9500 (40%)]		Loss: 18.007 (17.943)		Time Dataloader: 0.004 (0.006)		Time Network: 0.192 (18.855)
Train Epoch: 18 [3840/9500 (40%)]		Loss: 17.672 (17.938)		Time Dataloader: 0.003 (0.006)		Time Network: 19.951 (18.873)
Train Epoch: 18 [3904/9500 (41%)]		Loss: 17.964 (17.939)		Time Dataloader: 0.003 (0.006)		Time Network: 20.932 (18.906)
Train Epoch: 18 [3968/9500 (42%)]		Loss: 17.830 (17.937)		Time Dataloader: 0.002 (0.006)		Time Network: 19.970 (18.923)
Train Epoch: 18 [4032/9500 (42%)]		Loss: 17.705 (17.933)		Time Dataloader: 0.002 (0.006)		Time Network: 20.164 (18.942)
Train Epoch: 18 [4096/9500 (43%)]		Loss: 17.966 (17.934)		Time Dataloader: 0.009 (0.006)		Time Network: 21.048 (18.975)
Train Epoch: 18 [4160/9500 (44%)]		Loss: 18.116 (17.937)		Time Dataloader: 0.002 (0.006)		Time Network: 20.826 (19.003)
Train Epoch: 18 [4224/9500 (44%)]		Loss: 17.511 (17.930)		Time Dataloader: 0.002 (0.006)		Time Network: 20.810 (19.030)
Train Epoch: 18 [4288/9500 (45%)]		Loss: 17.998 (17.931)		Time Dataloader: 0.009 (0.006)		Time Network: 20.658 (19.054)
Train Epoch: 18 [4352/9500 (46%)]		Loss: 17.971 (17.932)		Time Dataloader: 0.003 (0.006)		Time Network: 20.964 (19.082)
Train Epoch: 18 [4416/9500 (46%)]		Loss: 17.866 (17.931)		Time Dataloader: 0.002 (0.006)		Time Network: 19.472 (19.087)
Train Epoch: 18 [4480/9500 (47%)]		Loss: 18.296 (17.936)		Time Dataloader: 0.002 (0.006)		Time Network: 19.722 (19.096)
Train Epoch: 18 [4544/9500 (48%)]		Loss: 17.949 (17.936)		Time Dataloader: 0.002 (0.006)		Time Network: 21.189 (19.125)
Train Epoch: 18 [4608/9500 (49%)]		Loss: 17.606 (17.932)		Time Dataloader: 0.004 (0.006)		Time Network: 23.691 (19.188)
Train Epoch: 18 [4672/9500 (49%)]		Loss: 17.777 (17.930)		Time Dataloader: 0.002 (0.006)		Time Network: 22.149 (19.228)
Train Epoch: 18 [4736/9500 (50%)]		Loss: 17.801 (17.928)		Time Dataloader: 0.002 (0.006)		Time Network: 22.311 (19.269)
Train Epoch: 18 [4800/9500 (51%)]		Loss: 18.097 (17.930)		Time Dataloader: 0.002 (0.006)		Time Network: 21.393 (19.297)
Train Epoch: 18 [4864/9500 (51%)]		Loss: 17.832 (17.929)		Time Dataloader: 0.010 (0.006)		Time Network: 20.589 (19.313)
Train Epoch: 18 [4928/9500 (52%)]		Loss: 18.157 (17.932)		Time Dataloader: 0.002 (0.006)		Time Network: 20.693 (19.331)
Train Epoch: 18 [4992/9500 (53%)]		Loss: 17.981 (17.932)		Time Dataloader: 0.003 (0.006)		Time Network: 21.150 (19.354)
Train Epoch: 18 [5056/9500 (53%)]		Loss: 17.966 (17.933)		Time Dataloader: 0.003 (0.006)		Time Network: 13.820 (19.285)
Train Epoch: 18 [5120/9500 (54%)]		Loss: 18.025 (17.934)		Time Dataloader: 0.003 (0.006)		Time Network: 22.762 (19.328)
Train Epoch: 18 [5184/9500 (55%)]		Loss: 17.703 (17.931)		Time Dataloader: 0.003 (0.006)		Time Network: 23.222 (19.375)
Train Epoch: 18 [5248/9500 (55%)]		Loss: 18.172 (17.934)		Time Dataloader: 0.009 (0.006)		Time Network: 22.306 (19.411)
Train Epoch: 18 [5312/9500 (56%)]		Loss: 18.062 (17.936)		Time Dataloader: 0.006 (0.006)		Time Network: 20.515 (19.424)
Train Epoch: 18 [5376/9500 (57%)]		Loss: 17.735 (17.933)		Time Dataloader: 0.002 (0.006)		Time Network: 21.421 (19.447)
Train Epoch: 18 [5440/9500 (57%)]		Loss: 17.746 (17.931)		Time Dataloader: 0.003 (0.006)		Time Network: 22.474 (19.483)
Train Epoch: 18 [5504/9500 (58%)]		Loss: 18.186 (17.934)		Time Dataloader: 0.003 (0.006)		Time Network: 24.792 (19.544)
Train Epoch: 18 [5568/9500 (59%)]		Loss: 18.315 (17.938)		Time Dataloader: 0.002 (0.005)		Time Network: 24.158 (19.596)
Train Epoch: 18 [5632/9500 (59%)]		Loss: 18.013 (17.939)		Time Dataloader: 0.010 (0.006)		Time Network: 23.268 (19.637)
Train Epoch: 18 [5696/9500 (60%)]		Loss: 18.190 (17.942)		Time Dataloader: 0.002 (0.005)		Time Network: 21.626 (19.659)
Train Epoch: 18 [5760/9500 (61%)]		Loss: 18.097 (17.944)		Time Dataloader: 0.003 (0.005)		Time Network: 23.033 (19.696)
Train Epoch: 18 [5824/9500 (61%)]		Loss: 18.230 (17.947)		Time Dataloader: 0.003 (0.005)		Time Network: 23.425 (19.737)
Train Epoch: 18 [5888/9500 (62%)]		Loss: 18.232 (17.950)		Time Dataloader: 0.012 (0.005)		Time Network: 23.686 (19.779)
Train Epoch: 18 [5952/9500 (63%)]		Loss: 17.983 (17.950)		Time Dataloader: 0.006 (0.005)		Time Network: 23.209 (19.816)
Train Epoch: 18 [6016/9500 (63%)]		Loss: 18.132 (17.952)		Time Dataloader: 0.005 (0.005)		Time Network: 24.042 (19.860)
Train Epoch: 18 [6080/9500 (64%)]		Loss: 17.424 (17.947)		Time Dataloader: 0.003 (0.005)		Time Network: 22.784 (19.891)
Train Epoch: 18 [6144/9500 (65%)]		Loss: 17.565 (17.943)		Time Dataloader: 0.010 (0.006)		Time Network: 23.297 (19.926)
Train Epoch: 18 [6208/9500 (65%)]		Loss: 18.152 (17.945)		Time Dataloader: 0.003 (0.005)		Time Network: 23.806 (19.966)
Train Epoch: 18 [6272/9500 (66%)]		Loss: 18.290 (17.948)		Time Dataloader: 0.002 (0.005)		Time Network: 24.054 (20.007)
Train Epoch: 18 [6336/9500 (67%)]		Loss: 17.843 (17.947)		Time Dataloader: 0.004 (0.005)		Time Network: 25.414 (20.061)
Train Epoch: 18 [6400/9500 (67%)]		Loss: 18.011 (17.948)		Time Dataloader: 0.003 (0.005)		Time Network: 22.428 (20.084)
Train Epoch: 18 [6464/9500 (68%)]		Loss: 17.922 (17.948)		Time Dataloader: 0.002 (0.005)		Time Network: 22.460 (20.108)
Train Epoch: 18 [6528/9500 (69%)]		Loss: 18.146 (17.949)		Time Dataloader: 0.002 (0.005)		Time Network: 23.544 (20.141)
Train Epoch: 18 [6592/9500 (69%)]		Loss: 18.108 (17.951)		Time Dataloader: 0.003 (0.005)		Time Network: 23.115 (20.170)
Train Epoch: 18 [6656/9500 (70%)]		Loss: 17.593 (17.948)		Time Dataloader: 0.004 (0.005)		Time Network: 23.447 (20.201)
Train Epoch: 18 [6720/9500 (71%)]		Loss: 18.523 (17.953)		Time Dataloader: 0.003 (0.005)		Time Network: 23.774 (20.235)
Train Epoch: 18 [6784/9500 (71%)]		Loss: 17.871 (17.952)		Time Dataloader: 0.002 (0.005)		Time Network: 22.431 (20.255)
Train Epoch: 18 [6848/9500 (72%)]		Loss: 18.149 (17.954)		Time Dataloader: 0.003 (0.005)		Time Network: 22.666 (20.277)
Train Epoch: 18 [6912/9500 (73%)]		Loss: 17.599 (17.951)		Time Dataloader: 0.003 (0.005)		Time Network: 22.719 (20.300)
Train Epoch: 18 [6976/9500 (73%)]		Loss: 18.294 (17.954)		Time Dataloader: 0.002 (0.005)		Time Network: 22.756 (20.322)
Train Epoch: 18 [7040/9500 (74%)]		Loss: 18.102 (17.955)		Time Dataloader: 0.002 (0.005)		Time Network: 22.357 (20.340)
Train Epoch: 18 [7104/9500 (75%)]		Loss: 17.852 (17.954)		Time Dataloader: 0.002 (0.005)		Time Network: 22.296 (20.358)
Train Epoch: 18 [7168/9500 (75%)]		Loss: 17.699 (17.952)		Time Dataloader: 0.003 (0.005)		Time Network: 22.228 (20.375)
Train Epoch: 18 [7232/9500 (76%)]		Loss: 17.871 (17.951)		Time Dataloader: 0.003 (0.005)		Time Network: 21.065 (20.381)
Train Epoch: 18 [7296/9500 (77%)]		Loss: 18.239 (17.954)		Time Dataloader: 0.003 (0.005)		Time Network: 21.862 (20.393)
Train Epoch: 18 [7360/9500 (77%)]		Loss: 18.166 (17.956)		Time Dataloader: 0.002 (0.005)		Time Network: 22.688 (20.413)
Train Epoch: 18 [7424/9500 (78%)]		Loss: 18.288 (17.959)		Time Dataloader: 0.002 (0.005)		Time Network: 8.562 (20.312)
Train Epoch: 18 [7488/9500 (79%)]		Loss: 18.402 (17.962)		Time Dataloader: 0.008 (0.005)		Time Network: 23.287 (20.337)
Train Epoch: 18 [7552/9500 (79%)]		Loss: 18.287 (17.965)		Time Dataloader: 0.002 (0.005)		Time Network: 22.890 (20.359)
Train Epoch: 18 [7616/9500 (80%)]		Loss: 17.369 (17.960)		Time Dataloader: 0.002 (0.005)		Time Network: 22.595 (20.377)
Train Epoch: 18 [7680/9500 (81%)]		Loss: 18.426 (17.964)		Time Dataloader: 0.002 (0.005)		Time Network: 21.889 (20.390)
Train Epoch: 18 [7744/9500 (82%)]		Loss: 18.263 (17.966)		Time Dataloader: 0.007 (0.005)		Time Network: 21.349 (20.398)
Train Epoch: 18 [7808/9500 (82%)]		Loss: 17.936 (17.966)		Time Dataloader: 0.002 (0.005)		Time Network: 22.032 (20.411)
Train Epoch: 18 [7872/9500 (83%)]		Loss: 17.731 (17.964)		Time Dataloader: 0.002 (0.005)		Time Network: 22.016 (20.424)
Train Epoch: 18 [7936/9500 (84%)]		Loss: 17.766 (17.963)		Time Dataloader: 0.004 (0.005)		Time Network: 21.989 (20.436)
Train Epoch: 18 [8000/9500 (84%)]		Loss: 17.987 (17.963)		Time Dataloader: 0.002 (0.005)		Time Network: 21.688 (20.446)
Train Epoch: 18 [8064/9500 (85%)]		Loss: 18.310 (17.966)		Time Dataloader: 0.002 (0.005)		Time Network: 23.191 (20.468)
Train Epoch: 18 [8128/9500 (86%)]		Loss: 17.790 (17.964)		Time Dataloader: 0.002 (0.005)		Time Network: 21.884 (20.479)
Train Epoch: 18 [8192/9500 (86%)]		Loss: 17.979 (17.964)		Time Dataloader: 0.003 (0.005)		Time Network: 22.059 (20.491)
Train Epoch: 18 [8256/9500 (87%)]		Loss: 18.274 (17.967)		Time Dataloader: 0.002 (0.005)		Time Network: 21.544 (20.499)
Train Epoch: 18 [8320/9500 (88%)]		Loss: 17.908 (17.966)		Time Dataloader: 0.002 (0.005)		Time Network: 21.534 (20.507)
Train Epoch: 18 [8384/9500 (88%)]		Loss: 17.935 (17.966)		Time Dataloader: 0.003 (0.005)		Time Network: 21.354 (20.514)
Train Epoch: 18 [8448/9500 (89%)]		Loss: 18.088 (17.967)		Time Dataloader: 0.002 (0.005)		Time Network: 21.224 (20.519)
Train Epoch: 18 [8512/9500 (90%)]		Loss: 18.044 (17.968)		Time Dataloader: 0.003 (0.005)		Time Network: 23.252 (20.539)
Train Epoch: 18 [8576/9500 (90%)]		Loss: 18.126 (17.969)		Time Dataloader: 0.002 (0.005)		Time Network: 24.117 (20.566)
Train Epoch: 18 [8640/9500 (91%)]		Loss: 17.976 (17.969)		Time Dataloader: 0.002 (0.005)		Time Network: 21.730 (20.574)
Train Epoch: 18 [8704/9500 (92%)]		Loss: 17.529 (17.966)		Time Dataloader: 0.003 (0.005)		Time Network: 22.260 (20.587)
Train Epoch: 18 [8768/9500 (92%)]		Loss: 18.051 (17.966)		Time Dataloader: 0.003 (0.005)		Time Network: 22.377 (20.600)
Train Epoch: 18 [8832/9500 (93%)]		Loss: 18.173 (17.968)		Time Dataloader: 0.004 (0.005)		Time Network: 22.118 (20.611)
Train Epoch: 18 [8896/9500 (94%)]		Loss: 17.623 (17.965)		Time Dataloader: 0.002 (0.005)		Time Network: 23.002 (20.628)
Train Epoch: 18 [8960/9500 (94%)]		Loss: 18.374 (17.968)		Time Dataloader: 0.003 (0.005)		Time Network: 22.945 (20.644)
Train Epoch: 18 [9024/9500 (95%)]		Loss: 17.496 (17.965)		Time Dataloader: 0.003 (0.005)		Time Network: 21.264 (20.649)
Train Epoch: 18 [9088/9500 (96%)]		Loss: 18.377 (17.968)		Time Dataloader: 0.002 (0.005)		Time Network: 22.762 (20.663)
Train Epoch: 18 [9152/9500 (96%)]		Loss: 17.955 (17.968)		Time Dataloader: 0.002 (0.005)		Time Network: 23.313 (20.682)
Train Epoch: 18 [9216/9500 (97%)]		Loss: 18.055 (17.968)		Time Dataloader: 0.002 (0.005)		Time Network: 24.375 (20.707)
Train Epoch: 18 [9280/9500 (98%)]		Loss: 18.042 (17.969)		Time Dataloader: 0.002 (0.005)		Time Network: 23.279 (20.725)
Train Epoch: 18 [9344/9500 (98%)]		Loss: 18.078 (17.969)		Time Dataloader: 0.011 (0.005)		Time Network: 5.809 (20.623)
Train Epoch: 18 [9408/9500 (99%)]		Loss: 17.566 (17.967)		Time Dataloader: 0.002 (0.005)		Time Network: 22.818 (20.638)
Train Epoch: 18 [9472/9500 (100%)]		Loss: 18.017 (17.967)		Time Dataloader: 0.003 (0.005)		Time Network: 19.145 (20.628)
Done. This took 51:14 min.
Start testing epoch 18
Test Epoch: 18 [0/500 (0%)]		Loss: 18.164 (18.164)		Time Dataloader: 0.111 (0.111)		Time Network: 3.353 (3.353)
Test Epoch: 18 [64/500 (13%)]		Loss: 18.062 (18.113)		Time Dataloader: 0.002 (0.056)		Time Network: 3.488 (3.421)
Test Epoch: 18 [128/500 (26%)]		Loss: 18.170 (18.132)		Time Dataloader: 0.002 (0.038)		Time Network: 3.484 (3.442)
Test Epoch: 18 [192/500 (38%)]		Loss: 18.031 (18.107)		Time Dataloader: 0.001 (0.029)		Time Network: 3.444 (3.442)
Test Epoch: 18 [256/500 (51%)]		Loss: 18.017 (18.089)		Time Dataloader: 0.001 (0.024)		Time Network: 3.437 (3.441)
Test Epoch: 18 [320/500 (64%)]		Loss: 17.906 (18.058)		Time Dataloader: 0.001 (0.020)		Time Network: 2.216 (3.237)
Test Epoch: 18 [384/500 (77%)]		Loss: 17.986 (18.048)		Time Dataloader: 0.004 (0.018)		Time Network: 3.572 (3.285)
Test Epoch: 18 [448/500 (90%)]		Loss: 18.055 (18.049)		Time Dataloader: 0.002 (0.016)		Time Network: 3.403 (3.300)
Done. This took  0:27 min.
Saving model to training/model_latest.pt. Done.
Finished training epoch 18.


Start training epoch 19 with lr [2.4471741852423237e-06]
Train Epoch: 19 [0/9500 (0%)]		Loss: 17.692 (17.692)		Time Dataloader: 0.151 (0.151)		Time Network: 22.746 (22.746)
Train Epoch: 19 [64/9500 (1%)]		Loss: 17.932 (17.812)		Time Dataloader: 0.001 (0.076)		Time Network: 22.738 (22.742)
Train Epoch: 19 [128/9500 (1%)]		Loss: 18.122 (17.915)		Time Dataloader: 0.009 (0.054)		Time Network: 22.754 (22.746)
Train Epoch: 19 [192/9500 (2%)]		Loss: 18.459 (18.051)		Time Dataloader: 0.003 (0.041)		Time Network: 22.791 (22.757)
Train Epoch: 19 [256/9500 (3%)]		Loss: 17.853 (18.011)		Time Dataloader: 0.001 (0.033)		Time Network: 20.604 (22.327)
Train Epoch: 19 [320/9500 (3%)]		Loss: 18.288 (18.057)		Time Dataloader: 0.001 (0.028)		Time Network: 22.219 (22.309)
Train Epoch: 19 [384/9500 (4%)]		Loss: 17.889 (18.033)		Time Dataloader: 0.005 (0.024)		Time Network: 21.807 (22.237)
Train Epoch: 19 [448/9500 (5%)]		Loss: 18.060 (18.037)		Time Dataloader: 0.001 (0.022)		Time Network: 23.229 (22.361)
Train Epoch: 19 [512/9500 (5%)]		Loss: 17.888 (18.020)		Time Dataloader: 0.002 (0.019)		Time Network: 22.209 (22.344)
Train Epoch: 19 [576/9500 (6%)]		Loss: 18.095 (18.028)		Time Dataloader: 0.002 (0.018)		Time Network: 22.155 (22.325)
Train Epoch: 19 [640/9500 (7%)]		Loss: 17.942 (18.020)		Time Dataloader: 0.001 (0.016)		Time Network: 21.406 (22.242)
Train Epoch: 19 [704/9500 (7%)]		Loss: 17.753 (17.998)		Time Dataloader: 0.001 (0.015)		Time Network: 16.209 (21.739)
Train Epoch: 19 [768/9500 (8%)]		Loss: 18.003 (17.998)		Time Dataloader: 0.003 (0.014)		Time Network: 22.155 (21.771)
Train Epoch: 19 [832/9500 (9%)]		Loss: 17.720 (17.978)		Time Dataloader: 0.009 (0.014)		Time Network: 21.578 (21.757)
Train Epoch: 19 [896/9500 (9%)]		Loss: 17.882 (17.972)		Time Dataloader: 0.002 (0.013)		Time Network: 22.466 (21.805)
Train Epoch: 19 [960/9500 (10%)]		Loss: 18.159 (17.983)		Time Dataloader: 0.004 (0.012)		Time Network: 15.442 (21.407)
Train Epoch: 19 [1024/9500 (11%)]		Loss: 17.974 (17.983)		Time Dataloader: 0.002 (0.012)		Time Network: 21.251 (21.398)
Train Epoch: 19 [1088/9500 (11%)]		Loss: 18.194 (17.995)		Time Dataloader: 0.003 (0.011)		Time Network: 22.639 (21.467)
Train Epoch: 19 [1152/9500 (12%)]		Loss: 17.929 (17.991)		Time Dataloader: 0.002 (0.011)		Time Network: 22.357 (21.513)
Train Epoch: 19 [1216/9500 (13%)]		Loss: 17.751 (17.979)		Time Dataloader: 0.002 (0.010)		Time Network: 21.809 (21.528)
Train Epoch: 19 [1280/9500 (13%)]		Loss: 17.690 (17.965)		Time Dataloader: 0.003 (0.010)		Time Network: 22.489 (21.574)
Train Epoch: 19 [1344/9500 (14%)]		Loss: 17.904 (17.963)		Time Dataloader: 0.002 (0.010)		Time Network: 21.653 (21.578)
Train Epoch: 19 [1408/9500 (15%)]		Loss: 18.037 (17.966)		Time Dataloader: 0.002 (0.009)		Time Network: 22.608 (21.622)
Train Epoch: 19 [1472/9500 (15%)]		Loss: 17.887 (17.963)		Time Dataloader: 0.003 (0.009)		Time Network: 22.291 (21.650)
Train Epoch: 19 [1536/9500 (16%)]		Loss: 18.177 (17.971)		Time Dataloader: 0.002 (0.009)		Time Network: 21.922 (21.661)
Train Epoch: 19 [1600/9500 (17%)]		Loss: 18.135 (17.977)		Time Dataloader: 0.003 (0.009)		Time Network: 11.218 (21.259)
Train Epoch: 19 [1664/9500 (18%)]		Loss: 17.940 (17.976)		Time Dataloader: 0.004 (0.008)		Time Network: 21.032 (21.251)
Train Epoch: 19 [1728/9500 (18%)]		Loss: 17.889 (17.973)		Time Dataloader: 0.003 (0.008)		Time Network: 21.338 (21.254)
Train Epoch: 19 [1792/9500 (19%)]		Loss: 18.337 (17.985)		Time Dataloader: 0.002 (0.008)		Time Network: 21.443 (21.261)
Train Epoch: 19 [1856/9500 (20%)]		Loss: 18.380 (17.999)		Time Dataloader: 0.002 (0.008)		Time Network: 19.148 (21.190)
Train Epoch: 19 [1920/9500 (20%)]		Loss: 17.406 (17.980)		Time Dataloader: 0.003 (0.008)		Time Network: 22.204 (21.223)
Train Epoch: 19 [1984/9500 (21%)]		Loss: 17.841 (17.975)		Time Dataloader: 0.011 (0.008)		Time Network: 0.581 (20.578)
Train Epoch: 19 [2048/9500 (22%)]		Loss: 17.674 (17.966)		Time Dataloader: 0.009 (0.008)		Time Network: 23.313 (20.661)
Train Epoch: 19 [2112/9500 (22%)]		Loss: 18.141 (17.971)		Time Dataloader: 0.014 (0.008)		Time Network: 23.657 (20.749)
Train Epoch: 19 [2176/9500 (23%)]		Loss: 17.830 (17.967)		Time Dataloader: 0.003 (0.008)		Time Network: 23.030 (20.814)
Train Epoch: 19 [2240/9500 (24%)]		Loss: 18.480 (17.981)		Time Dataloader: 0.003 (0.008)		Time Network: 22.492 (20.861)
Train Epoch: 19 [2304/9500 (24%)]		Loss: 18.379 (17.992)		Time Dataloader: 0.010 (0.008)		Time Network: 21.847 (20.887)
Train Epoch: 19 [2368/9500 (25%)]		Loss: 17.946 (17.991)		Time Dataloader: 0.003 (0.008)		Time Network: 22.954 (20.942)
Train Epoch: 19 [2432/9500 (26%)]		Loss: 18.090 (17.993)		Time Dataloader: 0.002 (0.007)		Time Network: 22.123 (20.972)
Train Epoch: 19 [2496/9500 (26%)]		Loss: 17.871 (17.990)		Time Dataloader: 0.002 (0.007)		Time Network: 21.386 (20.982)
Train Epoch: 19 [2560/9500 (27%)]		Loss: 17.822 (17.986)		Time Dataloader: 0.002 (0.007)		Time Network: 21.840 (21.003)
Train Epoch: 19 [2624/9500 (28%)]		Loss: 17.685 (17.979)		Time Dataloader: 0.003 (0.007)		Time Network: 21.884 (21.024)
Train Epoch: 19 [2688/9500 (28%)]		Loss: 17.919 (17.978)		Time Dataloader: 0.002 (0.007)		Time Network: 21.682 (21.040)
Train Epoch: 19 [2752/9500 (29%)]		Loss: 17.937 (17.977)		Time Dataloader: 0.010 (0.007)		Time Network: 21.869 (21.058)
Train Epoch: 19 [2816/9500 (30%)]		Loss: 18.014 (17.978)		Time Dataloader: 0.010 (0.007)		Time Network: 23.565 (21.114)
Train Epoch: 19 [2880/9500 (30%)]		Loss: 17.945 (17.977)		Time Dataloader: 0.003 (0.007)		Time Network: 22.104 (21.136)
Train Epoch: 19 [2944/9500 (31%)]		Loss: 17.963 (17.977)		Time Dataloader: 0.003 (0.007)		Time Network: 23.997 (21.196)
Train Epoch: 19 [3008/9500 (32%)]		Loss: 17.873 (17.974)		Time Dataloader: 0.003 (0.007)		Time Network: 24.787 (21.271)
Train Epoch: 19 [3072/9500 (32%)]		Loss: 18.536 (17.986)		Time Dataloader: 0.002 (0.007)		Time Network: 24.231 (21.332)
Train Epoch: 19 [3136/9500 (33%)]		Loss: 18.124 (17.989)		Time Dataloader: 0.004 (0.007)		Time Network: 23.179 (21.369)
Train Epoch: 19 [3200/9500 (34%)]		Loss: 18.262 (17.994)		Time Dataloader: 0.003 (0.007)		Time Network: 23.887 (21.418)
Train Epoch: 19 [3264/9500 (34%)]		Loss: 18.106 (17.996)		Time Dataloader: 0.004 (0.007)		Time Network: 23.311 (21.454)
Train Epoch: 19 [3328/9500 (35%)]		Loss: 18.086 (17.998)		Time Dataloader: 0.010 (0.007)		Time Network: 23.402 (21.491)
Train Epoch: 19 [3392/9500 (36%)]		Loss: 18.009 (17.998)		Time Dataloader: 0.002 (0.007)		Time Network: 23.350 (21.526)
Train Epoch: 19 [3456/9500 (36%)]		Loss: 17.884 (17.996)		Time Dataloader: 0.005 (0.006)		Time Network: 23.283 (21.558)
Train Epoch: 19 [3520/9500 (37%)]		Loss: 18.001 (17.996)		Time Dataloader: 0.003 (0.006)		Time Network: 23.360 (21.590)
Train Epoch: 19 [3584/9500 (38%)]		Loss: 18.172 (17.999)		Time Dataloader: 0.002 (0.006)		Time Network: 24.009 (21.632)
Train Epoch: 19 [3648/9500 (38%)]		Loss: 17.683 (17.994)		Time Dataloader: 0.006 (0.006)		Time Network: 22.867 (21.653)
Train Epoch: 19 [3712/9500 (39%)]		Loss: 17.571 (17.987)		Time Dataloader: 0.003 (0.006)		Time Network: 24.400 (21.700)
Train Epoch: 19 [3776/9500 (40%)]		Loss: 17.788 (17.983)		Time Dataloader: 0.005 (0.006)		Time Network: 23.862 (21.736)
Train Epoch: 19 [3840/9500 (40%)]		Loss: 18.095 (17.985)		Time Dataloader: 0.010 (0.006)		Time Network: 22.568 (21.750)
Train Epoch: 19 [3904/9500 (41%)]		Loss: 18.378 (17.991)		Time Dataloader: 0.006 (0.006)		Time Network: 22.648 (21.764)
Train Epoch: 19 [3968/9500 (42%)]		Loss: 18.081 (17.993)		Time Dataloader: 0.002 (0.006)		Time Network: 22.009 (21.768)
Train Epoch: 19 [4032/9500 (42%)]		Loss: 17.572 (17.986)		Time Dataloader: 0.002 (0.006)		Time Network: 22.484 (21.779)
Train Epoch: 19 [4096/9500 (43%)]		Loss: 17.824 (17.984)		Time Dataloader: 0.003 (0.006)		Time Network: 21.856 (21.780)
Train Epoch: 19 [4160/9500 (44%)]		Loss: 17.805 (17.981)		Time Dataloader: 0.005 (0.006)		Time Network: 21.876 (21.782)
Train Epoch: 19 [4224/9500 (44%)]		Loss: 17.784 (17.978)		Time Dataloader: 0.002 (0.006)		Time Network: 21.892 (21.784)
Train Epoch: 19 [4288/9500 (45%)]		Loss: 17.909 (17.977)		Time Dataloader: 0.002 (0.006)		Time Network: 21.692 (21.782)
Train Epoch: 19 [4352/9500 (46%)]		Loss: 17.911 (17.976)		Time Dataloader: 0.002 (0.006)		Time Network: 21.675 (21.781)
Train Epoch: 19 [4416/9500 (46%)]		Loss: 17.785 (17.973)		Time Dataloader: 0.002 (0.006)		Time Network: 1.681 (21.493)
Train Epoch: 19 [4480/9500 (47%)]		Loss: 18.468 (17.980)		Time Dataloader: 0.002 (0.006)		Time Network: 0.184 (21.193)
Train Epoch: 19 [4544/9500 (48%)]		Loss: 17.337 (17.971)		Time Dataloader: 0.003 (0.006)		Time Network: 22.211 (21.207)
Train Epoch: 19 [4608/9500 (49%)]		Loss: 18.244 (17.975)		Time Dataloader: 0.003 (0.006)		Time Network: 1.997 (20.944)
Train Epoch: 19 [4672/9500 (49%)]		Loss: 18.175 (17.978)		Time Dataloader: 0.002 (0.006)		Time Network: 21.953 (20.958)
Train Epoch: 19 [4736/9500 (50%)]		Loss: 18.155 (17.980)		Time Dataloader: 0.003 (0.006)		Time Network: 21.499 (20.965)
Train Epoch: 19 [4800/9500 (51%)]		Loss: 18.300 (17.984)		Time Dataloader: 0.002 (0.006)		Time Network: 23.016 (20.992)
Train Epoch: 19 [4864/9500 (51%)]		Loss: 17.640 (17.980)		Time Dataloader: 0.008 (0.006)		Time Network: 22.168 (21.007)
Train Epoch: 19 [4928/9500 (52%)]		Loss: 17.724 (17.977)		Time Dataloader: 0.004 (0.006)		Time Network: 21.960 (21.020)
Train Epoch: 19 [4992/9500 (53%)]		Loss: 17.777 (17.974)		Time Dataloader: 0.003 (0.006)		Time Network: 22.176 (21.034)
Train Epoch: 19 [5056/9500 (53%)]		Loss: 17.464 (17.968)		Time Dataloader: 0.002 (0.006)		Time Network: 21.225 (21.037)
Train Epoch: 19 [5120/9500 (54%)]		Loss: 17.551 (17.963)		Time Dataloader: 0.003 (0.006)		Time Network: 21.380 (21.041)
Train Epoch: 19 [5184/9500 (55%)]		Loss: 17.983 (17.963)		Time Dataloader: 0.010 (0.006)		Time Network: 21.643 (21.048)
Train Epoch: 19 [5248/9500 (55%)]		Loss: 17.879 (17.962)		Time Dataloader: 0.003 (0.006)		Time Network: 22.169 (21.062)
Train Epoch: 19 [5312/9500 (56%)]		Loss: 18.124 (17.964)		Time Dataloader: 0.002 (0.006)		Time Network: 22.680 (21.081)
Train Epoch: 19 [5376/9500 (57%)]		Loss: 18.030 (17.965)		Time Dataloader: 0.002 (0.005)		Time Network: 9.781 (20.948)
Train Epoch: 19 [5440/9500 (57%)]		Loss: 17.474 (17.959)		Time Dataloader: 0.002 (0.005)		Time Network: 0.590 (20.711)
Train Epoch: 19 [5504/9500 (58%)]		Loss: 17.916 (17.958)		Time Dataloader: 0.002 (0.005)		Time Network: 22.448 (20.731)
Train Epoch: 19 [5568/9500 (59%)]		Loss: 17.449 (17.953)		Time Dataloader: 0.003 (0.005)		Time Network: 22.366 (20.750)
Train Epoch: 19 [5632/9500 (59%)]		Loss: 18.455 (17.958)		Time Dataloader: 0.002 (0.005)		Time Network: 21.945 (20.763)
Train Epoch: 19 [5696/9500 (60%)]		Loss: 17.681 (17.955)		Time Dataloader: 0.002 (0.005)		Time Network: 22.173 (20.779)
Train Epoch: 19 [5760/9500 (61%)]		Loss: 17.917 (17.955)		Time Dataloader: 0.002 (0.005)		Time Network: 24.134 (20.816)
Train Epoch: 19 [5824/9500 (61%)]		Loss: 17.816 (17.953)		Time Dataloader: 0.002 (0.005)		Time Network: 21.826 (20.827)
Train Epoch: 19 [5888/9500 (62%)]		Loss: 17.908 (17.953)		Time Dataloader: 0.003 (0.005)		Time Network: 22.094 (20.840)
Train Epoch: 19 [5952/9500 (63%)]		Loss: 17.643 (17.949)		Time Dataloader: 0.003 (0.005)		Time Network: 23.093 (20.864)
Train Epoch: 19 [6016/9500 (63%)]		Loss: 18.206 (17.952)		Time Dataloader: 0.003 (0.005)		Time Network: 22.300 (20.880)
Train Epoch: 19 [6080/9500 (64%)]		Loss: 17.677 (17.949)		Time Dataloader: 0.002 (0.005)		Time Network: 20.925 (20.880)
Train Epoch: 19 [6144/9500 (65%)]		Loss: 18.111 (17.951)		Time Dataloader: 0.003 (0.005)		Time Network: 20.691 (20.878)
Train Epoch: 19 [6208/9500 (65%)]		Loss: 18.534 (17.957)		Time Dataloader: 0.006 (0.005)		Time Network: 21.687 (20.886)
Train Epoch: 19 [6272/9500 (66%)]		Loss: 17.902 (17.956)		Time Dataloader: 0.003 (0.005)		Time Network: 21.468 (20.892)
Train Epoch: 19 [6336/9500 (67%)]		Loss: 17.959 (17.956)		Time Dataloader: 0.003 (0.005)		Time Network: 22.271 (20.906)
Train Epoch: 19 [6400/9500 (67%)]		Loss: 18.157 (17.958)		Time Dataloader: 0.003 (0.005)		Time Network: 15.407 (20.852)
Train Epoch: 19 [6464/9500 (68%)]		Loss: 18.476 (17.963)		Time Dataloader: 0.002 (0.005)		Time Network: 21.423 (20.857)
Train Epoch: 19 [6528/9500 (69%)]		Loss: 17.735 (17.961)		Time Dataloader: 0.002 (0.005)		Time Network: 20.429 (20.853)
Train Epoch: 19 [6592/9500 (69%)]		Loss: 18.080 (17.962)		Time Dataloader: 0.008 (0.005)		Time Network: 20.579 (20.850)
Train Epoch: 19 [6656/9500 (70%)]		Loss: 18.048 (17.963)		Time Dataloader: 0.002 (0.005)		Time Network: 21.759 (20.859)
Train Epoch: 19 [6720/9500 (71%)]		Loss: 17.729 (17.961)		Time Dataloader: 0.002 (0.005)		Time Network: 20.790 (20.858)
Train Epoch: 19 [6784/9500 (71%)]		Loss: 17.914 (17.961)		Time Dataloader: 0.002 (0.005)		Time Network: 21.332 (20.863)
Train Epoch: 19 [6848/9500 (72%)]		Loss: 18.138 (17.962)		Time Dataloader: 0.003 (0.005)		Time Network: 21.381 (20.868)
Train Epoch: 19 [6912/9500 (73%)]		Loss: 18.031 (17.963)		Time Dataloader: 0.002 (0.005)		Time Network: 19.389 (20.854)
Train Epoch: 19 [6976/9500 (73%)]		Loss: 17.886 (17.962)		Time Dataloader: 0.005 (0.005)		Time Network: 20.053 (20.847)
Train Epoch: 19 [7040/9500 (74%)]		Loss: 18.195 (17.964)		Time Dataloader: 0.003 (0.005)		Time Network: 0.788 (20.666)
Train Epoch: 19 [7104/9500 (75%)]		Loss: 18.074 (17.965)		Time Dataloader: 0.002 (0.005)		Time Network: 20.711 (20.666)
Train Epoch: 19 [7168/9500 (75%)]		Loss: 18.068 (17.966)		Time Dataloader: 0.011 (0.005)		Time Network: 23.244 (20.689)
Train Epoch: 19 [7232/9500 (76%)]		Loss: 18.201 (17.968)		Time Dataloader: 0.005 (0.005)		Time Network: 22.459 (20.705)
Train Epoch: 19 [7296/9500 (77%)]		Loss: 17.972 (17.968)		Time Dataloader: 0.003 (0.005)		Time Network: 22.482 (20.720)
Train Epoch: 19 [7360/9500 (77%)]		Loss: 17.807 (17.967)		Time Dataloader: 0.003 (0.005)		Time Network: 23.048 (20.740)
Train Epoch: 19 [7424/9500 (78%)]		Loss: 17.988 (17.967)		Time Dataloader: 0.010 (0.005)		Time Network: 22.155 (20.752)
Train Epoch: 19 [7488/9500 (79%)]		Loss: 17.864 (17.966)		Time Dataloader: 0.003 (0.005)		Time Network: 22.801 (20.770)
Train Epoch: 19 [7552/9500 (79%)]		Loss: 17.856 (17.965)		Time Dataloader: 0.003 (0.005)		Time Network: 22.930 (20.788)
Train Epoch: 19 [7616/9500 (80%)]		Loss: 18.219 (17.967)		Time Dataloader: 0.003 (0.005)		Time Network: 25.701 (20.829)
Train Epoch: 19 [7680/9500 (81%)]		Loss: 18.254 (17.970)		Time Dataloader: 0.003 (0.005)		Time Network: 23.385 (20.850)
Train Epoch: 19 [7744/9500 (82%)]		Loss: 17.939 (17.969)		Time Dataloader: 0.012 (0.005)		Time Network: 21.458 (20.855)
Train Epoch: 19 [7808/9500 (82%)]		Loss: 18.271 (17.972)		Time Dataloader: 0.002 (0.005)		Time Network: 22.382 (20.867)
Train Epoch: 19 [7872/9500 (83%)]		Loss: 18.244 (17.974)		Time Dataloader: 0.004 (0.005)		Time Network: 21.517 (20.873)
Train Epoch: 19 [7936/9500 (84%)]		Loss: 17.710 (17.972)		Time Dataloader: 0.003 (0.005)		Time Network: 21.216 (20.875)
Train Epoch: 19 [8000/9500 (84%)]		Loss: 17.839 (17.971)		Time Dataloader: 0.003 (0.005)		Time Network: 21.377 (20.879)
Train Epoch: 19 [8064/9500 (85%)]		Loss: 17.659 (17.968)		Time Dataloader: 0.002 (0.005)		Time Network: 20.059 (20.873)
Train Epoch: 19 [8128/9500 (86%)]		Loss: 17.817 (17.967)		Time Dataloader: 0.002 (0.005)		Time Network: 0.099 (20.711)
Train Epoch: 19 [8192/9500 (86%)]		Loss: 18.601 (17.972)		Time Dataloader: 0.003 (0.005)		Time Network: 20.243 (20.707)
Train Epoch: 19 [8256/9500 (87%)]		Loss: 18.143 (17.974)		Time Dataloader: 0.003 (0.005)		Time Network: 20.945 (20.709)
Train Epoch: 19 [8320/9500 (88%)]		Loss: 17.947 (17.973)		Time Dataloader: 0.003 (0.005)		Time Network: 21.485 (20.715)
Train Epoch: 19 [8384/9500 (88%)]		Loss: 18.085 (17.974)		Time Dataloader: 0.002 (0.005)		Time Network: 21.470 (20.720)
Train Epoch: 19 [8448/9500 (89%)]		Loss: 17.756 (17.973)		Time Dataloader: 0.002 (0.005)		Time Network: 22.308 (20.732)
Train Epoch: 19 [8512/9500 (90%)]		Loss: 17.680 (17.970)		Time Dataloader: 0.003 (0.005)		Time Network: 22.712 (20.747)
Train Epoch: 19 [8576/9500 (90%)]		Loss: 17.993 (17.971)		Time Dataloader: 0.002 (0.005)		Time Network: 21.692 (20.754)
Train Epoch: 19 [8640/9500 (91%)]		Loss: 17.770 (17.969)		Time Dataloader: 0.004 (0.005)		Time Network: 22.146 (20.764)
Train Epoch: 19 [8704/9500 (92%)]		Loss: 17.877 (17.968)		Time Dataloader: 0.002 (0.005)		Time Network: 21.897 (20.773)
Train Epoch: 19 [8768/9500 (92%)]		Loss: 17.877 (17.968)		Time Dataloader: 0.009 (0.005)		Time Network: 22.258 (20.783)
Train Epoch: 19 [8832/9500 (93%)]		Loss: 17.772 (17.966)		Time Dataloader: 0.002 (0.005)		Time Network: 20.885 (20.784)
Train Epoch: 19 [8896/9500 (94%)]		Loss: 17.671 (17.964)		Time Dataloader: 0.010 (0.005)		Time Network: 21.782 (20.791)
Train Epoch: 19 [8960/9500 (94%)]		Loss: 17.802 (17.963)		Time Dataloader: 0.003 (0.005)		Time Network: 21.565 (20.797)
Train Epoch: 19 [9024/9500 (95%)]		Loss: 17.709 (17.961)		Time Dataloader: 0.002 (0.005)		Time Network: 20.992 (20.798)
Train Epoch: 19 [9088/9500 (96%)]		Loss: 18.253 (17.963)		Time Dataloader: 0.002 (0.005)		Time Network: 21.134 (20.800)
Train Epoch: 19 [9152/9500 (96%)]		Loss: 18.110 (17.964)		Time Dataloader: 0.002 (0.005)		Time Network: 18.873 (20.787)
Train Epoch: 19 [9216/9500 (97%)]		Loss: 18.309 (17.967)		Time Dataloader: 0.002 (0.005)		Time Network: 0.214 (20.645)
Train Epoch: 19 [9280/9500 (98%)]		Loss: 18.022 (17.967)		Time Dataloader: 0.002 (0.005)		Time Network: 22.002 (20.654)
Train Epoch: 19 [9344/9500 (98%)]		Loss: 18.273 (17.969)		Time Dataloader: 0.002 (0.005)		Time Network: 20.818 (20.656)
Train Epoch: 19 [9408/9500 (99%)]		Loss: 17.888 (17.969)		Time Dataloader: 0.002 (0.005)		Time Network: 20.627 (20.655)
Train Epoch: 19 [9472/9500 (100%)]		Loss: 18.184 (17.969)		Time Dataloader: 0.003 (0.005)		Time Network: 19.012 (20.644)
Done. This took 51:17 min.
Start testing epoch 19
Test Epoch: 19 [0/500 (0%)]		Loss: 18.083 (18.083)		Time Dataloader: 0.171 (0.171)		Time Network: 3.468 (3.468)
Test Epoch: 19 [64/500 (13%)]		Loss: 18.047 (18.065)		Time Dataloader: 0.004 (0.087)		Time Network: 3.506 (3.487)
Test Epoch: 19 [128/500 (26%)]		Loss: 18.125 (18.085)		Time Dataloader: 0.002 (0.059)		Time Network: 3.556 (3.510)
Test Epoch: 19 [192/500 (38%)]		Loss: 18.109 (18.091)		Time Dataloader: 0.003 (0.045)		Time Network: 3.298 (3.457)
Test Epoch: 19 [256/500 (51%)]		Loss: 18.014 (18.076)		Time Dataloader: 0.002 (0.036)		Time Network: 3.383 (3.442)
Test Epoch: 19 [320/500 (64%)]		Loss: 17.845 (18.037)		Time Dataloader: 0.001 (0.030)		Time Network: 3.308 (3.420)
Test Epoch: 19 [384/500 (77%)]		Loss: 17.965 (18.027)		Time Dataloader: 0.003 (0.026)		Time Network: 3.280 (3.400)
Test Epoch: 19 [448/500 (90%)]		Loss: 17.828 (18.006)		Time Dataloader: 0.002 (0.023)		Time Network: 3.329 (3.391)
Done. This took  0:27 min.
Saving model to training/model_latest.pt. Done.
Finished training epoch 19.


Start training epoch 20 with lr [6.155829702431171e-07]
Train Epoch: 20 [0/9500 (0%)]		Loss: 17.798 (17.798)		Time Dataloader: 0.115 (0.115)		Time Network: 20.743 (20.743)
Train Epoch: 20 [64/9500 (1%)]		Loss: 18.098 (17.948)		Time Dataloader: 0.001 (0.058)		Time Network: 20.813 (20.778)
Train Epoch: 20 [128/9500 (1%)]		Loss: 18.129 (18.008)		Time Dataloader: 0.001 (0.039)		Time Network: 21.492 (21.016)
Train Epoch: 20 [192/9500 (2%)]		Loss: 17.693 (17.929)		Time Dataloader: 0.001 (0.030)		Time Network: 20.958 (21.001)
Train Epoch: 20 [256/9500 (3%)]		Loss: 17.971 (17.938)		Time Dataloader: 0.001 (0.024)		Time Network: 21.467 (21.095)
Train Epoch: 20 [320/9500 (3%)]		Loss: 17.856 (17.924)		Time Dataloader: 0.001 (0.020)		Time Network: 21.081 (21.092)
Train Epoch: 20 [384/9500 (4%)]		Loss: 17.753 (17.900)		Time Dataloader: 0.010 (0.019)		Time Network: 20.576 (21.019)
Train Epoch: 20 [448/9500 (5%)]		Loss: 18.055 (17.919)		Time Dataloader: 0.002 (0.017)		Time Network: 20.785 (20.989)
Train Epoch: 20 [512/9500 (5%)]		Loss: 18.127 (17.942)		Time Dataloader: 0.001 (0.015)		Time Network: 13.405 (20.147)
Train Epoch: 20 [576/9500 (6%)]		Loss: 18.019 (17.950)		Time Dataloader: 0.001 (0.014)		Time Network: 20.785 (20.210)
Train Epoch: 20 [640/9500 (7%)]		Loss: 17.882 (17.944)		Time Dataloader: 0.001 (0.012)		Time Network: 21.290 (20.309)
Train Epoch: 20 [704/9500 (7%)]		Loss: 17.572 (17.913)		Time Dataloader: 0.001 (0.012)		Time Network: 0.225 (18.635)
Train Epoch: 20 [768/9500 (8%)]		Loss: 18.091 (17.926)		Time Dataloader: 0.003 (0.011)		Time Network: 22.032 (18.896)
Train Epoch: 20 [832/9500 (9%)]		Loss: 17.999 (17.932)		Time Dataloader: 0.002 (0.010)		Time Network: 22.229 (19.134)
Train Epoch: 20 [896/9500 (9%)]		Loss: 18.097 (17.943)		Time Dataloader: 0.002 (0.010)		Time Network: 20.500 (19.225)
Train Epoch: 20 [960/9500 (10%)]		Loss: 18.011 (17.947)		Time Dataloader: 0.008 (0.010)		Time Network: 21.842 (19.389)
Train Epoch: 20 [1024/9500 (11%)]		Loss: 18.053 (17.953)		Time Dataloader: 0.002 (0.009)		Time Network: 21.985 (19.542)
Train Epoch: 20 [1088/9500 (11%)]		Loss: 18.247 (17.970)		Time Dataloader: 0.010 (0.009)		Time Network: 22.227 (19.691)
Train Epoch: 20 [1152/9500 (12%)]		Loss: 18.348 (17.989)		Time Dataloader: 0.005 (0.009)		Time Network: 22.268 (19.826)
Train Epoch: 20 [1216/9500 (13%)]		Loss: 17.941 (17.987)		Time Dataloader: 0.002 (0.009)		Time Network: 23.450 (20.008)
Train Epoch: 20 [1280/9500 (13%)]		Loss: 17.945 (17.985)		Time Dataloader: 0.003 (0.008)		Time Network: 23.360 (20.167)
Train Epoch: 20 [1344/9500 (14%)]		Loss: 18.032 (17.987)		Time Dataloader: 0.002 (0.008)		Time Network: 22.563 (20.276)
Train Epoch: 20 [1408/9500 (15%)]		Loss: 18.125 (17.993)		Time Dataloader: 0.002 (0.008)		Time Network: 23.169 (20.402)
Train Epoch: 20 [1472/9500 (15%)]		Loss: 17.795 (17.985)		Time Dataloader: 0.009 (0.008)		Time Network: 24.703 (20.581)
Train Epoch: 20 [1536/9500 (16%)]		Loss: 17.413 (17.962)		Time Dataloader: 0.003 (0.008)		Time Network: 23.149 (20.684)
Train Epoch: 20 [1600/9500 (17%)]		Loss: 17.959 (17.962)		Time Dataloader: 0.003 (0.007)		Time Network: 23.546 (20.794)
Train Epoch: 20 [1664/9500 (18%)]		Loss: 17.949 (17.961)		Time Dataloader: 0.010 (0.008)		Time Network: 23.550 (20.896)
Train Epoch: 20 [1728/9500 (18%)]		Loss: 18.104 (17.967)		Time Dataloader: 0.003 (0.007)		Time Network: 24.146 (21.012)
Train Epoch: 20 [1792/9500 (19%)]		Loss: 18.011 (17.968)		Time Dataloader: 0.003 (0.007)		Time Network: 23.161 (21.086)
Train Epoch: 20 [1856/9500 (20%)]		Loss: 18.118 (17.973)		Time Dataloader: 0.012 (0.007)		Time Network: 25.150 (21.222)
Train Epoch: 20 [1920/9500 (20%)]		Loss: 17.889 (17.970)		Time Dataloader: 0.005 (0.007)		Time Network: 23.203 (21.286)
Train Epoch: 20 [1984/9500 (21%)]		Loss: 18.107 (17.975)		Time Dataloader: 0.003 (0.007)		Time Network: 22.795 (21.333)
Train Epoch: 20 [2048/9500 (22%)]		Loss: 17.437 (17.958)		Time Dataloader: 0.003 (0.007)		Time Network: 23.030 (21.384)
Train Epoch: 20 [2112/9500 (22%)]		Loss: 17.873 (17.956)		Time Dataloader: 0.004 (0.007)		Time Network: 23.165 (21.437)
Train Epoch: 20 [2176/9500 (23%)]		Loss: 17.898 (17.954)		Time Dataloader: 0.003 (0.007)		Time Network: 22.100 (21.456)
Train Epoch: 20 [2240/9500 (24%)]		Loss: 18.427 (17.967)		Time Dataloader: 0.003 (0.007)		Time Network: 23.290 (21.506)
Train Epoch: 20 [2304/9500 (24%)]		Loss: 18.043 (17.969)		Time Dataloader: 0.002 (0.007)		Time Network: 22.746 (21.540)
Train Epoch: 20 [2368/9500 (25%)]		Loss: 18.149 (17.974)		Time Dataloader: 0.002 (0.006)		Time Network: 23.059 (21.580)
Train Epoch: 20 [2432/9500 (26%)]		Loss: 17.563 (17.964)		Time Dataloader: 0.002 (0.006)		Time Network: 22.143 (21.594)
Train Epoch: 20 [2496/9500 (26%)]		Loss: 18.229 (17.970)		Time Dataloader: 0.006 (0.006)		Time Network: 22.426 (21.615)
Train Epoch: 20 [2560/9500 (27%)]		Loss: 17.706 (17.964)		Time Dataloader: 0.003 (0.006)		Time Network: 22.084 (21.627)
Train Epoch: 20 [2624/9500 (28%)]		Loss: 18.036 (17.965)		Time Dataloader: 0.002 (0.006)		Time Network: 22.672 (21.652)
Train Epoch: 20 [2688/9500 (28%)]		Loss: 17.927 (17.965)		Time Dataloader: 0.003 (0.006)		Time Network: 23.728 (21.700)
Train Epoch: 20 [2752/9500 (29%)]		Loss: 18.142 (17.969)		Time Dataloader: 0.003 (0.006)		Time Network: 23.282 (21.736)
Train Epoch: 20 [2816/9500 (30%)]		Loss: 18.069 (17.971)		Time Dataloader: 0.002 (0.006)		Time Network: 23.485 (21.775)
Train Epoch: 20 [2880/9500 (30%)]		Loss: 17.841 (17.968)		Time Dataloader: 0.003 (0.006)		Time Network: 24.032 (21.824)
Train Epoch: 20 [2944/9500 (31%)]		Loss: 17.984 (17.968)		Time Dataloader: 0.003 (0.006)		Time Network: 8.864 (21.548)
Train Epoch: 20 [3008/9500 (32%)]		Loss: 17.484 (17.958)		Time Dataloader: 0.002 (0.006)		Time Network: 23.632 (21.591)
Train Epoch: 20 [3072/9500 (32%)]		Loss: 17.839 (17.956)		Time Dataloader: 0.002 (0.006)		Time Network: 24.027 (21.641)
Train Epoch: 20 [3136/9500 (33%)]		Loss: 18.423 (17.965)		Time Dataloader: 0.003 (0.006)		Time Network: 23.909 (21.686)
Train Epoch: 20 [3200/9500 (34%)]		Loss: 17.748 (17.961)		Time Dataloader: 0.003 (0.006)		Time Network: 23.165 (21.715)
Train Epoch: 20 [3264/9500 (34%)]		Loss: 17.642 (17.955)		Time Dataloader: 0.003 (0.005)		Time Network: 23.684 (21.753)
Train Epoch: 20 [3328/9500 (35%)]		Loss: 17.845 (17.953)		Time Dataloader: 0.002 (0.005)		Time Network: 24.026 (21.796)
Train Epoch: 20 [3392/9500 (36%)]		Loss: 18.055 (17.955)		Time Dataloader: 0.002 (0.005)		Time Network: 24.346 (21.843)
Train Epoch: 20 [3456/9500 (36%)]		Loss: 18.183 (17.959)		Time Dataloader: 0.011 (0.005)		Time Network: 23.693 (21.877)
Train Epoch: 20 [3520/9500 (37%)]		Loss: 17.671 (17.954)		Time Dataloader: 0.010 (0.006)		Time Network: 23.719 (21.910)
Train Epoch: 20 [3584/9500 (38%)]		Loss: 18.074 (17.956)		Time Dataloader: 0.004 (0.006)		Time Network: 8.693 (21.678)
Train Epoch: 20 [3648/9500 (38%)]		Loss: 17.701 (17.951)		Time Dataloader: 0.003 (0.005)		Time Network: 23.269 (21.705)
Train Epoch: 20 [3712/9500 (39%)]		Loss: 17.942 (17.951)		Time Dataloader: 0.003 (0.005)		Time Network: 23.048 (21.728)
Train Epoch: 20 [3776/9500 (40%)]		Loss: 18.620 (17.962)		Time Dataloader: 0.002 (0.005)		Time Network: 22.473 (21.741)
Train Epoch: 20 [3840/9500 (40%)]		Loss: 18.237 (17.967)		Time Dataloader: 0.002 (0.005)		Time Network: 22.228 (21.749)
Train Epoch: 20 [3904/9500 (41%)]		Loss: 17.820 (17.964)		Time Dataloader: 0.002 (0.005)		Time Network: 21.956 (21.752)
Train Epoch: 20 [3968/9500 (42%)]		Loss: 17.924 (17.964)		Time Dataloader: 0.003 (0.005)		Time Network: 21.811 (21.753)
Train Epoch: 20 [4032/9500 (42%)]		Loss: 17.810 (17.961)		Time Dataloader: 0.004 (0.005)		Time Network: 21.319 (21.746)
Train Epoch: 20 [4096/9500 (43%)]		Loss: 18.057 (17.963)		Time Dataloader: 0.002 (0.005)		Time Network: 21.210 (21.738)
Train Epoch: 20 [4160/9500 (44%)]		Loss: 18.013 (17.964)		Time Dataloader: 0.002 (0.005)		Time Network: 20.583 (21.720)
Train Epoch: 20 [4224/9500 (44%)]		Loss: 17.669 (17.959)		Time Dataloader: 0.002 (0.005)		Time Network: 20.289 (21.699)
Train Epoch: 20 [4288/9500 (45%)]		Loss: 17.661 (17.955)		Time Dataloader: 0.002 (0.005)		Time Network: 21.532 (21.697)
Train Epoch: 20 [4352/9500 (46%)]		Loss: 17.744 (17.952)		Time Dataloader: 0.002 (0.005)		Time Network: 21.107 (21.688)
Train Epoch: 20 [4416/9500 (46%)]		Loss: 18.000 (17.953)		Time Dataloader: 0.010 (0.005)		Time Network: 11.762 (21.546)
Train Epoch: 20 [4480/9500 (47%)]		Loss: 18.027 (17.954)		Time Dataloader: 0.003 (0.005)		Time Network: 20.423 (21.530)
Train Epoch: 20 [4544/9500 (48%)]		Loss: 17.744 (17.951)		Time Dataloader: 0.002 (0.005)		Time Network: 21.750 (21.533)
Train Epoch: 20 [4608/9500 (49%)]		Loss: 17.800 (17.949)		Time Dataloader: 0.002 (0.005)		Time Network: 20.783 (21.523)
Train Epoch: 20 [4672/9500 (49%)]		Loss: 18.140 (17.951)		Time Dataloader: 0.002 (0.005)		Time Network: 21.097 (21.517)
Train Epoch: 20 [4736/9500 (50%)]		Loss: 18.016 (17.952)		Time Dataloader: 0.005 (0.005)		Time Network: 21.204 (21.513)
Train Epoch: 20 [4800/9500 (51%)]		Loss: 18.063 (17.954)		Time Dataloader: 0.002 (0.005)		Time Network: 21.542 (21.514)
Train Epoch: 20 [4864/9500 (51%)]		Loss: 18.192 (17.957)		Time Dataloader: 0.002 (0.005)		Time Network: 21.245 (21.510)
Train Epoch: 20 [4928/9500 (52%)]		Loss: 18.193 (17.960)		Time Dataloader: 0.002 (0.005)		Time Network: 21.332 (21.508)
Train Epoch: 20 [4992/9500 (53%)]		Loss: 18.154 (17.962)		Time Dataloader: 0.003 (0.005)		Time Network: 20.613 (21.497)
Train Epoch: 20 [5056/9500 (53%)]		Loss: 18.051 (17.963)		Time Dataloader: 0.002 (0.005)		Time Network: 21.234 (21.493)
Train Epoch: 20 [5120/9500 (54%)]		Loss: 18.245 (17.967)		Time Dataloader: 0.003 (0.005)		Time Network: 4.211 (21.280)
Train Epoch: 20 [5184/9500 (55%)]		Loss: 17.689 (17.963)		Time Dataloader: 0.002 (0.005)		Time Network: 0.222 (21.023)
Train Epoch: 20 [5248/9500 (55%)]		Loss: 18.082 (17.965)		Time Dataloader: 0.003 (0.005)		Time Network: 2.531 (20.800)
Train Epoch: 20 [5312/9500 (56%)]		Loss: 18.512 (17.971)		Time Dataloader: 0.002 (0.005)		Time Network: 21.502 (20.809)
Train Epoch: 20 [5376/9500 (57%)]		Loss: 18.099 (17.973)		Time Dataloader: 0.003 (0.005)		Time Network: 21.507 (20.817)
Train Epoch: 20 [5440/9500 (57%)]		Loss: 18.166 (17.975)		Time Dataloader: 0.003 (0.005)		Time Network: 0.421 (20.580)
Train Epoch: 20 [5504/9500 (58%)]		Loss: 18.086 (17.976)		Time Dataloader: 0.003 (0.005)		Time Network: 23.213 (20.610)
Train Epoch: 20 [5568/9500 (59%)]		Loss: 18.185 (17.979)		Time Dataloader: 0.002 (0.005)		Time Network: 21.408 (20.619)
Train Epoch: 20 [5632/9500 (59%)]		Loss: 17.784 (17.976)		Time Dataloader: 0.002 (0.005)		Time Network: 20.404 (20.617)
Train Epoch: 20 [5696/9500 (60%)]		Loss: 18.119 (17.978)		Time Dataloader: 0.009 (0.005)		Time Network: 21.604 (20.628)
Train Epoch: 20 [5760/9500 (61%)]		Loss: 17.867 (17.977)		Time Dataloader: 0.007 (0.005)		Time Network: 20.846 (20.630)
Train Epoch: 20 [5824/9500 (61%)]		Loss: 17.959 (17.977)		Time Dataloader: 0.002 (0.005)		Time Network: 21.700 (20.642)
Train Epoch: 20 [5888/9500 (62%)]		Loss: 17.969 (17.977)		Time Dataloader: 0.002 (0.005)		Time Network: 21.039 (20.646)
Train Epoch: 20 [5952/9500 (63%)]		Loss: 18.067 (17.978)		Time Dataloader: 0.003 (0.005)		Time Network: 20.457 (20.644)
Train Epoch: 20 [6016/9500 (63%)]		Loss: 17.948 (17.977)		Time Dataloader: 0.003 (0.005)		Time Network: 20.517 (20.643)
Train Epoch: 20 [6080/9500 (64%)]		Loss: 18.460 (17.982)		Time Dataloader: 0.003 (0.004)		Time Network: 21.421 (20.651)
Train Epoch: 20 [6144/9500 (65%)]		Loss: 17.665 (17.979)		Time Dataloader: 0.004 (0.004)		Time Network: 22.031 (20.665)
Train Epoch: 20 [6208/9500 (65%)]		Loss: 17.922 (17.978)		Time Dataloader: 0.011 (0.005)		Time Network: 21.491 (20.673)
Train Epoch: 20 [6272/9500 (66%)]		Loss: 18.135 (17.980)		Time Dataloader: 0.002 (0.005)		Time Network: 1.141 (20.476)
Train Epoch: 20 [6336/9500 (67%)]		Loss: 17.850 (17.979)		Time Dataloader: 0.003 (0.005)		Time Network: 21.596 (20.487)
Train Epoch: 20 [6400/9500 (67%)]		Loss: 18.095 (17.980)		Time Dataloader: 0.002 (0.004)		Time Network: 21.515 (20.497)
Train Epoch: 20 [6464/9500 (68%)]		Loss: 18.031 (17.980)		Time Dataloader: 0.004 (0.004)		Time Network: 22.888 (20.521)
Train Epoch: 20 [6528/9500 (69%)]		Loss: 18.323 (17.984)		Time Dataloader: 0.002 (0.004)		Time Network: 21.488 (20.530)
Train Epoch: 20 [6592/9500 (69%)]		Loss: 18.285 (17.987)		Time Dataloader: 0.003 (0.004)		Time Network: 20.870 (20.533)
Train Epoch: 20 [6656/9500 (70%)]		Loss: 17.965 (17.986)		Time Dataloader: 0.003 (0.004)		Time Network: 20.514 (20.533)
Train Epoch: 20 [6720/9500 (71%)]		Loss: 18.098 (17.987)		Time Dataloader: 0.002 (0.004)		Time Network: 20.576 (20.534)
Train Epoch: 20 [6784/9500 (71%)]		Loss: 18.062 (17.988)		Time Dataloader: 0.003 (0.004)		Time Network: 21.074 (20.539)
Train Epoch: 20 [6848/9500 (72%)]		Loss: 18.031 (17.988)		Time Dataloader: 0.002 (0.004)		Time Network: 21.075 (20.544)
Train Epoch: 20 [6912/9500 (73%)]		Loss: 17.627 (17.985)		Time Dataloader: 0.002 (0.004)		Time Network: 21.669 (20.554)
Train Epoch: 20 [6976/9500 (73%)]		Loss: 18.331 (17.988)		Time Dataloader: 0.004 (0.004)		Time Network: 21.211 (20.560)
Train Epoch: 20 [7040/9500 (74%)]		Loss: 17.842 (17.987)		Time Dataloader: 0.002 (0.004)		Time Network: 21.802 (20.571)
Train Epoch: 20 [7104/9500 (75%)]		Loss: 18.279 (17.990)		Time Dataloader: 0.003 (0.004)		Time Network: 20.829 (20.573)
Train Epoch: 20 [7168/9500 (75%)]		Loss: 18.039 (17.990)		Time Dataloader: 0.002 (0.004)		Time Network: 21.945 (20.586)
Train Epoch: 20 [7232/9500 (76%)]		Loss: 18.393 (17.994)		Time Dataloader: 0.002 (0.004)		Time Network: 22.096 (20.599)
Train Epoch: 20 [7296/9500 (77%)]		Loss: 17.831 (17.992)		Time Dataloader: 0.007 (0.004)		Time Network: 21.562 (20.607)
Train Epoch: 20 [7360/9500 (77%)]		Loss: 18.089 (17.993)		Time Dataloader: 0.002 (0.004)		Time Network: 24.117 (20.638)
Train Epoch: 20 [7424/9500 (78%)]		Loss: 17.804 (17.991)		Time Dataloader: 0.003 (0.004)		Time Network: 22.040 (20.649)
Train Epoch: 20 [7488/9500 (79%)]		Loss: 18.016 (17.992)		Time Dataloader: 0.002 (0.004)		Time Network: 22.207 (20.663)
Train Epoch: 20 [7552/9500 (79%)]		Loss: 17.788 (17.990)		Time Dataloader: 0.003 (0.004)		Time Network: 21.261 (20.668)
Train Epoch: 20 [7616/9500 (80%)]		Loss: 17.522 (17.986)		Time Dataloader: 0.002 (0.004)		Time Network: 20.773 (20.669)
Train Epoch: 20 [7680/9500 (81%)]		Loss: 17.966 (17.986)		Time Dataloader: 0.002 (0.004)		Time Network: 17.901 (20.646)
Train Epoch: 20 [7744/9500 (82%)]		Loss: 17.841 (17.985)		Time Dataloader: 0.003 (0.004)		Time Network: 21.222 (20.650)
Train Epoch: 20 [7808/9500 (82%)]		Loss: 18.033 (17.985)		Time Dataloader: 0.009 (0.004)		Time Network: 21.801 (20.660)
Train Epoch: 20 [7872/9500 (83%)]		Loss: 17.991 (17.985)		Time Dataloader: 0.003 (0.004)		Time Network: 21.062 (20.663)
Train Epoch: 20 [7936/9500 (84%)]		Loss: 18.078 (17.986)		Time Dataloader: 0.002 (0.004)		Time Network: 21.299 (20.668)
Train Epoch: 20 [8000/9500 (84%)]		Loss: 17.580 (17.983)		Time Dataloader: 0.003 (0.004)		Time Network: 22.251 (20.681)
Train Epoch: 20 [8064/9500 (85%)]		Loss: 18.305 (17.985)		Time Dataloader: 0.003 (0.004)		Time Network: 23.180 (20.700)
Train Epoch: 20 [8128/9500 (86%)]		Loss: 18.214 (17.987)		Time Dataloader: 0.003 (0.004)		Time Network: 23.008 (20.718)
Train Epoch: 20 [8192/9500 (86%)]		Loss: 18.270 (17.989)		Time Dataloader: 0.003 (0.004)		Time Network: 23.370 (20.739)
Train Epoch: 20 [8256/9500 (87%)]		Loss: 17.671 (17.987)		Time Dataloader: 0.003 (0.004)		Time Network: 22.860 (20.755)
Train Epoch: 20 [8320/9500 (88%)]		Loss: 17.978 (17.987)		Time Dataloader: 0.002 (0.004)		Time Network: 21.667 (20.762)
Train Epoch: 20 [8384/9500 (88%)]		Loss: 17.608 (17.984)		Time Dataloader: 0.002 (0.004)		Time Network: 21.514 (20.768)
Train Epoch: 20 [8448/9500 (89%)]		Loss: 17.931 (17.983)		Time Dataloader: 0.002 (0.004)		Time Network: 21.868 (20.776)
Train Epoch: 20 [8512/9500 (90%)]		Loss: 18.046 (17.984)		Time Dataloader: 0.002 (0.004)		Time Network: 0.612 (20.626)
Train Epoch: 20 [8576/9500 (90%)]		Loss: 18.376 (17.987)		Time Dataloader: 0.003 (0.004)		Time Network: 0.139 (20.474)
Train Epoch: 20 [8640/9500 (91%)]		Loss: 17.969 (17.987)		Time Dataloader: 0.010 (0.004)		Time Network: 18.042 (20.456)
Train Epoch: 20 [8704/9500 (92%)]		Loss: 18.190 (17.988)		Time Dataloader: 0.003 (0.004)		Time Network: 21.782 (20.466)
Train Epoch: 20 [8768/9500 (92%)]		Loss: 17.871 (17.987)		Time Dataloader: 0.012 (0.004)		Time Network: 22.381 (20.480)
Train Epoch: 20 [8832/9500 (93%)]		Loss: 18.109 (17.988)		Time Dataloader: 0.002 (0.004)		Time Network: 21.386 (20.486)
Train Epoch: 20 [8896/9500 (94%)]		Loss: 18.097 (17.989)		Time Dataloader: 0.002 (0.004)		Time Network: 21.033 (20.490)
Train Epoch: 20 [8960/9500 (94%)]		Loss: 17.971 (17.989)		Time Dataloader: 0.002 (0.004)		Time Network: 21.494 (20.497)
Train Epoch: 20 [9024/9500 (95%)]		Loss: 17.985 (17.989)		Time Dataloader: 0.002 (0.004)		Time Network: 21.529 (20.504)
Train Epoch: 20 [9088/9500 (96%)]		Loss: 17.890 (17.988)		Time Dataloader: 0.004 (0.004)		Time Network: 16.668 (20.478)
Train Epoch: 20 [9152/9500 (96%)]		Loss: 17.735 (17.986)		Time Dataloader: 0.009 (0.004)		Time Network: 21.848 (20.487)
Train Epoch: 20 [9216/9500 (97%)]		Loss: 17.791 (17.985)		Time Dataloader: 0.002 (0.004)		Time Network: 18.551 (20.474)
Train Epoch: 20 [9280/9500 (98%)]		Loss: 17.998 (17.985)		Time Dataloader: 0.002 (0.004)		Time Network: 25.254 (20.507)
Train Epoch: 20 [9344/9500 (98%)]		Loss: 17.716 (17.983)		Time Dataloader: 0.002 (0.004)		Time Network: 23.848 (20.529)
Train Epoch: 20 [9408/9500 (99%)]		Loss: 17.811 (17.982)		Time Dataloader: 0.002 (0.004)		Time Network: 23.001 (20.546)
Train Epoch: 20 [9472/9500 (100%)]		Loss: 18.241 (17.983)		Time Dataloader: 0.003 (0.004)		Time Network: 20.549 (20.546)
Done. This took 51: 2 min.
Start testing epoch 20
Test Epoch: 20 [0/500 (0%)]		Loss: 17.970 (17.970)		Time Dataloader: 0.098 (0.098)		Time Network: 3.501 (3.501)
Test Epoch: 20 [64/500 (13%)]		Loss: 18.009 (17.990)		Time Dataloader: 0.001 (0.050)		Time Network: 3.418 (3.459)
Test Epoch: 20 [128/500 (26%)]		Loss: 18.183 (18.054)		Time Dataloader: 0.001 (0.034)		Time Network: 3.398 (3.439)
Test Epoch: 20 [192/500 (38%)]		Loss: 18.218 (18.095)		Time Dataloader: 0.001 (0.026)		Time Network: 3.386 (3.426)
Test Epoch: 20 [256/500 (51%)]		Loss: 18.300 (18.136)		Time Dataloader: 0.001 (0.021)		Time Network: 3.378 (3.416)
Test Epoch: 20 [320/500 (64%)]		Loss: 18.070 (18.125)		Time Dataloader: 0.003 (0.018)		Time Network: 3.484 (3.428)
Test Epoch: 20 [384/500 (77%)]		Loss: 18.136 (18.127)		Time Dataloader: 0.002 (0.016)		Time Network: 3.421 (3.427)
Test Epoch: 20 [448/500 (90%)]		Loss: 17.854 (18.098)		Time Dataloader: 0.009 (0.015)		Time Network: 3.373 (3.420)
Done. This took  0:27 min.
Saving model to training/model_latest.pt. Done.
Finished training epoch 20.

Stop run: Total epoch limit of 20 reached.
Training stage complete. Saving to training/model_stage_0.pt.
All training stages complete.
